-- phpMyAdmin SQL Dump
-- version 5.2.1
-- https://www.phpmyadmin.net/
--
-- Host: localhost
-- Generation Time: Jul 19, 2024 at 08:14 AM
-- Server version: 10.4.28-MariaDB
-- PHP Version: 8.1.17

SET SQL_MODE = "NO_AUTO_VALUE_ON_ZERO";
START TRANSACTION;
SET time_zone = "+00:00";


/*!40101 SET @OLD_CHARACTER_SET_CLIENT=@@CHARACTER_SET_CLIENT */;
/*!40101 SET @OLD_CHARACTER_SET_RESULTS=@@CHARACTER_SET_RESULTS */;
/*!40101 SET @OLD_COLLATION_CONNECTION=@@COLLATION_CONNECTION */;
/*!40101 SET NAMES utf8mb4 */;

--
-- Database: `yaprime`
--

-- --------------------------------------------------------

--
-- Table structure for table `blog`
--

CREATE TABLE `blog` (
  `id` int(11) NOT NULL,
  `blog_name` varchar(250) NOT NULL
) ENGINE=InnoDB DEFAULT CHARSET=utf8mb4 COLLATE=utf8mb4_general_ci;

--
-- Dumping data for table `blog`
--

INSERT INTO `blog` (`id`, `blog_name`) VALUES
(4, 'The Secret Formula for Starting Your Own Forex Trading Brokerage'),
(5, 'The Complete Forex Brokerage Business Plan Guide - YaPrime'),
(6, 'Why Start Your Forex Brokerage with The Best Forex Company in India'),
(7, 'Start a Profitable Forex Brokerage Firm with YaPrime Forex Brokerage Solutions');

-- --------------------------------------------------------

--
-- Table structure for table `blog_category`
--

CREATE TABLE `blog_category` (
  `id` int(11) NOT NULL,
  `category` varchar(255) NOT NULL
) ENGINE=InnoDB DEFAULT CHARSET=utf8mb4 COLLATE=utf8mb4_general_ci;

--
-- Dumping data for table `blog_category`
--

INSERT INTO `blog_category` (`id`, `category`) VALUES
(6, 'Forex'),
(7, 'Crypto');

-- --------------------------------------------------------

--
-- Table structure for table `blog_detail`
--

CREATE TABLE `blog_detail` (
  `id` int(11) NOT NULL,
  `slug` longtext NOT NULL,
  `title` varchar(255) NOT NULL,
  `keywords` varchar(255) NOT NULL,
  `meta_description` longtext NOT NULL,
  `blog_name` varchar(255) NOT NULL,
  `blog_image` varchar(255) NOT NULL,
  `blog_category` varchar(50) NOT NULL,
  `blog_author` varchar(50) NOT NULL,
  `blog_date` date NOT NULL,
  `blog_desc` longtext NOT NULL,
  `long_desc` longtext NOT NULL
) ENGINE=InnoDB DEFAULT CHARSET=utf8mb4 COLLATE=utf8mb4_general_ci;

--
-- Dumping data for table `blog_detail`
--

INSERT INTO `blog_detail` (`id`, `slug`, `title`, `keywords`, `meta_description`, `blog_name`, `blog_image`, `blog_category`, `blog_author`, `blog_date`, `blog_desc`, `long_desc`) VALUES
(4, 'start your own forex brokerage', 'start your own forex brokerage', 'start your own forex brokerage', 'If you are a forex trader, you have probably thought of starting your own forex brokerage.', 'The Secret Formula for Starting Your Own Forex Trading Brokerage', 'f999576fc86e65c3a32e7b8020bc7ee4.jpeg', 'Forex', 'Admin', '2023-10-23', '<p>If you are a forex trader, you have probably thought of starting your own forex brokerage. By starting your forex trading firm, you can do things your way and provide trading platforms how you want as a forex trader. But how do you do it? What is the secret formula to&nbsp;<a href=\"https://www.yaprime.com/\"><strong>start your own forex brokerage</strong>&nbsp;</a>firm? In this blog by YaPrime, the leading forex liquidity solutions provider, we will learn about the essential steps to help start your forex trading company.</p>\n', '<h4>What are the Benefits of Starting Your Forex Brokerage?</h4>\n\n<p>With your trading abilities, you can build a profitable venture, assist other professionals in achieving objectives, and better comprehend how Forex operates. Moreover, it has great potential for profits. These include spreads, various fees and commissions from your client traders.</p>\n\n<p>You will also take charge of your fate by starting your own brokerage. The focus has been on helping you develop a business that aligns with your ideals. You help others traverse the maze while setting yourself up as an expert and authority in this industry.</p>\n\n<p>Moreover, there are prospects for high income in brokerage. The bigger the client base, the more revenues you earn. Having the capacity to expand your company also implies that over time you&rsquo;ll be able to grow in profits greatly.</p>\n\n<h4>What are the Steps to Start Your Own Forex Brokerage?</h4>\n\n<p>The secret formula for starting your own forex brokerage starts with YaPrime. YaPrime is an all-around forex brokerage solutions provider. It provides the best forex liquidity solutions, white-label solutions, CRM and API integration, and many more. Through us, you get to experience the most effective steps of building your own forex firm, which are:</p>\n\n<ol>\n	<li><strong>Research and Market Analysis</strong>: The first steps in any business startup involves performing research and market analysis. Well-done research is the foundation of any forex brokerage firm. With YaPrime, you will get all the necessary tools to help you identify your target audience and market segment. With market research, you can better shape your product offerings and services.</li>\n	<li><strong>Building a Team</strong>: Recruit a team of forex enthusiasts you can trust and rely on. A reliable team can make the process significantly easy. A perfect team includes a compliance expert, an IT head, a marketer, a customer representative, and an expert on financial markets. YaPrime is your all-around partner in building your own forex brokerage.</li>\n	<li><strong>Developing a Website and Trading Platform</strong>: After laying down the foundation, now comes the time to build the actual product. Design your website and trading platform with the help of YaPrime. A website and a trading platform act as an entry point for your customers, so building them in a way that best represents your brand values is necessary.</li>\n	<li><strong>Marketing Your Brokerage</strong>: Develop a suitable marketing strategy for your forex brokerage. Mix and use different channels of marketing and select the combination that performs the best.</li>\n	<li><strong>Adapt and Improve</strong>: After the initial response from your traders, try to build and improve your existing trading infrastructure. Use advanced CRM to manage your customers, create end-to-end customer support, introduce new features, etc. With YaPrime, you get all the tools and resources to help you scale your business and reach new heights.</li>\n</ol>\n\n<h4>Start Your Own Forex Brokerage with YaPrime</h4>\n\n<p>To make it easy to start your own forex brokerage, YaPrime brings you the complete suite of bespoke forex brokerage solutions, which includes the best forex liquidity solutions, white-label solutions, website, app, and platform development, forex brokerage market solutions, and personal advisory so that you never stop in the journey of building your forex trading company.</p>\n'),
(5, 'forex liquidity provider', 'forex liquidity provider', 'forex liquidity provider', 'Forex brokerage is the business of facilitating currency trading for retail and institutional clients.', 'The Complete Forex Brokerage Business Plan Guide - YaPrime', 'f629fd9ddf0f8b7c6c2dfd8f4a4066a1.jpeg', 'Forex', 'Admin', '2023-10-30', '<h4>Introduction - Starting Your Own Forex Brokerage</h4>\n\n<p>Forex brokerage is the business of facilitating currency trading for retail and institutional clients. A Forex broker enables traders to buy and sell in forex market. This role involves offering trading platforms, market analysis, access to liquidity providers, and much more. In this guide by YaPrime, a leading&nbsp;<a href=\"https://yaprime.com\"><strong>forex liquidity provider</strong></a>, we will learn all about starting your own forex brokerage, explore the forex business plan, forex regulations, and forex business opportunities. Let&rsquo;s get started</p>\n', '<h4>Why Forex Brokerage?</h4>\r\n\r\n<p>Forex brokerage is an attractive business venture for several reasons. The Forex market is said to be the world&rsquo;s largest financial market with the most flexible liquidity; it has crossed a daily trading volume of more than $6 million. Additionally, it provides opportunities for traders to profit in both rising and falling markets, making it versatile and appealing to a wide range of investors.</p>\r\n\r\n<p>If you are looking to Start a Forex brokerage Firm, YaPrime is your partner in achieving your dream of your own Forex brokerage business. We provide the best forex liquidity and platform to build your own forex brokerage easily. Explore YaPrime to learn more about us.</p>\r\n\r\n<h4>The Forex Market Basics</h4>\r\n\r\n<p>The Forex market, also known as the foreign exchange market, is where the world&#39;s currencies are bought and sold. It is a decentralised market, meaning it has no central exchange or physical location. Instead, it operates electronically, 24 hours a day, across various financial centres worldwide, making it accessible to traders at almost any time.</p>\r\n\r\n<ol>\r\n	<li><strong>Currency Pairs</strong>: Currencies are quoted in pairs. The base currency is the first currency in a pair, and the quote currency is the second. The exchange rate indicates the amount of the quoted currency required to purchase one unit of the base currency. In the EUR/USD pair, for example, EUR is the base currency and USD is the quote currency. If the EUR/USD exchange rate is 1.1000, it means 1 euro can be exchanged for 1.1000 US dollars.</li>\r\n</ol>\r\n\r\n<h4>Forex Market Participants</h4>\r\n\r\n<p>The Forex market comprises various participants, including:</p>\r\n\r\n<ol>\r\n	<li><strong>Retail Traders</strong>: Individuals or small businesses who speculate on currency movements.</li>\r\n	<li><strong>Institutional Traders</strong>: Large financial institutions, such as banks and hedge funds, trade currencies on behalf of their clients.</li>\r\n	<li><strong>Central Banks</strong>: They engage in currency trading to stabilise their nation&#39;s currency and economy.</li>\r\n	<li><strong>Forex Brokers</strong>: These are the intermediaries, like you, who connect retail traders to the market.</li>\r\n</ol>\r\n\r\n<h4>Market Drivers</h4>\r\n\r\n<p>Understanding what drives currency movements is essential. Factors include:</p>\r\n\r\n<ol>\r\n	<li><strong>Economic Indicators</strong>: Data like GDP, employment figures, and inflation rates.</li>\r\n	<li><strong>Geopolitical Events</strong>: Political instability can influence currency values.</li>\r\n	<li><strong>Interest Rates</strong>: Higher rates can attract foreign capital, strengthening a currency.</li>\r\n	<li><strong>Market Sentiment</strong>: News, rumours, and speculation can drive market sentiment.</li>\r\n</ol>\r\n\r\n<h4>Trading Sessions</h4>\r\n\r\n<p>The Forex market operates 24 hours a day, but it&#39;s not always equally active. It&#39;s divided into three main trading sessions:</p>\r\n\r\n<ol>\r\n	<li><strong>Asian Session</strong>: Tokyo is the primary market in this session.</li>\r\n	<li><strong>European Session</strong>: London is the main financial hub.</li>\r\n	<li><strong>North American Session</strong>: New York dominates this session.</li>\r\n</ol>\r\n\r\n<p>These sessions overlap, ensuring that the market is active during most of the day.</p>\r\n\r\n<h4>Leverage and Margin</h4>\r\n\r\n<p>One of the most distinctive features of Forex trading is leverage. It enables traders to manage a huge position with a small quantity of capital. However, it&#39;s essential to understand that leverage magnifies both profits and losses, making risk management crucial.</p>\r\n\r\n<h4>Regulatory Requirements and Compliance</h4>\r\n\r\n<p>In the world of Forex brokerage, regulatory requirements and compliance are of utmost importance. This section will guide you through the complex landscape of regulations that govern the Forex industry.</p>\r\n\r\n<h5>Why Regulation Matters</h5>\r\n\r\n<p><strong>Regulation is crucial for several reasons:</strong></p>\r\n\r\n<ol>\r\n	<li><strong>Investor Protection</strong>: Regulations aim to protect traders and investors from fraudulent or unscrupulous practices. This instils confidence in the market.</li>\r\n	<li><strong>Market Integrity</strong>: Regulations ensure that the market functions fairly and transparently, preventing market manipulation and abuse.</li>\r\n	<li><strong>Market Integrity</strong>: Regulatory bodies monitor and maintain market stability, which is essential for long-term growth and investor trust.</li>\r\n</ol>\r\n\r\n<h4>Forex Regulatory Bodies</h4>\r\n\r\n<p>Regulatory oversight varies from one country to another, and often, multiple bodies oversee Forex activities. Some prominent regulatory bodies include:</p>\r\n\r\n<ol>\r\n	<li><strong>Financial Conduct Authority (FCA)</strong>: Regulates Forex brokers in the UK.</li>\r\n	<li><strong>Commodity Futures Trading Commission (CFTC)</strong>: Regulates Forex brokers in the United States.</li>\r\n	<li><strong>Cyprus Securities and Exchange Commission (CySEC)</strong>: Regulates Forex brokers in Cyprus, a popular destination for brokerage firms.</li>\r\n	<li><strong>Australian Securities and Investments Commission (ASIC)</strong>: Regulates Forex brokers in Australia.</li>\r\n</ol>\r\n\r\n<h4>Forex Brokerage Compliance Requirements</h4>\r\n\r\n<p>To meet regulatory standards, Forex brokerages must adhere to various compliance requirements, including:</p>\r\n\r\n<ol>\r\n	<li><strong>Capital Adequacy</strong>: Brokerages are often required to maintain a minimum amount of capital to ensure financial stability.</li>\r\n	<li><strong>Client Fund Protection</strong>: Segregating client funds from company funds is a common requirement to safeguard clients&#39; money.</li>\r\n	<li><strong>Anti-Money Laundering (AML)</strong>: Brokers must have AML procedures in place to prevent money laundering.</li>\r\n	<li><strong>Know Your Customer (KYC)</strong>: Verifying the identity of clients is essential to prevent identity theft and fraud.</li>\r\n	<li><strong>Risk Disclosure</strong>: Providing risk warnings to clients ensures they understand the potential risks of Forex trading.</li>\r\n	<li><strong>Trade Reporting</strong>: Brokers often need to report trading activity to regulatory authorities.</li>\r\n</ol>\r\n\r\n<h4>Cross-Border Regulations</h4>\r\n\r\n<p>If you plan to operate internationally, you&#39;ll need to navigate the complexities of cross-border regulations. This involves complying with the regulations of both your home country and the countries where you have clients.</p>\r\n\r\n<h4>The Role of Technology</h4>\r\n\r\n<p>Technology is the backbone of modern Forex trading. It affects every aspect of your brokerage, from trade execution to client management. This is how its important:</p>\r\n\r\n<ol>\r\n	<li><strong>Trading Infrastructure</strong>: Your trading servers and infrastructure need to be robust and reliable to ensure fast execution and minimal downtime.</li>\r\n	<li><strong>Trading Platforms</strong>: The user-friendly interface that traders use to access the market. MetaTrader 4 (MT4) and MetaTrader 5 (MT5) are some of the most popular trading platforms.</li>\r\n	<li><strong>Risk Management Tools</strong>: Technology provides tools to monitor and manage risk, including stop-loss and take-profit orders.</li>\r\n	<li><strong>Data Analysis</strong>: Big data and analytics help traders make informed decisions based on market trends.</li>\r\n</ol>\r\n\r\n<h4>How to Choose Trading Platforms for Your Forex Brokerage Firm?</h4>\r\n\r\n<p>Choosing the right forex trading platform is a critical decision for your brokerage. Here are some factors to consider:</p>\r\n\r\n<ol>\r\n	<li><strong>Customisation</strong>: Some platforms allow extensive customisation, which can help you create a unique trading experience for your clients.</li>\r\n	<li><strong>Compatibility</strong>: Ensure that the platform you choose is compatible with various devices, including desktops, smartphones, and tablets.</li>\r\n	<li><strong>Charting Tools</strong>: Rich charting features are essential for traders to perform technical analysis.</li>\r\n	<li><strong>Execution Speed</strong>: Fast execution of orders is crucial to retaining clients.</li>\r\n</ol>\r\n\r\n<h4>Forex Brokerage Business Models</h4>\r\n\r\n<p>Choosing the right business model is a pivotal decision for your Forex brokerage. This section will examine various business models and their implications.</p>\r\n\r\n<h5>Market Maker vs. ECN/STP</h5>\r\n\r\n<p>Market Maker: In this model, the broker acts as the counterparty to the client&#39;s trades. The broker sets its own prices and spreads and may take the opposite side of a client&#39;s trade. This model can offer more control over pricing but may raise concerns about conflicts of interest.</p>\r\n\r\n<h5>ECN/STP (Electronic Communication Network/Straight Through Processing)</h5>\r\n\r\n<p>Brokers operating under this model route client orders directly to the interbank market, offering transparency and potentially tighter spreads. The broker earns revenue from commissions. This model can enhance trust but requires advanced technology and strong liquidity provider relationships.</p>\r\n\r\n<h5>White Labeling and White-Label Solutions</h5>\r\n\r\n<p>A white-label Forex brokerage is one that partners with a larger broker to use its technology and liquidity. This model is quicker to set up and can reduce operational costs, but it may limit your branding and control over certain aspects of the business. YaPrime provides one-of-a-kind white-label solutions for your forex brokerage that you can implement by consulting our forex experts.</p>\r\n\r\n<h5>Hybrid Models</h5>\r\n\r\n<p>Some brokerages opt for hybrid models that combine elements of both market-making and ECN/STP. This approach allows flexibility in offering various account types to cater to different client preferences.</p>\r\n\r\n<h5>Technology Investment</h5>\r\n\r\n<p>The choice of business model often involves technology investment. ECN/STP models, for example, require substantial investments in trading infrastructure, liquidity providers, and server hosting. Market-making models may prioritise investment in pricing and risk management technology.</p>\r\n\r\n<h5>Regulatory Considerations</h5>\r\n\r\n<p>Your choice of business model can impact regulatory compliance requirements. It&#39;s essential to understand how your selected model aligns with the regulations in your target market.</p>\r\n\r\n<h4>Choosing Forex Liquidity Providers</h4>\r\n\r\n<p><strong>Forex Liquidity providers</strong>&nbsp;play a pivotal role in the operation of a Forex brokerage. In this section, we will explore what liquidity providers are and how to select the right ones for your business.</p>\r\n\r\n<h5>What Are Liquidity Providers?</h5>\r\n\r\n<p>Liquidity providers are financial institutions, typically large banks, financial companies, or even other brokerages like YaPrime, that offer access to a pool of assets for trading. These assets can include various currency pairs, commodities, and other financial instruments.</p>\r\n\r\n<h5>The Importance of Liquidity Providers</h5>\r\n\r\n<p>The quality and reliability of liquidity providers can significantly impact your brokerage. Here are some reasons why choosing the right liquidity providers is crucial:</p>\r\n\r\n<ol>\r\n	<li><strong>Trade Execution</strong>: High-quality liquidity providers, like YaPrime, offer faster trade execution and tighter spreads, which can attract more clients to your platform.</li>\r\n	<li><strong>Market Depth</strong>: A good liquidity provider provides access to deep and diverse markets, ensuring that your clients can trade various currency pairs and instruments.</li>\r\n	<li><strong>Pricing</strong>: The pricing offered by your liquidity providers influences your spreads and profitability. Competitive pricing can set you apart from other brokerages.</li>\r\n</ol>\r\n\r\n<p>To learn more about starting your forex business, contact YaPrime, your leading provider of forex brokerage solutions.</p>\r\n\r\n<h4>Partner with YaPrime and Build Your Own Forex Brokerage</h4>\r\n\r\n<p>YaPrime has an expert team of forex trading professionals who have extensive knowledge of running a successful forex brokerage company. We provide everything needed to build your forex company, from premium bespoke forex solutions, forex white label solutions, CRM and API integration solutions, and marketing services to personal forex advisors&nbsp;<a href=\"https://www.yaprime.com/\"><strong>forex business resources</strong>&nbsp;</a>, and more. With us, you can rule the forex industry and revolutionise the forex trading experience. Contact us today and get personalised forex brokerage solutions.</p>\r\n'),
(6, 'best forex company in india', 'best forex company in india', 'best forex company in india', 'The foreign exchange market is undoubtedly the world’s biggest financial market to invest in. ', 'Why Start Your Forex Brokerage with The Best Forex Company in India', '232cad19ec806188c02b300e2834e2bf.jpeg', 'Forex', 'Admin', '2023-11-21', '<p>The foreign exchange market is undoubtedly the world&rsquo;s biggest financial market to invest in. There are more than 10 million forex traders worldwide, providing a great opportunity for entrepreneurs to start their own forex brokerage and take it to the heights of the top forex brokerages. However, starting from scratch by yourself could require tremendous effort and resources. The easiest and the best way to start your own forex brokerage is to partner with the&nbsp;<a href=\"https://www.yaprime.com/\"><strong>Best Forex Company in India</strong></a>, YaPrime. We provide all the solutions and support needed to build a fully functional forex brokerage efficiently without extra cost. Keep reading to know why YaPrime is the best way to begin your journey as the Best Forex Brokers with MT4 Platform and other latest trading technologies.</p>\n', '<h4>The Importance of Partnering with the Best Forex Company in India</h4>\n\n<p>Selecting the right forex liquidity provider can make a lot of difference, especially when you are just starting out. The solutions and insights that YaPrime provides are put together to fulfill the unique requirements of starting a forex brokerage in India. Let&rsquo;s discuss some of the advantages of choosing the best forex company in India to start your brokerage:</p>\n\n<ol>\n	<li><strong>Helps to Establish Credibility and Trust</strong>: Partnering with a forex brokerage with a reputable and established forex company like YaPrime instantly improves your credibility in the eyes of your potential clients. By associating with a company with a proven track record of success and adhering to strict regulatory standards, you instill confidence in traders, encouraging them to entrust their financial decisions to your expertise.</li>\n	<li><strong>Access to Modern Tools and Resources</strong>: YaPrime invests heavily in developing and maintaining modern trading platforms, strong infrastructure, and advanced risk management tools. By partnering with us, you gain access to these sophisticated resources, enabling you to provide your clients with a seamless and secure trading experience.</li>\n	<li><strong>Complete Support and Guidance</strong>: YaPrime offers complete support and guidance to its partners, providing them with the necessary training, marketing materials, and customer support resources. This extensive support network ensures that you are well-equipped to handle all aspects of your Forex brokerage business, from onboarding new clients to resolving their queries and concerns, making you one of the<a href=\"https://www.yaprime.com/blog/forex-liquidity-provider\"><strong>&nbsp;Best Forex Brokers with MT4 platforms.</strong></a></li>\n	<li><strong>Helps in Legal Compliances</strong>: The forex market in India is subject to strict regulatory oversight, and complying with these regulations can be a complex and heavy task. By partnering with a leading forex company, YaPrime, you can access our expertise in forex legal compliances, ensuring that your business complies with all applicable laws and standards.</li>\n	<li><strong>Strong Reputation</strong>: When you partner with YaPrime, you benefit from our strong brand reputation and recognition in the industry. Clients often seek out brokers associated with trusted names in the industry, giving you a competitive edge in attracting and retaining clients.</li>\n</ol>\n\n<h4>Partner with YaPrime to Become the Best Forex Company in India</h4>\n\n<p>In conclusion, starting your own forex brokerage is a path filled with opportunities, challenges, risks, and potential for great success. But without the proper support and guidance from a competent forex brokerage solutions provider, your establishment may reach a pitfall. YaPrime is an industry leader in providing the best Forex brokerage solutions, including liquidity, trading platforms, white-label solutions, and a comprehensive support system to make your brokerage one of the Best Forex Brokers with MT4 Platform and the latest infrastructure. Contact us today to start your journey of becoming the top forex broker with YaPrime.</p>\n'),
(7, 'forex brokerage solutions', 'Forex Brokerage Solutions', 'forex brokerage solutions', 'Forex brokerage firms are a medium through which traders buy and sell global currencies, commodities, metals, and indices with the motivation of earning profits from the financial markets.', 'Start a Profitable Forex Brokerage Firm with YaPrime Forex Brokerage Solutions', 'f73a9d491573e89516b9302f41bb40c8.jpeg', 'Forex', 'Admin', '2023-12-04', '<p>Forex brokerage firms are a medium through which traders buy and sell global currencies, commodities, metals, and indices with the motivation of earning profits from the financial markets. The business model mainly relies on commissions, premiums, subscriptions, risk management, and wealth management services. There are also other highly profitable business models that provide a great opportunity to make forex brokerages successful in the long run, which you can explore by contacting our personal advisors. In this blog by YaPrime, the top provider of<a href=\"https://yaprime.com/\"><strong>&nbsp;Forex Brokerage Solutions</strong></a>, we will help you design a roadmap for your Forex brokerage with our premium and highly effective brokerage solutions and services. Let&rsquo;s begin.</p>\n', '<h4>The Perfect Roadmap For Starting a Forex Brokerage Firm</h4>\n\n<p>To<a href=\"https://www.yaprime.com/blog/start-your-own-forex-brokerage\">&nbsp;<strong>Start a Forex Brokerage Firm&nbsp;</strong></a>one requires a detailed and exhaustive roadmap that includes pre-incorporation, initiation, development, operations, promotion, lead generation, client management, and standard troubleshooting protocols. Without which any firm can face operational hindrances. With Yaprime&rsquo;s proven Forex Brokerage solutions you can avoid all sorts of obstacles and ensure the smooth functioning of your forex brokerage firm. Below is a brief overview of the most common roadmap for starting a forex brokerage firm, note that every brokerage is unique and based on the business objectives requires unique business plans and roadmaps, to get your personalized and unique forex brokerage business plan contact YaPrime today.</p>\n\n<p><strong>Sheer Dedication and Patience</strong>: This is an obvious prerequisite for starting any business and driving it toward success. As establishing a forex brokerage is a long road that requires complete caution, planning, and strategies, you have to be dedicated and show patience for your actions to be fruitful.</p>\n\n<h4>The Roadmap to a Profitable Brokerage Firm</h4>\n\n<ol>\n	<li>Market Research and Analysis</li>\n	<li>Formulating a Detailed Business Plan</li>\n	<li>Legal and Regulatory Compliance</li>\n	<li>Choosing an Optimal Business Model</li>\n	<li>Investing in Technology Infrastructure</li>\n	<li>Strategic Partnerships and Relationships</li>\n	<li>Building Brand Identity and Marketing Strategy</li>\n	<li>Developing an Exceptional Customer Support</li>\n	<li>Implementing Risk Management Protocols</li>\n	<li>Continuous Monitoring and Adaptation</li>\n	<li>Financial Management and Growth Strategy</li>\n	<li>Scaling the Business and Improving Services</li>\n</ol>\n\n<p>For a detailed explanation of each step, contact YaPrime, the leading&nbsp;<strong>Forex Brokerage Solutions</strong>&nbsp;provider today and get your personalized Forex brokerage business plan roadmap, support, and guidance.</p>\n\n<h4>Give Your Forex Brokerage Firm a Boost with YaPrime Forex Brokerage Solutions</h4>\n\n<p>YaPrime is an industry leader in providing comprehensive forex brokerage solutions including, trading platforms, white-label solutions, CRM and API integration services, forex liquidity stream, personal advisory services, business consultation, marketing, and many more. To turn your forex brokerage firm into a successful and profitable business venture, contact YaPrime today!</p>\n'),
(9, 'Forex Liquidity Providers', 'Forex Liquidity Providers', 'Forex Liquidity Providers', 'When starting a forex brokerage, the business owner has to overcome numerous challenging situations, which commonly include identifying the target market, designing a product roadmap', 'The Best Strategies to Attract and Retain Clients For Your Forex Brokerage Firm', 'b25bbf9285beda071835c56e3a4200b4.jpeg', 'Forex', 'YaPrime', '2023-12-11', '<p>When starting a forex brokerage, the business owner has to overcome numerous challenging situations, which commonly include identifying the target market, designing a product roadmap, developing positioning strategies, competitive pricing, and branding, for the sake of capturing the attention of the target audience and turning them into paying customers. The aspect of attracting and retaining traders for your forex brokerage firm is one of the most essential parts of product growth. In this blog by YaPrime, one of the most effective and bespoke <a href=\"https://www.yaprime.com/\"><strong>Forex Liquidity Providers</strong></a>&nbsp;we will discover some of the top strategies for attracting and retaining clients for your Forex brokerage firm with the support and guidance from YaPrime.</p>\r\n', '<p><strong>Analyze Your Positioning in the Market</strong></p>\n\n<p>To create a successful marketing strategy, you must start by analyzing your positioning in the market. This calls for an understanding of how your firm compares with its competitors and identification of your unique selling proposition (USP). The USP is what differentiates you from the competition and confers a competitive advantage.</p>\n\n<p>To analyze your positioning in the market, study your competitors. Their products or services, prices, promotional techniques and customer feedback should be analyzed. This will let you know where you can differentiate yourself and enhance your offerings.</p>\n\n<p>On the other hand, find out your USP. It may be something like better customer service or a specific product feature. Ensure to capture this in all of our marketing tools once we identify it as our USP. We could utilize YaPrime&rsquo;s <a href=\"https://www.yaprime.com/blog/start-your-own-forex-brokerage\"><strong>Best Forex Trading Platform MT4</strong></a> and MT5 that come with our white-label solutions and develop an ideal trading platform that is one of a kind.</p>\n\n<p>Once you know where you stand in relation to others and have identified what makes you special, it becomes easier to lay down a marketing plan that focuses on potential customers while distinguishing itself from others.</p>\n\n<p><strong>Make Use of Content Marketing: A Cost-Effective Tool</strong></p>\n\n<p>When it comes to attracting and retaining clients for your forex brokerage firm, content marketing can be a highly effective and cost-efficient tool. By creating valuable and informative content, you can establish your brand as a thought leader in the industry and build trust with potential and existing clients.</p>\n\n<p>To get started with content marketing, you can create blog posts, videos, infographics, and other types of content that provide insights and education on forex trading. You can also share this content on your website, social media channels, and email newsletters to reach a wider audience.</p>\n\n<p>The key to successful content marketing is to create content that is relevant and valuable to your target audience. This means understanding their pain points, challenges, and interests and creating content that addresses these issues.</p>\n\n<p>By investing in content marketing, you can attract new clients to your forex brokerage firm and retain existing ones by providing them with valuable information and insights that help them succeed in the forex market.</p>\n\n<p><strong>Optimise Your Digital Advertising Strategy</strong></p>\n\n<p>Digital advertising has become one of the most effective ways to reach your target audience and increase brand awareness. However, with so many businesses competing for attention online, it&#39;s essential to optimize your digital advertising model to ensure maximum ROI.&nbsp;</p>\n\n<p>Here are some optimization techniques that can help you get the most out of your digital advertising campaigns:</p>\n\n<p>1. Define your target audience</p>\n\n<p>2. Optimize your ad copy</p>\n\n<p>3. Test your ad creatives</p>\n\n<p>4. Use retargeting</p>\n\n<p>5. Monitor your campaign performance</p>\n\n<p>By implementing these optimization techniques, you can transform your digital advertising strategy and achieve better results. YaPrime, being one of the top emerging leaders as the premier forex liquidity provider, takes into consideration the unique aspects of your forex brokerage and builds a custom digital advertising plan that boosts your firm&#39;s reach tenfold.&nbsp;</p>\n\n<p><strong>Invest in the Education of Your Traders</strong></p>\n\n<p>Investing in your traders&#39; education is essential to maximize their trading success. It not only improves their skills and knowledge of the market but also boosts their confidence to make informed decisions. Providing regular educational opportunities such as training sessions, workshops, and mentorship programs can help your traders stay updated with the latest market trends and strategies. By investing in their education, you are investing in your company&#39;s future success, which can lead to increased profitability and growth. So, don&#39;t hesitate to take the initiative and invest in your traders&#39; education.</p>\n\n<p><strong>Develop Strategies to Keep Your Traders Engaged</strong></p>\n\n<p>Engaging traders is important for maintaining their interest in the market and keeping them active. Below are some tips to help you find the right activity for your traders:</p>\n\n<p>1. Host webinars</p>\n\n<p>2. Conduct trading competitions</p>\n\n<p>3. Offer bonuses and promotions</p>\n\n<p>4. Provide market analysis</p>\n\n<p>5. Create a community</p>\n\n<p>Implementing these strategies can keep your traders engaged and active, which can help improve your overall trading volume and profitability.</p>\n\n<p><strong>Maximizing Client Retention and Acquisition for Your Forex Brokerage Firm with YaPrime&#39;s Solutions</strong></p>\n\n<p><br />\nAttracting and retaining clients for your forex brokerage firm is a critical aspect of your business growth. With the support and guidance from YaPrime, one of the leading forex liquidity providers, you can implement these strategies and take your forex brokerage firm to the next level. So, contact YaPrime and let us help you attract and retain clients with our bespoke Forex Brokerage Solutions with the Best Forex Trading Platforms, MT4<strong> </strong>and MT5. Contact us now to learn more.</p>\n'),
(10, 'How to Become a Broker in Forex Trading', 'How to Become a Broker in Forex Trading', 'How to Become a Broker in Forex Trading', 'Forex trading is recognized as a decentralized global marketplace facilitating currency exchange and has attracted considerable attention due to its potential for large financial gains.', 'Know How to Become a Broker in Forex Trading with YaPrime? ', '19fba994fb05a4308b9ceb0b7d70735a.jpeg', 'Forex', 'YaPrime', '2023-12-18', '<p>Forex trading is recognized as a decentralized global marketplace facilitating currency exchange and has attracted considerable attention due to its potential for large financial gains. If you are looking to learn <a href=\"https://www.yaprime.com/\"><strong>How to Create Your Own Forex Broker</strong></a>,&nbsp;it is important to have a comprehensive understanding of the required steps. This blog by Yaprime, your partner in starting a forex brokerage firm aims to furnish a thorough elucidation of manoeuvring through this excellent business opportunity.</p>', '<p><strong>Essential Requirements for Becoming a Broker in Forex Trading</strong></p>\n\n<p></p>\n\n<p>Knowing<strong> <a href=\"https://www.yaprime.com/blog/forex-liquidity-provider\">How to Become a Broker in Forex Trading</a></strong><strong>&nbsp;</strong>requires careful consideration and planning. Several essential requirements must be met to ensure the success and longevity of the brokerage. YaPrime holds an exclusive gateway for individuals looking to create their own forex brokerage and facilitates each of the requirements conveniently, contact to know more in detail about starting your forex brokerage firm. Below are some of the essential requirements to build a successful forex brokerage:&nbsp;</p>\n\n\n\n<p><strong>1. Educational Prerequisites</strong></p>\n\n<p>Initiating a pursuit toward a profession as a Forex broker necessitates a strong grasp of financial markets. Prospective brokers conventionally pursue degrees in disciplines such as finance, economics, or affiliated fields. Nonetheless, reliance solely on academic qualifications might prove insufficient; a commitment to continuous learning and staying abreast of evolving market trends assumes equal importance.</p>\n\n<p><strong>2. Acquiring Licenses and Certifications&nbsp;</strong></p>\n\n<p>Regulatory entities, exemplified by the Securities and Exchange Commission (SEC) in the United States or the Financial Conduct Authority (FCA) in the UK, mandate brokers to secure specific licenses. YaPrime imposes its own set of prerequisites and certifications for aspiring brokers. Adherence to these regulatory benchmarks is imperative to ensure lawful and ethical operational conduct.</p>\n\n<p><strong>3. Accruing Practical Experience</strong></p>\n\n<p>Beyond formal education and certifications, practical hands-on experience holds immeasurable value. Aspiring brokers commonly commence their journey in entry-level roles within financial institutions or brokerage establishments. This phase serves as a foundational stepping stone, facilitating an understanding of market dynamics, trading platforms, risk mitigation, and client engagement dynamics.</p>\n\n<p><strong>4. Learning the Role of Technology&nbsp;</strong></p>\n\n\n<p>In the contemporary digital milieu, proficiency in trading software and technological advancements assumes indispensability. Brokers are expected to demonstrate adeptness in utilizing trading platforms, analyzing market data, and harnessing tools to facilitate informed decision-making. YaPrime offers custom training programs to acquaint prospective brokers with their proprietary systems.</p>\n\n<p><strong>5. Establishing a Clientele and Cultivating Networks&nbsp;</strong></p>\n\n<p>Proficient brokers excel not solely in financial acuity but also in interpersonal finesse. Establishing and nurturing a network of clients while maintaining robust relationships stands as pivotal. YaPrime provides resources or guidance on creating strategies for client acquisition, underscored by ethical practices and customer-centric approaches.</p>\n\n<p><strong>6. Sustained Professional Development</strong></p>\n\n<p>The Forex market, characterized by its dynamism and susceptibility to rapid fluctuations, necessitates a commitment to continuous learning and staying attuned to global economic events. YaPrime proffers forex brokerage resources, seminars, or workshops intended to aid brokers in remaining abreast of market shifts.</p>\n\n<p><strong>Contact YaPrime and Learn How to Become a Broker in Forex Trading</strong></p>\n\n<p>The journey to become a forex broker demands a multifaceted approach. This approach encompasses educational grounding, regulatory adherence, practical experience, technological proficiency, networking prowess, and an unwavering dedication to ongoing learning. By comprehensively assimilating these facets and with the expert consultation and guidance from Yaprime you can earnestly know the answer to How to Become a Broker in Forex Trading. For more details explore YaPrime or connect with our consultants today!</p>'),
(11, 'forex broker services', 'How to Become a Licensed Forex Trading Broker', 'forex broker services', 'Unlicensed brokers are generally avoided by traders due to concerns about their activities being illegal and insecure.', 'How to Become a Licensed Forex Trading Broker', 'ac061509d6cbdcc20ef03532c59d42f5.jpg', 'Forex', 'YaPrime', '2024-01-09', '<p>Forex brokers currently enjoy widespread popularity in the market. However, broker companies must possess a Forex license to engage in the legal processing of traders&#39; transactions. Unlicensed brokers are avoided by traders due to the perceived illegality and insecurity associated with their activities.</p>\r\n\r\n<p>Moreover, such broker entities may attract scrutiny from regulatory authorities. To circumvent regulatory issues and potential loss of clientele, Forex brokers must acquire a Forex license. In this blog by YaPrime, the leading provider of <a href=\"https://www.yaprime.com/\"><strong>forex broker services</strong></a>, we will discuss the procedure for becoming a licensed forex trader or broker.</p>\r\n', '<p><strong>Determining the Ideal Jurisdictions for a Forex License</strong></p>\r\n\r\n<p>An initial consideration for aspiring brokers to know <a href=\"https://www.yaprime.com/blog/how-to-become-a-broker-in-forex-trading\"><strong>how to become a licensed forex trading trader</strong>/broker</a> involves selecting a jurisdiction for business registration and broker license application. Based on factors such as Forex license costs, issuance duration, and the jurisdiction&#39;s reputation, countries can be categorized as follows:</p>\r\n\r\n<p><strong>Group A Countries:</strong> The United States and Switzerland. These jurisdictions, with their stringent requirements, provide access to high-profile clients. However, they are also the most expensive and demanding, with a minimum equity requirement of $20 million for a US Forex broker and a licensing timeframe of 1 to 2 years.</p>\r\n\r\n<p><strong>Group B Countries:</strong> Great Britain and Australia. These countries are less stringent regarding capital and account requirements. For instance, the UK mandates a minimum capital of $100 thousand, with a license issuance period of approximately 1 year, costing between $22 to $50 thousand.</p>\r\n\r\n<p><strong>Group C Countries:</strong> Cyprus, New Zealand, and Malta.&nbsp;</p>\r\n\r\n<p><strong>Group D Countries:</strong> Belize, British Virgin Islands, Cayman Islands, and Vanuatu. Forex brokers often favour C and D group countries due to their swift and cost-effective Forex license issuance.</p>\r\n\r\n<p>Vanuatu, in particular, is a preferred choice among Forex brokers. This jurisdiction boasts minimal capital requirements of $50 thousand, and the license issuance process typically takes only 2-3 months after the submission of all necessary documents.</p>\r\n\r\n<p><strong>The Forex Licensing Process: A Concise Checklist</strong></p>\r\n\r\n<p>Irrespective of jurisdiction, a concise checklist for obtaining a Forex license includes the following steps:</p>\r\n\r\n<p>1. Register a company.</p>\r\n\r\n<p>2. Prepare corporate documents.</p>\r\n\r\n<p>3. Pay state duties.</p>\r\n\r\n<p>4. Develop a business plan, AML/KYC policies, and other requisite documents.</p>\r\n\r\n<p>5. Complete and submit a Forex license application to the relevant authority.</p>\r\n\r\n<p>6. Establish a corporate bank account.</p>\r\n\r\n<p>7. Connect to a merchant account for processing bank payments.</p>\r\n\r\n<p>While specific documentation requirements may vary by jurisdiction, the overall procedure remains similar.</p>\r\n\r\n<p>Noteworthy is the Vanuatu Forex license, which is priced at $18 thousand and encompasses all checklist items. Vanuatu stands out as an optimal licensing choice for novice Forex brokers in 2020.</p>\r\n\r\n<p><strong>Supplementary Costs Associated with Obtaining a Forex License</strong></p>\r\n\r\n<p>In addition to the basic requirements, there are supplementary costs involved in acquiring a Forex license. These include:</p>\r\n\r\n<p>1. Accounting services.</p>\r\n\r\n<p>2. Virtual or physical office setup.</p>\r\n\r\n<p>3. Employment of salaried personnel.</p>\r\n\r\n<p>4. Addressing website formalities, including the creation of policies such as Terms of Use, Privacy Policy, and Cookies Policy, aligning with GDPR and payment system requirements.</p>\r\n\r\n<p><strong>YaPrime: The Leading Provider of Forex Broker Services</strong></p>\r\n\r\n<p>YaPrime, with its extensive knowledge of the forex market across various countries, is well-positioned to share its expertise. Why opt for YaPrime? We deliver comprehensive Forex broker services customised to the needs of Forex companies, considering factors such as legislative frameworks, budget constraints, residency, and other specifics. Contact us today.</p>\r\n'),
(12, 'Top Web Development Services', 'Top Web Development Services', 'Top Web Development Services', 'A user-friendly and dynamic online presence is no longer a mere luxury, it has become a necessity. ', 'Essential Websites Features Needed for a Forex Brokerage Firms | YaPrime Web Development Services', 'e97d81446f49cbc9fb844d41f67b08e0.jpg', 'Forex', 'YaPrime', '2024-01-16', '<p>In the dynamic realm of foreign exchange trading, your website serves as the pulse of your brokerage. A user-friendly and dynamic online presence is no longer a mere luxury, it has become a necessity. In this fast-paced industry, a website that can keep up with the demands and expectations of traders is key. So, let&#39;s roll up our sleeves and delve deeper into the must-have features that will boost your Forex brokerage website to the peak of success with YaPrime&rsquo;s <a href=\"https://www.yaprime.com/\"><strong>Top Web Development Services</strong></a></p>\r\n', '<p><strong>6 Must-Have Website Features for Your Brokerage Firm&nbsp;</strong></p>\r\n\r\n<p><strong>1. User-Friendly Design</strong></p>\r\n\r\n<p>Ever found yourself lost on a website that feels like navigating a maze? We understand the frustration, and YaPrime acknowledges it too. Your website should be as straightforward as reading a road sign. With a design that&#39;s both intuitive and easy on the eyes, traders &ndash; rookies and pros alike &ndash; can effortlessly find their way around. It&#39;s about keeping it simple for everyone. In the financial markets trading, simplicity equals accessibility.</p>\r\n\r\n<p><strong>2. Live &amp; Real-Time Charts</strong></p>\r\n\r\n<p>Imagine being in the heat of trading, where every second is crucial. YaPrime ensures you&#39;re equipped with live charts that mirror the market in real time. Analyze market trends like a seasoned professional, make swift decisions, and stay ahead of the game. Your success story starts with staying in sync with the market, and these live charts are your ticket to that success.</p>\r\n\r\n<p><strong>3. Fort Knox Security</strong></p>\r\n\r\n<p>In the vast and unpredictable landscape of the internet, security is your best ally. YaPrime doesn&#39;t just build websites; they fortify them. Your website is equipped with a fortress of security features, safeguarding your clients&#39; data and your firm&#39;s reputation. Sleep easy, knowing that your platform is a digital fortress against cyber outlaws. Security isn&#39;t just a feature; it&#39;s a promise.</p>\r\n\r\n<p><strong>4. Global Communication</strong></p>\r\n\r\n<p>Forex operates around the clock, and so does the global market. Understanding the significance of a global clientele, YaPrime ensures your platform speaks everyone&#39;s language. Multi-language support breaks down barriers, making your platform a global hub where traders feel at home, irrespective of their location. In the global marketplace, effective communication is not just an advantage &ndash; it&#39;s a necessity.</p>\r\n\r\n<p><strong>5. Account Management Feautre</strong></p>\r\n\r\n<p>Managing your forex affairs should be seamless. YaPrime puts the power in your hands with user-friendly account management. Keep tabs on your portfolio, track transactions, and manage your funds effortlessly. It&#39;s about transparency and giving you the keys to your financial kingdom. With YaPrime&#39;s account management system, overseeing your financial endeavours becomes not just efficient but enjoyable.</p>\r\n\r\n<p><strong>6. Education and Resources Section</strong></p>\r\n\r\n<p>In trading, knowledge is power. YaPrime injects your website with a wealth of trading wisdom, from tutorials to webinars and market analyses. Arm yourself with the know-how to make informed decisions. It&#39;s not just about trading; it&#39;s about trading smart. The educational resources provided by YaPrime empower traders to navigate the complexities of the market with confidence and proficiency.</p>\r\n\r\n<p><strong>Get the Most Affordable Web Development Services with YaPrime</strong></p>\r\n\r\n<p>Revolutionize your brokerage firm with a website that speaks the language of success. YaPrime&rsquo;s <strong><a href=\"https://www.yaprime.com/blog/start-your-own-forex-brokerage\">Affordable Web Development Services</a> </strong>don&rsquo;t just build websites; we craft platforms that propel you forward. By implementing these essential features, your Forex brokerage isn&#39;t just in the race &ndash; it&#39;s leading the pack. Get ready for a journey where your success story is the ultimate destination. With YaPrime by your side, the future of your Forex brokerage is one of unparalleled triumph and prosperity! Contact us today!</p>\r\n');
INSERT INTO `blog_detail` (`id`, `slug`, `title`, `keywords`, `meta_description`, `blog_name`, `blog_image`, `blog_category`, `blog_author`, `blog_date`, `blog_desc`, `long_desc`) VALUES
(14, 'Best Forex Trading Platform MT4', 'Best Forex Trading Platform MT4', 'Best Forex Trading Platform MT4', 'The foreign exchange market, with its vast potential and ever-shifting currents, is giving rise to ambitious entrepreneurs. But for those who dream of building their own brokerage,', 'Choosing The Best Forex Trading Platform MT4 for Your Brokerage Firm', 'fa86cc4b2435fbfb38fa9d6ff3a650f7.jpeg', 'Forex', 'Admin', '2024-04-09', '<p>The foreign exchange market, with its vast potential and ever-shifting currents, is giving rise to ambitious entrepreneurs. But for those who dream of building their own brokerage, the process can feel like an unknown world. One of the most important decisions you&#39;ll face is selecting the <a href=\"https://www.yaprime.com/\"><strong>Best Forex Trading Platform MT4</strong></a> &ndash; the cornerstone upon which your entire brokerage will be built.</p>\r\n', '<p><strong>The Trading Platform Conundrum: Striking a Balance</strong></p>\r\n\r\n<p>&nbsp;</p>\r\n\r\n<p>Choosing a trading platform goes beyond aesthetics. It&#39;s about finding a solution that offers a seamless user experience, rich functionality, and reliable connectivity. Here&#39;s why platform selection is so crucial:</p>\r\n\r\n<p>&nbsp;</p>\r\n\r\n<ul>\r\n	<li><strong>Client Onboarding and Retention: </strong>Your clients will spend countless hours interacting with your platform. A user-friendly interface with intuitive features is essential to attract and retain them.&nbsp;</li>\r\n</ul>\r\n\r\n<p>&nbsp;</p>\r\n\r\n<ul>\r\n	<li><strong>Feature-Rich Functionality:</strong>&nbsp; The platform should offer a wide range of features, including various order types, technical analysis tools, and charting capabilities, to cater to different trading styles.</li>\r\n</ul>\r\n\r\n<p>&nbsp;</p>\r\n\r\n<ul>\r\n	<li><strong>Strong Infrastructure:</strong>&nbsp; In the fast-paced world of forex, your platform needs to be rock-solid. Downtime or security breaches can damage client trust and cost you dearly.</li>\r\n</ul>\r\n\r\n<p>&nbsp;</p>\r\n\r\n<p><strong>What&rsquo;s Unique about the Meta Trader Platform?</strong></p>\r\n\r\n<p>&nbsp;</p>\r\n\r\n<p>Several trading platforms dominate the forex market. Among them, MetaTrader 4 (MT4) stands out for its:</p>\r\n\r\n<p>&nbsp;</p>\r\n\r\n<ul>\r\n	<li><strong>Market Penetration:&nbsp; </strong>MT4 is a highly established platform used by millions of traders worldwide. This brand recognition can be a significant advantage when attracting clients accustomed to its interface.</li>\r\n</ul>\r\n\r\n<p>&nbsp;</p>\r\n\r\n<ul>\r\n	<li><strong>Customization Capabilities: </strong>&nbsp;MT4 offers extensive customization options, allowing you to tailor the platform to your brand and integrate additional features to enhance the user experience.</li>\r\n</ul>\r\n\r\n<p>&nbsp;</p>\r\n\r\n<ul>\r\n	<li><strong>Automated Trading Potential: </strong>&nbsp;MT4 supports automated trading strategies (Expert Advisors), a popular feature among experienced traders looking to leverage algorithmic solutions.</li>\r\n</ul>\r\n\r\n<p>&nbsp;</p>\r\n\r\n<p><strong>YaPrime: Your Strategic Partner in Platform Configuration</strong></p>\r\n\r\n<p>&nbsp;</p>\r\n\r\n<p>At YaPrime, with our years of experience in the forex industry, we understand the importance of choosing the right platform. We offer a comprehensive solution that goes beyond just providing access to technology:</p>\r\n\r\n<p>&nbsp;</p>\r\n\r\n<ul>\r\n	<li><strong>Platform Expertise:</strong>&nbsp; Our team can guide you through the pros and cons of various platforms, including the ever-popular MT4, to help you find the perfect fit for your target audience and brokerage goals.</li>\r\n</ul>\r\n\r\n<p>&nbsp;</p>\r\n\r\n<ul>\r\n	<li><strong>Seamless Integration and Customization:</strong>&nbsp; We can seamlessly integrate your chosen platform with our liquidity providers and other solutions, ensuring smooth operation and a scalable infrastructure that grows with your business.&nbsp;</li>\r\n</ul>\r\n\r\n<p>&nbsp;</p>\r\n\r\n<ul>\r\n	<li><strong>24/7 Support:</strong>&nbsp; Our dedicated support team is available 24/7 to address any platform-related issues and ensure your clients have an uninterrupted trading experience.</li>\r\n</ul>\r\n\r\n<p>&nbsp;</p>\r\n\r\n<p><strong>Build Your Dream Brokerage on a Solid Foundation with YaPrime</strong></p>\r\n\r\n<p>&nbsp;</p>\r\n\r\n<p>By partnering with YaPrime, you can become the<strong> <a href=\"https://www.yaprime.com/blog/top-web-development-services\">best forex brokers with the mt4 platform</a></strong>.&nbsp; We&#39;ll equip you with the tools and expertise needed to build a user-friendly and reliable foundation for your forex brokerage. With YaPrime by your side, you can understand the complexities of platform selection and focus on what matters most &ndash; creating a profitable business in the dynamic world of currency markets. Contact YaPrime Today!</p>\r\n\r\n<p>&nbsp;</p>\r\n'),
(19, 'liquidity provider for a forex broker', 'Why Forex Brokers Shouldn\'t Settle for Average Liquidity Providers', 'liquidity provider for a forex broker', 'Imagine a Formula One race. Your car is highly tuned, and your driver is a champion, but your pit crew fumbles the tyre change. That\'s the potential pitfall forex brokers face with average liquidity providers. While your platform and client service might ', 'Why Forex Brokers Shouldn\'t Settle for Average Liquidity Providers', 'ed80512f1a03abde697892157b1b84f4.jpg', 'Forex', 'YaPrime', '2024-04-18', '<p>Imagine a Formula One race. Your car is highly tuned, and your driver is a champion, but your pit crew fumbles the tyre change. That&#39;s the potential pitfall forex brokers face with average liquidity providers. While your platform and client service might be excellent, sluggish execution and wide spreads can cost traders dearly. Here&#39;s why <strong><a href=\"https://yaprime.com\">top-tier liquidity providers</a> </strong><strong>&nbsp;</strong>are the only option for serious forex brokers.</p>\r\n', '<p><strong>The Domino Effect of Average Liquidity&nbsp;&nbsp;</strong></p>\r\n\r\n<ul>\r\n	<li><strong>Frustration and Missed Opportunities:&nbsp; </strong>Slow execution means orders take longer to fill, potentially leading to missed opportunities or unfavourable fills due to price movements. This frustrates traders and damages your brokerage&#39;s reputation.</li>\r\n	<li><strong>Higher Trading Costs: </strong>Wider spreads eat into your clients&#39; profits. While a few pips here and there might seem insignificant, they add up quickly for active traders, making your brokerage a less attractive option.</li>\r\n	<li><strong>Reduced Trading Volume: </strong>Inconsistent liquidity discourages active traders who rely on swift execution and tight spreads. This translates to lower trading volume and potentially less revenue for your brokerage.</li>\r\n</ul>\r\n\r\n<p>&nbsp;</p>\r\n\r\n<p><strong>The YaPrime Advantage: Providing Peak Performance&nbsp;&nbsp;</strong></p>\r\n\r\n<p>YaPrime acts as a<strong> <a href=\"https://www.yaprime.com/blog/best-forex-trading-platform-mt4\">liquidity provider for a forex broker</a></strong>&nbsp; and offers a comprehensive liquidity solution designed to elevate your forex brokerage to new heights. Here&#39;s how:</p>\r\n\r\n<ul>\r\n	<li><strong>Seamless Execution:</strong> Our deep order book, established through connections with leading financial institutions, ensures fast and reliable execution. Your clients&#39; orders get filled quickly, minimizing slippage and maximizing trading opportunities.</li>\r\n	<li><strong>Market-Leading Spreads:</strong> We consistently deliver some of the most competitive spreads in the market. This translates to lower trading costs for your clients, allowing them to keep more of their profits.&nbsp;</li>\r\n	<li><strong>Transparency and Reliability:</strong> Clear and fair pricing is our priority. Your clients can trade with confidence, knowing exactly what costs they incur.</li>\r\n	<li><strong>Advanced Technology:</strong> Our cutting-edge infrastructure minimizes latency and guarantees high-speed execution. This empowers your clients to react to market movements rapidly and capitalize on fleeting opportunities.<br />\r\n	&nbsp;</li>\r\n</ul>\r\n\r\n<p><strong>&nbsp;YaPrime: Your Investment in Success</strong></p>\r\n\r\n<p>Partnering with YaPrime isn&#39;t just about securing liquidity; it&#39;s an investment in your brokerage&#39;s success. Here&#39;s the return on your investment:</p>\r\n\r\n<ul>\r\n	<li><strong>Enhanced Client Satisfaction: </strong>Fast execution, tight spreads, and a transparent trading environment lead to happier and more loyal clients, boosting your brokerage&#39;s reputation.</li>\r\n	<li><strong>Increased Trading Activity: </strong>Competitive offerings attract active traders, leading to higher trading volume and potentially increased revenue.&nbsp;</li>\r\n	<li><strong>Focus on Your Core Business: </strong>By outsourcing liquidity to YaPrime, you free up resources to focus on client onboarding, marketing, and platform development.<br />\r\n	&nbsp;</li>\r\n</ul>\r\n\r\n<p><strong>Don&#39;t Settle for Average, Choose Excellence</strong></p>\r\n\r\n<p>In the competitive world of forex brokerage, the average simply isn&#39;t good enough. YaPrime provides the top-tier liquidity solutions you need to empower your clients and propel your business forward. Contact us today and discover the YaPrime difference.&nbsp;</p>\r\n\r\n<p>&nbsp;</p>\r\n'),
(23, 'best Forex liquidity', 'The Impact of Liquidity on Spreads and How YaPrime Delivers The Best Forex Liquidity', 'best Forex liquidity', 'The best Forex liquidity provider, enables brokers to offer their clients exceptionally tight spreads\n', 'The Impact of Liquidity on Spreads and How YaPrime Delivers The Best Forex Liquidity', 'b54bb97a3e420dae09df2ec210e3423d.jpg', 'Forex', 'YaPrime', '2024-05-09', '<p>The Forex market, the world&#39;s largest financial market with a daily turnover exceeding $7 trillion, thrives on constant movement and efficient execution. At the heart of this efficiency lies liquidity, a concept that directly impacts every trade placed by individuals and institutions. Understanding how liquidity affects spreads, and the cost of trading, is crucial for both Forex brokers and traders themselves. This article will explain the complex relationship between liquidity and spreads, and how YaPrime, the <a href=\"https://www.yaprime.com/\"><strong>best Forex liquidity </strong>provider</a>, enables brokers to offer their clients exceptionally tight spreads.</p>\r\n', '<p><strong>Liquidity: The Engine of Efficient Trading</strong></p>\r\n\r\n<p>Liquidity refers to the ease with which an asset can be bought and sold at a fair market price. In the context of Forex trading, it signifies the ability to enter and exit positions in a currency pair quickly and without significantly impacting the price. A highly liquid market boasts a large pool of participants, including banks, hedge funds, corporations, and individual traders. This abundance of buyers and sellers constantly vying for trades creates a dynamic environment where orders are readily filled, and prices reflect true market value.</p>\r\n\r\n<p><strong>The Spread: The Cost of Convenience</strong></p>\r\n\r\n<p>When trading a currency pair, you encounter two prices: the bid price (the price at which a dealer is willing to buy a currency pair from you) and the ask price (the price at which they are willing to sell it to you). The spread is the difference between these two prices and represents the cost of executing a trade. In essence, it&#39;s the broker&#39;s commission for facilitating the transaction.</p>\r\n\r\n<p><strong>The Liquidity-Spread Connection: A Symbiotic Relationship</strong></p>\r\n\r\n<p>The level of liquidity in a currency pair directly influences the spread. Here&#39;s how:</p>\r\n\r\n<p><strong>High Liquidity</strong></p>\r\n\r\n<p>Imagine a bustling marketplace filled with vendors and customers. In a highly liquid Forex market, numerous buyers and sellers are constantly competing for trades. This intense competition drives down the spread. With more participants vying for the best price, dealers are forced to offer tighter spreads to attract business. This translates to lower trading costs for Forex traders.</p>\r\n\r\n<p><strong>Low Liquidity</strong></p>\r\n\r\n<p>Conversely, a market with low liquidity resembles a deserted marketplace. Fewer participants result in a lack of competition. Dealers, facing less pressure to offer competitive prices, can widen the spread. This translates to higher trading costs for participants, potentially eroding potential profits.</p>\r\n\r\n<p><strong>The Impact of Tighter Spreads</strong></p>\r\n\r\n<p>Tight spreads benefit both Forex brokers and traders:</p>\r\n\r\n<ul>\r\n	<li><strong>For Brokers: </strong>Offering consistently tight spreads attracts and retains clients. It signifies a commitment to cost-effectiveness and a competitive trading environment.</li>\r\n	<li><strong>For Traders: </strong>Lower trading costs translate to increased potential profits. Tighter spreads allow traders to maximize their returns and implement more sophisticated trading strategies without incurring significant expenses.</li>\r\n</ul>\r\n\r\n<p><strong>YaPrime: Providing Tight Spreads Through Innovation</strong></p>\r\n\r\n<p>As a leading <a href=\"https://www.yaprime.com/blog/liquidity-provider-for-a-forex-broker\"><strong>India liquidity provider</strong></a>, YaPrime recognizes the importance of tight spreads for successful trading. We go beyond simply offering access to the market; we actively work to ensure our partners can provide their clients with the most competitive spreads possible. Here&#39;s how YaPrime achieves this:</p>\r\n\r\n<ol>\r\n	<li><strong>Deep Liquidity Pool:</strong> YaPrime boasts a vast and diverse liquidity pool, aggregating quotes from a multitude of reputable prime brokerage sources. This ensures a constant flow of buy and sell orders, fostering a highly liquid trading environment for our broker partners and their clients.</li>\r\n	<li><strong>Straight Through Processing (STP):&nbsp; </strong>We leverage Straight Through Processing (STP) technology, a system that routes client orders directly to our liquidity providers without dealer intervention. This eliminates potential markups on spreads, ensuring that brokers can offer their clients the most competitive prices available in the market.</li>\r\n	<li><strong>Advanced Algorithmic Execution: </strong>YaPrime employs sophisticated algorithms that execute trades with exceptional speed and efficiency. This minimizes slippage, the difference between the intended entry/exit price and the actual price achieved. By minimizing slippage, YaPrime contributes to even tighter spreads for our partner brokers&#39; clients.</li>\r\n</ol>\r\n\r\n<p><strong>Beyond Technology: Expertise Matters</strong></p>\r\n\r\n<p>YaPrime&#39;s commitment to tight spreads extends beyond advanced technology. Our team of experienced professionals possesses a deep understanding of the Forex market and its intricacies. This expertise allows us to:</p>\r\n\r\n<ul>\r\n	<li><strong>Proactively manage liquidity:&nbsp; </strong>We continuously monitor market conditions and adjust our liquidity pool allocation to ensure optimal levels for different currency pairs throughout the trading day.</li>\r\n	<li><strong>Negotiate on behalf of brokers:</strong> YaPrime leverages its strong relationships with prime brokers to negotiate the most competitive spreads for our partners. This translates into direct benefits for their clients.</li>\r\n</ul>\r\n\r\n<p><strong>Conclusion</strong></p>\r\n\r\n<p>Liquidity is the lifeblood of the Forex market, and tight spreads are the fuel that propels successful trading. YaPrime, through its commitment to deep liquidity, advanced technology, and market expertise, stands as a trusted partner for Forex brokers.&nbsp;<br />\r\nBy choosing YaPrime, the Best Forex Liquidity<strong> </strong>provider, brokers can equip themselves to offer their clients a cost-effective and competitive trading experience, paving the way for mutual success in the dynamic world of Forex trading. Contact YaPrime today for a consultation.</p>\r\n'),
(24, 'how to become a licensed forex trader', 'How to Become a Licensed Forex Trader with YaPrime?', 'How to Become a Licensed Forex Trader, forex,  white label brokerage platform, best forex brokers with mt4 platform', 'Obtaining a forex broker license is a vital step in this strategy, offering numerous benefits and solidifying your position in the marketplace\n', 'How to Become a Licensed Forex Trader with YaPrime?', 'f623c5363ddf0c2e0829a64f9d86535a.jpg', 'Forex', 'YaPrime', '2024-06-03', '<p>The dynamic world of forex trading thrives on a well-defined regulatory framework. As a forex broker, understanding these regulations and ensuring compliance is essential for operating legally, attracting clients, and fostering a secure trading environment. Obtaining a forex broker license is a vital step in this strategy, offering numerous benefits and solidifying your position in the marketplace. In this blog, we will clear the most important question in the mind of forex brokers, <strong><a href=\"https://www.yaprime.com/blog/best-forex-liquidity\">How to Become a Licensed Forex Trader</a>?</strong> Keep reading to learn all about broker licensing.&nbsp;</p>\r\n\r\n<p>&nbsp;</p>\r\n', '<p><strong>Why Does a Forex Broker License Matter?</strong></p>\r\n\r\n<p>The specifics vary by jurisdiction, but a forex broker license goes beyond simply being a piece of paper. It signifies your commitment to industry standards and adherence to regulatory requirements. Here&#39;s how a license strengthens your business:</p>\r\n\r\n<ol>\r\n	<li><strong>Compliance and Legality: </strong>A license demonstrates your legitimacy as a forex broker. It assures clients that they are entrusting their funds with a company operating within the legal framework, fostering trust and confidence. Regulatory compliance also protects your business from potential legal repercussions.</li>\r\n	<li><strong>Market Access:</strong> In some jurisdictions, a license may be a prerequisite for accessing specific liquidity providers or connecting with certain client segments. Holding a license broadens your reach and allows you to tap into a wider pool of potential clients.</li>\r\n	<li><strong>Credibility and Reputation:</strong> A license serves as a mark of professionalism and a commitment to responsible business practices. It enhances your reputation in the competitive forex market, attracting clients who value transparency and established standards.</li>\r\n	<li><strong>Stronger Brand Image:</strong> A license elevates your brand image, positioning your brokerage as a reliable and trustworthy partner. This can be a significant advantage in attracting institutional investors and high-net-worth individuals who seek a secure trading environment.</li>\r\n</ol>\r\n\r\n<p><strong>The Process of Obtaining a Forex Broker License</strong></p>\r\n\r\n<p>The process of obtaining a forex broker license can be intricate and involves several steps. Here&#39;s a breakdown to help you navigate the path:</p>\r\n\r\n<ol>\r\n	<li><strong>Research Local Regulations: </strong>Identify the relevant regulatory body in your target jurisdiction. Each country has its own regulatory framework, so it&#39;s crucial to thoroughly research their licensing requirements for forex brokers. Look for official websites, and legal documents, or contact the regulatory body directly for comprehensive information.</li>\r\n	<li><strong>Meet Eligibility Criteria: </strong>Regulatory bodies often establish specific eligibility criteria for obtaining a license. These may include:</li>\r\n	<li><strong>Minimum Capital Requirements: </strong>The regulatory body may stipulate a minimum amount of capital your brokerage must hold to ensure financial stability and protect client funds.</li>\r\n	<li><strong>Experience Requirements:</strong> Some jurisdictions may require you or key personnel within your brokerage to possess a certain level of experience or relevant qualifications in the financial services industry.</li>\r\n	<li><strong>Passing Exams:</strong> Regulatory bodies may require you or your designated personnel to pass specific exams demonstrating knowledge of forex trading regulations, risk management, and anti-money laundering (AML) practices.</li>\r\n	<li><strong>Complete Application Process:</strong> Once you understand the eligibility criteria, the next step is to gather the necessary documentation and complete the application process outlined by the regulatory body. This typically involves submitting a detailed business plan, financial statements, information on your management team, and proof of compliance with relevant regulations.</li>\r\n	<li><strong>Ongoing Compliance:</strong> A license isn&#39;t a one-time achievement. Most regulatory bodies require ongoing adherence to regulations. This may involve periodic audits, reporting of financial activities, and staying updated on any changes to the regulatory landscape.</li>\r\n</ol>\r\n\r\n<p><strong>Partnering with YaPrime for Success</strong></p>\r\n\r\n<p>YaPrime understands the complexities of forex broker licensing. As a leading liquidity provider with extensive experience in the market, we offer a deep understanding of the regulatory environment and can be a valuable resource throughout your licensing journey. Here&#39;s how we can support your success:</p>\r\n\r\n<ol>\r\n	<li><strong>Market Expertise:</strong> We possess a wealth of knowledge about different forex regulations across various jurisdictions. We can share insights and guide you towards the licensing requirements specific to your target market.</li>\r\n	<li><strong>Streamlined Onboarding:</strong> Our streamlined onboarding process ensures smooth integration with YaPrime&#39;s deep liquidity pool and advanced technology, empowering you to offer a competitive trading experience to your clients from day one.</li>\r\n	<li><strong>Ongoing Support:</strong> The regulatory landscape can evolve. YaPrime stays abreast of regulatory changes and can provide ongoing guidance to ensure your brokerage remains compliant.</li>\r\n</ol>\r\n\r\n<p><strong>YaPrime: Empowering Your Forex Brokerage Business</strong></p>\r\n\r\n<p>Obtaining a forex broker license is more than just a regulatory requirement; it&#39;s a strategic investment in your business, but the question arises <a href=\"https://www.yaprime.com/\">How to become a licensed forex trader</a>? By partnering with YaPrime, you get personalised consultation on licensing requirements and you gain access to our expertise, resources, and a comprehensive liquidity solution, allowing you to focus on growing your client base and building a successful forex brokerage.</p>\r\n\r\n<p>Contact YaPrime today to discuss your specific needs and explore how we can empower your journey in the forex market. Together, let&#39;s navigate the licensing landscape and open the full potential of your forex brokerage business.</p>\r\n\r\n<p>&nbsp;</p>\r\n'),
(26, 'best forex company', 'How to Get the Right Forex Broker Services & Liquidity Provider for Your Brokerage Firm?', 'forex broker services,  best forex company in india', '<p>We will talk about choosing the right <strong>Forex broker services</strong>&nbsp;and liquidity provider for starting your own Forex brokerage.</p>\r\n', 'How to Get the Right Forex Broker Services & Liquidity Provider for Your Brokerage Firm?', 'd761982a34081b2bcf3b6f0762ea8408.jpg', 'Forex', 'YaPrime', '2024-06-26', '<p>In this blog post, we will talk about choosing the right <a href=\"https://www.yaprime.com/\"><strong>Forex broker services</strong></a>&nbsp;and liquidity provider for starting your own Forex brokerage. If you&rsquo;re new to this, don&rsquo;t worry. YaPrime will guide you through the steps to ensure you make the best decisions for your business.</p>\r\n\r\n<p>&nbsp;</p>\r\n', '<p><strong>What is a Forex Broker Liquidity Provider?</strong></p>\n\n<p>A Forex broker or liquidity provider participates in the Foreign Exchange Market as a market maker. Their role is to ensure there is enough market activity to keep buying and selling prices stable.</p>\n\n<h3><strong>Types of Forex Market Players</strong></h3>\n\n<h5><strong>What is a Forex Broker Liquidity Provider?</strong></h5>\n\n<p>A Forex broker or liquidity provider participates in the Foreign Exchange Market as a market maker. Their role is to ensure there is enough market activity to keep buying and selling prices stable.</p>\n\n<h5><strong>Types of Forex Market Players</strong></h5>\n\n<p>Many different types of players contribute to market liquidity. These include businesses, governments, and individual traders. The large volume of transactions from these market players ensures high liquidity in the Forex market.</p>\n\n<h5><strong>Role of the Forex Broker</strong></h5>\n\n<p>Forex brokers take positions in currency pairs. They can either offset these positions with other market makers or add them to their own books to be liquidated later. This helps in stabilizing prices.</p>\n\n<p>If a broker decides to act as a liquidity provider, hiring an experienced consultant can greatly ease the process. Consultants, like YaPrime, can help set up your Forex brokerage and choose the right Forex broker liquidity provider for your needs.</p>\n\n<h3><strong>Different Types of Forex Brokers</strong></h3>\n\n<h5><strong>ECN and STP Networks</strong></h5>\n\n<p>Online Forex brokers often use ECN (Electronic Communications Network) and STP (Straight Through Processing) networks. These networks route transactions directly to primary and secondary liquidity providers.</p>\n\n<h5><strong>No Dealing Desk Brokers</strong></h5>\n\n<p>Some brokers operate on a no-dealing desk basis. This means all transactions are directly sent to Tier 1 secondary liquidity providers.</p>\n\n<h5><strong>Dealing Desk Brokers</strong></h5>\n\n<p>Dealing desk brokers offer liquidity by allowing clients to trade on their system. The broker takes the other side of the transactions and manages risk with professional counterparties.</p>\n\n<h5><strong>Understanding ECN Bridges</strong></h5>\n\n<p>When a broker connects to an ECN, they can select which orders are processed by the ECN. Orders from non-profitable traders may be routed to a B-book account. For more on B-book order management, check out my video on risk management techniques. The link is in the description.</p>\n\n<h4><strong>Services to Look For When Starting Your Own Forex Brokerage</strong></h4>\n\n<p>When choosing the&nbsp;<a href=\"https://www.yaprime.com/blog/how-to-become-a-licensed-forex-trader\"><strong>best Forex company in India</strong></a>&nbsp;or elsewhere, consider these important services:</p>\n\n<ul>\n	<li>White Label Solutions</li>\n	<li>Back Office Solutions</li>\n	<li>Statement Reporting</li>\n	<li>Connectivity to MT4 and MT5</li>\n	<li>24-Hour Support</li>\n	<li>Master and Sub-Account Management, etc.</li>\n</ul>\n\n<p>YaPrime, the best forex company, ensures you have the tools and support necessary to run your brokerage firm efficiently.</p>\n\n<h4><strong>Conclusion</strong></h4>\n\n<p>When starting your own Forex Brokerage firm, the right Forex broker services make all the difference. Look for brokers offering the right<strong>&nbsp;</strong>forex broker services&nbsp;&amp; comprehensive forex liquidity solutions that meet your needs. If you&#39;re thinking about diving into this business, YaPrime should be your first choice, because of the services and support we offer. Visit YaPrime for more information or contact us.</p>\n\n<p>By making informed decisions, you can build a successful Forex brokerage firm and thrive in the Forex market. Contact YaPrime today!</p>\n'),
(27, 'Forex brokerage solution', 'How to Become a Broker in Forex Trading in 2024: An In-Depth Manual', 'how to become a broker in forex trading', '<p>This comprehensive guide by YaPrime will walk you through <strong>how to become a broker in forex trading</strong> in 2024, detailing essential steps, costs, and the key factors for success.</p>\r\n\r\n<p>&nbsp;</p>\r\n', 'How to Become a Broker in Forex Trading in 2024: An In-Depth Manual', '1333ad7b986e4042fa907487a33bd962.jpg', 'Forex', 'YaPrime', '2024-06-27', '<p>The Forex market is vast and offers numerous participation opportunities. Whether you are an individual trader or an investor in trading projects, the possibilities are nearly endless. One lucrative avenue that many are exploring is opening a Forex broker company. This comprehensive guide by YaPrime will walk you through <a href=\"https://www.yaprime.com/\"><strong>how to become a broker in forex trading</strong></a> in 2024, detailing essential steps, costs, and the key factors for success.</p>\r\n\r\n<p><strong>How to Participate in the Forex Market and Earn?</strong></p>\r\n\r\n<p><strong>Individual Trader</strong></p>\r\n\r\n<p>Trading Forex as an individual is one of the most accessible ways to participate in the market. It involves buying and selling currencies to profit from fluctuating exchange rates.</p>\r\n\r\n<p><strong>Investor in Trading Projects</strong></p>\r\n\r\n<p>Another approach is to invest in various trading projects or platforms offering <a href=\"https://www.yaprime.com/blog/how-to-become-a-broker-in-forex-trading\"><strong>Forex brokerage solutions</strong></a>. This allows you to gain from the expertise of skilled traders without actively managing trades yourself.</p>\r\n\r\n<p><strong>IB Programs and Affiliate Marketing</strong></p>\r\n\r\n<p>Introducing Broker (IB) programs and affiliate marketing are also viable options. By providing forex marketing services for broker companies, you can earn commissions based on trades executed by the clients you bring in.</p>\r\n\r\n<p><strong>Opening a Forex Broker Company</strong></p>\r\n\r\n<p>The pinnacle of Forex market participation is launching your own Forex broker company, which entails a significant investment and expertise but offers the potential for substantial returns</p>\r\n\r\n<p>&nbsp;</p>\r\n', '<h3><strong>Changes in the Forex Broker Business (2022 vs 2024)</strong></h3>\r\n\r\n<p>The Forex brokerage landscape has evolved significantly since 2022. The industry&#39;s rapid growth continues to attract increasing interest from individuals and companies alike. These changes come with both challenges and opportunities, requiring a deep understanding of Forex brokerage solutions to succeed.</p>\r\n\r\n<h3><strong>Experience in Opening Forex Broker Companies</strong></h3>\r\n\r\n<p>Over the past years, YaPrime has gained considerable experience in helping businesses and associates start Forex broker companies. To provide the most accurate and up-to-date information, YaPrime has a team of professionals with many successful Forex broker company launches under their belt.</p>\r\n\r\n<h3><strong>Key Questions About Opening a Forex Broker Company</strong></h3>\r\n\r\n<h3><strong>Can You Open a Forex Broker Company in One Month?</strong></h3>\r\n\r\n<p>Yes, it is possible to establish a Forex broker company within a month if you opt for a basic setup. This typically includes company registration, a banking solution, a trading terminal, and a website to accept client requests. All of which you can easily avail by contacting YaPrime.</p>\r\n\r\n<h3><strong>How Much Will Setting up a Forex Brokerage Cost?</strong></h3>\r\n\r\n<p>A straightforward setup can cost between $40,000 and $50,000. This price includes the company registration, bank account, website, CRM system, and trading platform for the first three months. For more advanced setups, the cost and time required will increase based on the level of licensing and regulatory requirements. For more accurate costs contact YaPrime.</p>\r\n\r\n<h3><strong>What are the Potential Earnings from Forex Brokerage?</strong></h3>\r\n\r\n<p>Earnings can vary widely based on the company&#39;s size, trading volume, and the services offered. Engaging with Forex liquidity solutions and maintaining a competitive edge is critical for maximising profitability.</p>\r\n\r\n<h3><strong>What About White Label Solutions?</strong></h3>\r\n\r\n<p>The white label myth often stems from MetaQuotes&#39; MetaTrader platforms. While MT4 white labels are no longer available, MT5 remains dominant. Modern white-label solutions involve more comprehensive offerings, including market data, liquidity bridges, and CRM systems.</p>\r\n\r\n<h3><strong>Two Paths to Opening a Forex Broker Company</strong></h3>\r\n\r\n<p><strong>Experience-Based Approach</strong></p>\r\n\r\n<ol>\r\n	<li><strong>Start as a Trader:</strong> Begin by trading Forex independently.</li>\r\n	<li><strong>Build a Community:</strong> Network and form relationships within the trading community.</li>\r\n	<li><strong>Become an IB:</strong> Transition to being an Introducing Broker, leveraging your community for commissions.</li>\r\n	<li><strong>Transition to Professional IB:</strong> Expand your network and experience by collaborating with more brokers.</li>\r\n	<li><strong>Create Your Own Forex Broker Company:</strong> Utilize your accrued experience to establish a brokerage with the help of YaPrime.</li>\r\n</ol>\r\n\r\n<p><strong>Capital-Based Approach</strong></p>\r\n\r\n<ol>\r\n	<li><strong>gnificant Financial Resources:</strong> Start with substantial capital.</li>\r\n	<li><strong>Partnering with Professionals:</strong> Collaborate with YaPrime to ensure success. Choosing the right professionals can make or break your venture.</li>\r\n</ol>\r\n\r\n<p><strong>Basic Requirements for Opening a Forex Broker Company</strong></p>\r\n\r\n<ol>\r\n	<li><strong>Company Registration:&nbsp;</strong>Registering your company is the first step. Depending on your jurisdiction, this can take anywhere from a few days to a few months</li>\r\n	<li><strong>Banking Solution:&nbsp;</strong>Establishing a reliable banking solution is crucial for handling client funds and transactions.</li>\r\n	<li><strong>Trading Terminal:&nbsp;</strong>Obtaining a trading terminal like MetaTrader 5 (MT5) is essential for facilitating trades.</li>\r\n	<li><strong>Website:&nbsp;</strong>A functional website is necessary to accept client registrations and requests. It should be user-friendly and secure.</li>\r\n</ol>\r\n\r\n<p><strong>Timeframe for Opening a Forex Broker Company</strong><br />\r\nSimple setups can be achieved within a month, while more complex, licensed companies may take up to six months. The jurisdiction of your company also plays a significant role in the timeline.</p>\r\n\r\n<p><strong>Licensing and Regulation</strong></p>\r\n\r\n<p>Proper licensing is vital for credibility and legal compliance. It requires satisfying Know Your Customer (KYC) regulations and security deposit requirements, especially in reputable jurisdictions.</p>\r\n\r\n<p><strong>The White Label Myth</strong></p>\r\n\r\n<p>Originally, <strong>white-label solutions</strong> were associated with MetaTrader 4 and MetaTrader 5 platforms from MetaQuotes. However, due to the prevalence of scams, MT4 white labels are no longer available. Modern white-label solutions now encompass comprehensive offerings beyond just trading platforms.</p>\r\n\r\n<p><strong>MetaTrader 5 (MT5) Focus</strong></p>\r\n\r\n<p>MT5 remains the preferred choice for many brokers due to its robust features and widespread acceptance. While other trading terminals are available, none rival MT5&#39;s market dominance.</p>\r\n\r\n<p><strong>Modern White Label Solutions</strong></p>\r\n\r\n<p>Today&#39;s white-label solutions offer a ready-made package, including a website, CRM system, market data, and liquidity bridge, allowing for a more streamlined setup.</p>\r\n\r\n<p><strong>Cost Breakdown for Basic Forex Broker Setup</strong></p>\r\n\r\n<p>Setting up a basic Forex broker company typically costs between $40,000 and $50,000. This includes:</p>\r\n\r\n<ul>\r\n	<li>Company registration</li>\r\n	<li>Banking solution</li>\r\n	<li>Website</li>\r\n	<li>CRM system</li>\r\n	<li>Trading platform for the first three months</li>\r\n</ul>\r\n\r\n<p><strong>Timeline for Basic Setup</strong></p>\r\n\r\n<p>A simple setup can be completed within one month. However, this timeline can be extended based on the complexity of the services offered and the jurisdiction of the company.</p>\r\n\r\n<p><strong>Advanced Forex Broker Setup</strong></p>\r\n\r\n<p>For a more comprehensive and robust setup, expect higher costs and longer timelines. These setups offer better licensing, banking solutions, and payment service providers (PSPs), enhancing long-term success and profitability. Contact YaPrime to discuss all the cost-related queries and for more customised budget discussions.&nbsp;</p>\r\n\r\n<h3><strong>Competitive Landscape of Forex Brokerages</strong></h3>\r\n\r\n<p><strong>UAE Market</strong></p>\r\n\r\n<p>The UAE hosts over 300 Forex brokers, with fierce competition among them. Understanding the local market dynamics is essential for new entrants.</p>\r\n\r\n<p><strong>Global Market</strong></p>\r\n\r\n<p>Globally, the number of Forex brokers varies by region, and knowing the competitive landscape is crucial for strategic positioning.</p>\r\n\r\n<p><strong>Industry Growth</strong></p>\r\n\r\n<p>The Forex brokerage industry has seen a remarkable surge, with over 200 new companies established in the UAE alone in the past two years. This growth underscores the immense opportunities available.</p>\r\n\r\n<h3><strong>Success Factors for New Forex Brokers</strong></h3>\r\n\r\n<ol>\r\n	<li><strong>Importance of Experience:&nbsp;</strong>Experience in the Forex market is invaluable. Whether as a trader or an IB, understanding market operations and client behaviour is crucial.</li>\r\n	<li><strong>Value of Industry Connections:&nbsp;</strong>Networking with industry professionals can provide insights and opportunities that are otherwise inaccessible.</li>\r\n	<li><strong>Trader vs. IB Experience:&nbsp;</strong>Transitioning from a trader to a broker can be challenging without prior experience as an IB. The knowledge gained from working with other brokers provides a solid foundation for launching your own company.</li>\r\n	<li><strong>Importance of Partnerships:&nbsp;</strong>Selecting the right partners is pivotal. Collaborating with experienced companies like YaPrime can significantly enhance your project&#39;s success rate.</li>\r\n	<li><strong>Market Entry Timing:&nbsp;</strong>2024 presents a favourable year for entering the Forex brokerage market, provided you approach it with a well-thought-out strategy and the right partnerships.</li>\r\n	<li><strong>Unique Selling Proposition (USP):&nbsp;</strong>Bringing a unique offering to the market is essential for standing out. Whether through innovative technology or exceptional customer service, differentiation is key.</li>\r\n	<li><strong>Technology Considerations:&nbsp;</strong>Having the right tools isn&#39;t enough. Effective marketing and leveraging Forex liquidity solutions are critical for success.</li>\r\n	<li><strong>Brand Building:</strong>&nbsp;Competing with established brands is challenging. Developing a strong brand identity and reputation is essential for long-term success.</li>\r\n	<li><strong>Quality and Innovation:&nbsp;</strong>Balancing quality and innovation is crucial. Offering high-quality services and unique features can attract and retain clients.</li>\r\n	<li><strong>Customer Base Development:&nbsp;</strong>Building a loyal customer base requires strategic marketing and consistent engagement. Providing excellent service and innovative solutions can foster client loyalty.</li>\r\n	<li><strong>Professional Assistance:&nbsp;</strong>YaPrime specializes in helping new brokers navigate the complexities of establishing and running a Forex brokerage. Leveraging this expertise can be highly beneficial.</li>\r\n	<li><strong>Marketing Strategies for New Brokers:&nbsp;</strong>Effective marketing is vital for attracting clients. Differentiating your services in a crowded market requires strategic planning and execution.</li>\r\n	<li><strong>Forex Events and Networking:&nbsp;</strong>Attending industry events like the iFIX Forex Expo offers invaluable networking opportunities and insights into market trends and innovations.</li>\r\n	<li><strong>Future of Forex Brokerage:&nbsp;</strong>The Forex brokerage industry is continually evolving. Staying ahead of emerging trends and potential opportunities is crucial for long-term success.</li>\r\n	<li><strong>Regulatory Considerations:&nbsp;</strong>The regulatory landscape is ever-changing. Staying compliant with local and international regulations is essential for credibility and legal operation.</li>\r\n	<li><strong>Technology Integration:&nbsp;</strong>Utilizing the latest trading platforms and ensuring user-friendly interfaces can enhance client satisfaction and retention.</li>\r\n	<li><strong>Client Acquisition and Retention:&nbsp;</strong>Attracting and retaining clients requires a combination of effective marketing, excellent service, and strategic engagement.</li>\r\n	<li><strong>Risk Management for Brokers:&nbsp;</strong>Implementing robust risk management systems protects both the broker and the clients. Strategies should be in place to mitigate potential risks and ensure secure trading environments.</li>\r\n</ol>\r\n\r\n<h3><strong>Conclusion</strong></h3>\r\n\r\n<p>The Forex brokerage industry offers immense opportunities for those willing to invest time, money, and effort. Whether you take an experience-based or capital-based approach, partnering with industry professionals like YaPrime and leveraging cutting-edge <strong>Forex liquidity solutions</strong> from YaPrime, can set you on the path to success. With the right strategy and unique market offering, 2024 could be your year to shine in the Forex brokerage arena.</p>\r\n\r\n<p>&nbsp;</p>\r\n\r\n<p>&nbsp;</p>\r\n\r\n<p>&nbsp;</p>\r\n\r\n<p>&nbsp;</p>\r\n\r\n<p>&nbsp;</p>\r\n\r\n<p>&nbsp;</p>\r\n');

-- --------------------------------------------------------

--
-- Table structure for table `contact_us`
--

CREATE TABLE `contact_us` (
  `id` int(11) NOT NULL,
  `name` varchar(250) NOT NULL,
  `email` varchar(250) NOT NULL,
  `phone_number` varchar(30) NOT NULL,
  `location` varchar(200) NOT NULL,
  `message` longtext NOT NULL
) ENGINE=InnoDB DEFAULT CHARSET=utf8mb4 COLLATE=utf8mb4_general_ci;

--
-- Dumping data for table `contact_us`
--

INSERT INTO `contact_us` (`id`, `name`, `email`, `phone_number`, `location`, `message`) VALUES
(10, 'test', 'xyz@gmail.com', '7445474611', 'India', 'Test'),
(11, 'Siraj Ali Dudekula ', 'sirajalidudekula306@gmail.com', '9603129731', 'Hyderabad ', 'Account Accessible Recovery '),
(12, 'Priya CDS', 'priya@alphacds.com', '7892589927', 'Bangalore', 'Hello,\r\n\r\nI understand that your company will be exhibiting at MONEY EXPO INDIA 2024, Are you interested in our fabrication and design services for your exhibition stall?\r\n\r\nLocation: JIO WORLD CONVENTION CENTRE , MUMBAI , INDIA   \r\nDate: 17-18 AUGUST 2024\r\n\r\nWe specialize in crafting space-efficient stalls that enhance your event presence through cutting-edge design and premium materials. Our comprehensive services encompass detailed consultation, creative design, precise fabrication, seamless installation, and efficient dismantling.\r\n\r\nIf you\'re interested, I can share more samples of our fabrication and design services, including the associated costs.\r\n\r\nLooking forward to your response.\r\n\r\nBest regards,\r\nPriya\r\nMarketing team'),
(13, 'vaibhavi ', 'yavaibhavi@gmail.com', '33444433', 'dubai', 'sFGsgGSD');

-- --------------------------------------------------------

--
-- Table structure for table `partners`
--

CREATE TABLE `partners` (
  `id` int(11) NOT NULL,
  `name` varchar(250) NOT NULL
) ENGINE=InnoDB DEFAULT CHARSET=utf8mb4 COLLATE=utf8mb4_general_ci;

-- --------------------------------------------------------

--
-- Table structure for table `partners_image`
--

CREATE TABLE `partners_image` (
  `id` int(11) NOT NULL,
  `partners_name` varchar(250) NOT NULL,
  `partners_image` varchar(250) NOT NULL
) ENGINE=InnoDB DEFAULT CHARSET=utf8mb4 COLLATE=utf8mb4_general_ci;

-- --------------------------------------------------------

--
-- Table structure for table `pricing`
--

CREATE TABLE `pricing` (
  `id` int(11) NOT NULL,
  `name` varchar(250) NOT NULL,
  `description` varchar(250) NOT NULL,
  `price` varchar(50) NOT NULL
) ENGINE=InnoDB DEFAULT CHARSET=utf8mb4 COLLATE=utf8mb4_general_ci;

--
-- Dumping data for table `pricing`
--

INSERT INTO `pricing` (`id`, `name`, `description`, `price`) VALUES
(1, 'Ya Prime', 'Designed for aspiring Forex <br> brokers.', '25,000'),
(2, 'Prime VIP', 'For experienced brokers seeking excellence.', '50,000'),
(3, 'Prime VVIP', 'Ideal for brokers looking to start strong', '1,00,000');

-- --------------------------------------------------------

--
-- Table structure for table `pricing_features`
--

CREATE TABLE `pricing_features` (
  `id` int(11) NOT NULL,
  `pricing_id` varchar(30) NOT NULL,
  `features` varchar(250) NOT NULL,
  `features_available` varchar(10) NOT NULL
) ENGINE=InnoDB DEFAULT CHARSET=utf8mb4 COLLATE=utf8mb4_general_ci;

--
-- Dumping data for table `pricing_features`
--

INSERT INTO `pricing_features` (`id`, `pricing_id`, `features`, `features_available`) VALUES
(1, '1', 'One time setup fee: $6000', 'Yes'),
(2, '1', 'Groups + Manager + Symbols: 4+2+600', 'Yes'),
(3, '1', 'Trader software: MT4 branded', 'Yes'),
(4, '1', 'Mobile & web terminal: Optional', 'Yes'),
(5, '1', 'Web API', 'No'),
(6, '1', 'Forex CRM', 'No'),
(7, '1', 'Wordpress website', 'No'),
(8, '1', 'MAM plugin', 'No'),
(9, '1', 'Bonus plugin', 'No'),
(10, '1', 'Extended dealer', 'No'),
(11, '1', 'Multi-level IB', 'No'),
(12, '1', 'Mobile manager', 'No'),
(13, '1', 'Liquidity manager', 'No'),
(14, '1', 'Fix API manager', 'No'),
(15, '2', 'One time setup fee: $6000', 'Yes'),
(16, '2', 'Groups + Manager + Symbols: 4+2+600', 'Yes'),
(17, '2', 'Trader software: MT4 branded', 'Yes'),
(18, '2', 'Mobile & web terminal: Optional', 'Yes'),
(19, '2', 'Web API', 'Yes'),
(20, '2', 'Forex CRM', 'Yes'),
(21, '2', 'Wordpress website', 'No'),
(22, '2', 'MAM plugin', 'No'),
(23, '2', 'Bonus plugin', 'Yes'),
(24, '2', 'Extended dealer', 'Yes'),
(25, '2', 'Multi-level IB', 'Yes'),
(26, '2', 'Mobile manager', 'No'),
(27, '2', 'Liquidity manager', 'Yes'),
(28, '2', 'Fix API manager', 'No'),
(29, '3', 'One time setup fee: $6000', 'Yes'),
(30, '3', 'Groups + Manager + Symbols: 4+2+600', 'Yes'),
(31, '3', 'Trader software: MT4 branded', 'Yes'),
(32, '3', 'Mobile & web terminal: Optional', 'Yes'),
(33, '3', 'Web API', 'Yes'),
(34, '3', 'Forex CRM', 'Yes'),
(35, '3', 'Wordpress website', 'Yes'),
(36, '3', 'MAM plugin', 'Yes'),
(37, '3', 'Bonus plugin', 'Yes'),
(38, '3', 'Extended dealer', 'Yes'),
(39, '3', 'Multi-level IB', 'Yes'),
(40, '3', 'Mobile manager', 'Yes'),
(41, '3', 'Liquidity manager', 'Yes'),
(42, '3', 'Fix API manager', '');

-- --------------------------------------------------------

--
-- Table structure for table `request_demo`
--

CREATE TABLE `request_demo` (
  `id` int(11) NOT NULL,
  `name` varchar(250) NOT NULL,
  `email` varchar(250) NOT NULL,
  `contact_number` varchar(12) NOT NULL,
  `country` varchar(250) NOT NULL,
  `message` longtext NOT NULL
) ENGINE=InnoDB DEFAULT CHARSET=utf8mb4 COLLATE=utf8mb4_general_ci;

--
-- Dumping data for table `request_demo`
--

INSERT INTO `request_demo` (`id`, `name`, `email`, `contact_number`, `country`, `message`) VALUES
(1, 'aakanksha', 'aakanksha@gmail.com', '1111111111', 'delhi', 'fghj'),
(2, 'aakanksha', 'aakanksha@fxcareers.com', '1234567890', 'delhi', 'ds dscz'),
(3, 'Lily', 'lily@gmail.com', '1234567888', 'India', 'Huh nuhi nihi hijinks ninja '),
(4, 'sorgelakhanakp9z5+2nucqkn8h3aq@gmail.com', 'sorgelakhanakp9z5+2nucqkn8h3aq@gmail.com', 'sorgelakhana', 'sorgelakhanakp9z5+2nucqkn8h3aq@gmail.com', 'et voluptates cumque a aliquam recusandae quisquam debitis. dolorum qui sit quos quaerat quaerat maiores necessitatibus cum. dolorem magni et vitae saepe voluptatem tempore quibusdam quia sequi porro '),
(5, 'sorgelakhanakp9z5+2nucqkn8h3aq@gmail.com', 'sorgelakhanakp9z5+2nucqkn8h3aq@gmail.com', 'sorgelakhana', 'sorgelakhanakp9z5+2nucqkn8h3aq@gmail.com', 'beatae aperiam quae et quam voluptatum voluptatem nam vel enim amet aliquid perspiciatis. assumenda sint dolores et aut magnam quidem ratione. '),
(6, 'AmandaRullyRibb', 'amandascookec@gmail.com', '8721666338', 'Cambodia', 'Hey darling, want to hang out? -  http://surl.li/ulebc?ensurge'),
(7, 'miketind', 'pr.osp.er.i.ty.t.he.moneyuspen@gmail.com\r\n', '8412533673', 'Great Britain', 'Don\'t think, do it! Earn up to $500 per day and give yourself the opportunity to be a real winner!\r\n - https://rb.gy/9fznxm?kavy1Lak'),
(8, 'Mike Attwood\r\n', 'mikeNofinomfor@gmail.com', '8899287139', 'Taiwan', 'Hi there, \r\n \r\nWhile checking your yaprime.com for its ranks, I have noticed that there are some toxic links pointing towards it. \r\n \r\nGrab your free clean up and improve ranks in no time \r\nhttps://www.hilkom-seo.com/free-links-cleanup/ \r\n \r\nIt really works, get a free backlinks clean up with us today \r\n \r\n \r\nRegards \r\nMike Attwood\r\n \r\nWhatsapp: https://www.hilkom-seo.com/whatsapp-us/'),
(9, 'Mike Lawman\r\n', 'mikeNofinomfor@gmail.com', '8721474811', 'Taiwan', 'Hi there, \r\n \r\nWhile checking your yaprime.com for its ranks, I have noticed that there are some toxic links pointing towards it. \r\n \r\nGrab your free clean up and improve ranks in no time \r\nhttps://www.hilkom-seo.com/free-links-cleanup/ \r\n \r\nIt really works, get a free backlinks clean up with us today \r\n \r\n \r\nRegards \r\nMike Lawman\r\n \r\nWhatsapp: https://www.hilkom-seo.com/whatsapp-us/'),
(10, 'Mike Macey\r\n', 'mikeneoncob@gmail.com', '8977125542', 'Netherlands Antilles', 'Hi there, \r\n \r\nMy name is Mike from Monkey Digital, \r\n \r\nAllow me to present to you a lifetime revenue opportunity of 35% \r\nThat\'s right, you can earn 35% of every order made by your affiliate for life. \r\n \r\nSimply register with us, generate your affiliate links, and incorporate them on your website, and you are done. It takes only 5 minutes to set up everything, and the payouts are sent each month. \r\n \r\nClick here to enroll with us today: \r\nhttps://www.monkey-seo.org/affiliates/ \r\n \r\nThink about it, \r\nEvery website owner requires the use of search engine optimization (SEO) for their website. This endeavor holds significant potential for both parties involved. \r\n \r\nThanks and regards \r\nMike Macey\r\n \r\nMonkey Digital \r\nhttps://www.monkey-seo.org/whatsapp-affiliates/'),
(11, 'Mike Crossman\r\n', 'mikeneoncob@gmail.com', '8548162136', 'Netherlands Antilles', 'Hi there, \r\n \r\nMy name is Mike from Monkey Digital, \r\n \r\nAllow me to present to you a lifetime revenue opportunity of 35% \r\nThat\'s right, you can earn 35% of every order made by your affiliate for life. \r\n \r\nSimply register with us, generate your affiliate links, and incorporate them on your website, and you are done. It takes only 5 minutes to set up everything, and the payouts are sent each month. \r\n \r\nClick here to enroll with us today: \r\nhttps://www.monkey-seo.org/affiliates/ \r\n \r\nThink about it, \r\nEvery website owner requires the use of search engine optimization (SEO) for their website. This endeavor holds significant potential for both parties involved. \r\n \r\nThanks and regards \r\nMike Crossman\r\n \r\nMonkey Digital \r\nhttps://www.monkey-seo.org/whatsapp-affiliates/'),
(12, 'Mike Watson\r\n', 'mikeNofinomfor@gmail.com', '8717786994', 'United States', 'Hello, \r\n \r\nHey, I\'m Mike from Monkey Digital. We offer a highly popular service that costs only 10$ per 5000 social ads visits. \r\n \r\nMore info:  \r\nhttps://www.monkey-seo.com/get-started/ \r\n \r\nTracking will be sent the same day, the advertisement goes live within a few hours, effective and cheap marketing, try it out, it will be worth every penny. \r\n \r\nRegards \r\nMonkey Digital \r\nhttps://www.monkey-seo.com/whatsapp-us/'),
(13, 'woodcockkienzlelsj8o9+2nucqj1krun4@gmail.com', 'woodcockkienzlelsj8o9+2nucqj1krun4@gmail.com', 'woodcockkien', 'woodcockkienzlelsj8o9+2nucqj1krun4@gmail.com', 'eum rerum sed quam esse tenetur. qui quod quia quisquam ut. porro ut in optio minus facere quas cum animi nulla nostrum aut nihil. corporis commodi ipsam repudiandae blanditiis eligendi cupiditate et.'),
(14, 'woodcockkienzlelsj8o9+2nucqj1krun4@gmail.com', 'woodcockkienzlelsj8o9+2nucqj1krun4@gmail.com', 'woodcockkien', 'woodcockkienzlelsj8o9+2nucqj1krun4@gmail.com', 'officia dolorum laudantium corrupti ab aliquid quidem fuga est mollitia tempore deleniti eaque consequatur. omnis beatae et consectetur nihil exercitationem voluptatibus eum ducimus temporibus ratione'),
(15, 'bgrbDiin', '8BPh_generic_4d1cb5cb_yaprime.com@serviseantilogin.com', 'ayGMesNS', 'fBYS2lcP', ''),
(16, 'gZbFC4v0', 'ONDK_generic_4d1cb5cb_yaprime.com@serviseantilogin.com', 'Xq20IVxI', '53FVBNjO', ''),
(17, '15WQsGcS', 'ogwD_generic_4d1cb5cb_yaprime.com@serviseantilogin.com', 'aTgQOdoV', 'j6RWI1y9', ''),
(18, 'Mike Benson\r\n', 'peterNofinomfor@gmail.com', '8386217723', 'United States', 'Howdy \r\n \r\nI have just took an in depth look on your  yaprime.com for the ranking keywords and saw that your website could use an upgrade. \r\n \r\nWe will increase your ranks organically and safely, using only state of the art AI and whitehat methods, while providing monthly reports and outstanding support. \r\n \r\nMore info: \r\nhttps://www.digital-x-seo.com/monthly-seo/ \r\n \r\nRegards \r\nMike Benson\r\n \r\nDigital X SEO Experts \r\nhttps://www.digital-x-seo.com/whatsapp-us/'),
(19, 'vaibhavi ', 'vaibhavi@yaprime.com', '11223344', 'ertaf', 'sdgfDGF'),
(20, 'Mike Warren\r\n', 'mikeneoncob@gmail.com', '8867967929', 'Netherlands Antilles', 'Hello \r\nThis is Mike Warren\r\nfrom Strictly Digital \r\n \r\nLet me present to you our latest discovered from the SEO environment. \r\nWe have noticed that getting backlinks from websites that have high SEO metrics values doesn\'t always help, and in fact, what is more important is to have backlinks from sites that are actually ranking for many keywords. \r\n \r\nThus, we have built this service especially to meet these new discoveries and the results are astonishing. \r\n \r\nPlease check more details here: \r\nhttps://www.strictly-seo.com/semrush-backlinks/ \r\n \r\n \r\n \r\nRegards, \r\nStrictly Digital SEO Team \r\n \r\nWhatsapp us for more details: \r\nhttps://www.strictly-seo.com/whatsapp-us/');

-- --------------------------------------------------------

--
-- Table structure for table `request_quote`
--

CREATE TABLE `request_quote` (
  `id` int(11) NOT NULL,
  `name` varchar(250) NOT NULL,
  `email` varchar(250) NOT NULL,
  `contact_number` varchar(50) NOT NULL,
  `country` varchar(250) NOT NULL,
  `areyoua` varchar(250) NOT NULL,
  `products` varchar(250) NOT NULL,
  `qoute` varchar(50) NOT NULL,
  `message` varchar(250) NOT NULL
) ENGINE=InnoDB DEFAULT CHARSET=utf8mb4 COLLATE=utf8mb4_general_ci;

--
-- Dumping data for table `request_quote`
--

INSERT INTO `request_quote` (`id`, `name`, `email`, `contact_number`, `country`, `areyoua`, `products`, `qoute`, `message`) VALUES
(7, 'Mike Benson\r\n', 'mikeneoncob@gmail.com', '8975444587', 'Netherlands Antilles', 'Others', 'MT5', 'No', 'Good Day \r\n \r\nThis is Mike Benson\r\n \r\nLet me introduce to you our latest research results from our constant SEO feedbacks that we have from our plans: \r\n \r\nThe new Semrush Backlinks, which will make your yaprime.com SEO trend have an immediate push. '),
(8, 'Mike Oliver\r\n', 'mikeNofinomfor@gmail.com', '8877994965', 'New Zealand', 'Introducing Broker', 'IB & Affiliate Area', 'No', 'This service is perfect for boosting your local business\' visibility on the map in a specific location. \r\n \r\nWe provide Google Maps listing management, optimization, and promotion services that cover everything needed to rank in the Google 3-Pack. \r\n'),
(9, 'Mike Macduff\r\n', 'mikeNofinomfor@gmail.com', '8229934453', 'New Zealand', 'Existing Broker', 'IB & Affiliate Area', 'No', 'This service is perfect for boosting your local business\' visibility on the map in a specific location. \r\n \r\nWe provide Google Maps listing management, optimization, and promotion services that cover everything needed to rank in the Google 3-Pack. \r\n'),
(10, 'test', 'xyz@gmail.com', '1574669864', 'Dubai UAE', 'Existing Broker', 'MT5', 'No', 'Test'),
(11, 'Luis Alves', 'intl.law7@aol.com', '8666648893', 'Netherlands', 'Introducing Broker', 'IB & Affiliate Area', 'No', 'Greeting. \r\nI hope this message will interest you, giving the unconventional opportunity it conveys. \r\nI’m a Private Investment Consultant sourcing and connecting business managers with Capitalists. \r\nI’m mandated by an Offshore Investment Company ac'),
(12, 'abc', 'abc@gmail.com', '9876543211', 'india', 'Introducing Broker', 'MAM', 'Yes', 'sedfhggjhgjhgj'),
(13, 'abc', 'abc@gmail.com', '9876543211', 'india', 'Existing Broker', 'All The Above', 'Yes', 'rgfbfg'),
(14, 'sorgelakhanakp9z5+2nucqkn8h3aq@gmail.com', 'sorgelakhanakp9z5+2nucqkn8h3aq@gmail.com', 'sorgelakhanakp9z5+2nucqkn8h3aq@gmail.com', 'sorgelakhanakp9z5+2nucqkn8h3aq@gmail.com', 'Others', 'All The Above', 'No', 'ut repudiandae eaque inventore repellat repudiandae rerum minima quisquam incidunt impedit. omnis nostrum veniam voluptatem quia sunt sequi sunt porro voluptates natus molestiae est doloribus nihil. '),
(15, 'sorgelakhanakp9z5+2nucqkn8h3aq@gmail.com', 'sorgelakhanakp9z5+2nucqkn8h3aq@gmail.com', 'sorgelakhanakp9z5+2nucqkn8h3aq@gmail.com', 'sorgelakhanakp9z5+2nucqkn8h3aq@gmail.com', 'Others', 'All The Above', 'No', 'numquam sit ad maiores dolores optio expedita et iusto porro voluptas sunt et est deserunt et adipisci optio qui. perspiciatis nisi nihil sed non ea earum. provident aliquid distinctio qui dolores dol'),
(16, 'Siraj Ali Dudekula ', 'siraj76ali@gmail.com', '9603129731', 'India ', 'Others', 'All The Above', 'Yes', 'Account Accessible Recovery '),
(17, 'Brooks', 'zavala.brooks1@gmail.com', '6612059260', 'United States', 'Existing Broker', 'Deposits And Withdrawals With Bitcoin-ETH-USDT', 'No', 'WANTED: Partnerships & Agents for Global E-commerce Firm\r\n\r\n4U2 Inc., a premier E-commerce , Sourcing Brokerage firm, is actively seeking partnerships and collaboration with manufacturers and wholesalers for agricultural, commercial, and residential '),
(18, 'Vinay Rasane', 'vinay.rasane02@gmail.com', '8454849090', 'India', 'Introducing Broker', 'Forex Liquidity', 'Yes', 'Explain products'),
(19, 'woodcockkienzlelsj8o9+2nucqj1krun4@gmail.com', 'woodcockkienzlelsj8o9+2nucqj1krun4@gmail.com', 'woodcockkienzlelsj8o9+2nucqj1krun4@gmail.com', 'woodcockkienzlelsj8o9+2nucqj1krun4@gmail.com', 'Others', 'All The Above', 'No', 'nam magnam quia laudantium assumenda eum adipisci facere et pariatur quia omnis. dolores eligendi excepturi sint ut deleniti corporis minima et qui fugiat atque voluptatem quidem quidem. labore est od'),
(20, 'woodcockkienzlelsj8o9+2nucqj1krun4@gmail.com', 'woodcockkienzlelsj8o9+2nucqj1krun4@gmail.com', 'woodcockkienzlelsj8o9+2nucqj1krun4@gmail.com', 'woodcockkienzlelsj8o9+2nucqj1krun4@gmail.com', 'Others', 'All The Above', 'No', 'itaque tenetur enim minima corporis deserunt quod vero ut repellat dignissimos. veritatis aspernatur fugit qui sunt vitae aut. '),
(21, 'Phil', 'noreplyhere@aol.com', '342-123-4456', 'USA', 'Introducing Broker', 'IB & Affiliate Area', 'No', 'Ready to blast your message across the digital universe? Just as you\'re engaging with this ad, imagine your brand message reaching countless website contact forms worldwide! Starting at just under $100, unlock the potential to reach 1 million forms. '),
(22, 'abcd', 'yayavanya31@gmail.com', '11223344', 'uae', 'Start Up', 'Traders Room', 'Yes', 'edfssDF'),
(23, 'Ravi jaiswal ', 'ravitrader143@gmail.com', '9993456143', 'India', 'Existing Broker', 'MT5 White Label', 'Yes', ''),
(24, 'Nitin Kumar', 'nitinkumar1683@gmail.com', '8102736690', 'India', 'Introducing Broker', 'Forex Brokerage', 'Yes', 'I want to start Forex Brokerage Company.'),
(25, 'Abhishek gurjar', 'gabhiraj766@gmail.com', '7489293428', 'India', 'Introducing Broker', 'Forex Brokerage', 'No', 'I want a start a office for my business development in forex broker foam');

-- --------------------------------------------------------

--
-- Table structure for table `role`
--

CREATE TABLE `role` (
  `id` int(11) NOT NULL,
  `role_name` varchar(250) NOT NULL
) ENGINE=InnoDB DEFAULT CHARSET=utf8mb4 COLLATE=utf8mb4_general_ci;

--
-- Dumping data for table `role`
--

INSERT INTO `role` (`id`, `role_name`) VALUES
(1, 'Admin'),
(2, 'User'),
(3, 'Editor');

-- --------------------------------------------------------

--
-- Table structure for table `seo`
--

CREATE TABLE `seo` (
  `id` int(11) NOT NULL,
  `page_name` varchar(250) NOT NULL,
  `url` varchar(250) NOT NULL,
  `keywords` varchar(250) NOT NULL,
  `title` varchar(250) NOT NULL,
  `meta_description` longtext NOT NULL
) ENGINE=InnoDB DEFAULT CHARSET=utf8mb4 COLLATE=utf8mb4_general_ci;

--
-- Dumping data for table `seo`
--

INSERT INTO `seo` (`id`, `page_name`, `url`, `keywords`, `title`, `meta_description`) VALUES
(1, '', 'https://yaprime.com/', 'start your own forex brokerage, forex broker services, how to become a broker in forex trading, best forex trading platform mt4', 'Start Your Own Forex Brokerage | Forex Broker Services', 'Embark on your journey in the world of Forex with YaPrime Start your own Forex brokerage and access top notch Forex broker services Let us empower your success in the financial markets'),
(2, 'about-us', 'https://www.yaprime.com/about-us', 'liquidity provider forex broker', 'About-us', 'YaPrime: Your trusted liquidity provider forex broker. Instant access to deep markets, competitive spreads, and seamless trading for ultimate success.'),
(4, 'ui-ux', 'https://yaprime.com/ui-ux', 'best ux ui', 'YaPrime: UX/UI Services for Brokers', ' YaPrime provides top-tier UX/UI services designed specifically for brokers, improving user experiences and fostering growth in the financial industry.'),
(5, 'crm-api', 'https://yaprime.com/crm-api', 'top web development services, top mobile app development ', 'Top Web & Mobile App Development Services', 'YaPrime delivers top web and mobile app development services, combining cutting-edge technology and innovative design for exceptional digital solutions'),
(7, 'web-development', 'https://yaprime.com/web-development', 'affordable web development services, top web development services', 'Get Affordable Web Development Services- YaPrime', 'YaPrime offers top web development services, crafting digital excellence for your online presence.'),
(8, 'app-development', 'https://yaprime.com/app-development', 'top mobile app development, best mobile app development ', 'Best Mobile App Development Company', 'YaPrime offers top mobile app development service. Building world-class, high-performing online and mobile applications that are extremely secure'),
(9, 'white-label', 'https://yaprime.com/white-label', 'broker white label, white label forex trading platform,white label brokerage platform ', 'YaMarket provides white label forex trading platform.', 'Yaprime\'s White Label Forex Trading Platform offers a customizable, branded solution for brokers to provide a seamless and feature-rich trading experience to their clients'),
(10, 'admin-consultation', 'https://yaprime.com/admin-consultation', 'best liquidity providers in forex ', 'Best Liquidity Providers in Forex', 'In order to give their customers a seamless and feature-rich trading experience, brokers can use Yaprime\'s White Label Forex Trading Platform.'),
(11, 'why-choose-us', 'https://www.yaprime.com/why-choose-us', 'how to create your own forex broker', 'How to Create Your Own Forex Broker?', 'Empower your ambition with YaPrime: Learn how to establish your own forex broker. Expert guidance, technology, and support for your success'),
(12, 'careers', 'https://www.yaprime.com/careers', 'How to Become a Broker in Forex Trading', 'How to Become a Broker in Forex Trading', 'With YaPrime, enter the world of FX trading as a broker. Learn the procedures for achieving success in the financial markets'),
(13, 'portfolio', 'https://www.yaprime.com/portfolio', 'Best Forex Trading Platform MT4', 'The Ultimate Guide to the Best MT4 Forex Trading Platforms', 'YaPrime: Your gateway to the best MT4 forex trading platform. Unmatched tools, insights, and precision for trading success'),
(14, 'contact-us', 'https://yaprime.com/contact-us', 'top forex liquidity providers ', 'Contact-us', 'With YaPrime, one of the best forex liquidity providers, you may experience unmatched liquidity. Obtain frictionless trading and access to extensive markets for your financial success.'),
(15, 'our-teams', 'https://www.yaprime.com/our-teams', 'how to become a licensed forex trader', 'YaPrime\'s Guide: How to Become a Licensed Forex Trader', 'Get licensed as a forex trader with YaPrime: Master the markets, follow regulations, and trade with confidence.'),
(16, 'how-to-become-a-broker-in-forex-trading', 'https://www.yaprime.com/blog/how-to-become-a-broker-in-forex-trading', 'How to Become a Broker in Forex Trading', 'How to Become a Broker in Forex Trading', 'Forex trading is recognized as a decentralized global marketplace facilitating currency exchange and has attracted considerable attention due to its potential for large financial gains.'),
(17, 'forex-liquidity-providers', 'https://www.yaprime.com/blog/forex-liquidity-providers', 'forex liquidity providers', 'Forex liquidity providers', 'When starting a forex brokerage, the business owner has to overcome numerous challenging situations, which commonly include identifying the target market, designing a product roadmap'),
(18, 'forex-brokerage-solutions', 'https://www.yaprime.com/blog/forex-brokerage-solutions', 'forex brokerage solutions', 'forex brokerage solutions', 'Forex brokerage firms are a medium through which traders buy and sell global currencies, commodities, metals, and indices with the motivation of earning profits from the financial markets.'),
(19, 'best-forex-company-in-india', 'https://www.yaprime.com/blog/best-forex-company-in-india', 'best forex company in india', 'best forex company in india', 'The foreign exchange market is undoubtedly the world’s biggest financial market to invest in. '),
(20, 'forex-liquidity-provider', 'https://www.yaprime.com/blog/forex-liquidity-provider', 'forex liquidity provider', 'Forex liquidity provider', 'Forex brokerage is the business of facilitating currency trading for retail and institutional clients.'),
(21, 'start-your-own-forex-brokerage', 'https://www.yaprime.com/blog/start-your-own-forex-brokerage', 'start your own forex brokerage', 'Start your own forex brokerage', 'If you are a forex trader, you have probably thought of starting your own forex brokerage.'),
(22, 'how-to-become-a-licensed-forex-trading-broker', 'https://www.yaprime.com/blog/how-to-become-a-licensed-forex-trading-broker', 'forex broker services', 'Forex broker services', 'An initial consideration for aspiring brokers to know how to become a licensed forex trading trader/broker involves selecting a jurisdiction for business registration and broker license application.'),
(23, 'top-web-development-services', 'https://www.yaprime.com/blog/top-web-development-services', 'Top Web Development Services', 'Essential Websites Features Needed for a Forex Brokerage Firms | YaPrime Web Development Services', 'So, let\'s roll up our sleeves and delve deeper into the must-have features that will boost your Forex brokerage website to the peak of success with YaPrime’s Top Web Development Services'),
(25, 'best-forex-trading-platform-mt4', 'https://www.yaprime.com/blog/best-forex-trading-platform-mt4', 'Best Forex Trading Platform MT4', 'Choosing The Best Forex Trading Platform MT4 for Your Brokerage Firm', 'The foreign exchange market, with its vast potential and ever-shifting currents, is giving rise to ambitious entrepreneurs. But for those who dream of building their own brokerage, the process can feel like an unknown world.');

-- --------------------------------------------------------

--
-- Table structure for table `slider`
--

CREATE TABLE `slider` (
  `id` int(11) NOT NULL,
  `slider_image` varchar(250) NOT NULL
) ENGINE=InnoDB DEFAULT CHARSET=utf8mb4 COLLATE=utf8mb4_general_ci;

--
-- Dumping data for table `slider`
--

INSERT INTO `slider` (`id`, `slider_image`) VALUES
(4, 'a899ab2afed384e4e0d1ec0af45d3bb7.png'),
(5, '5a6971264f759ff01c0fc0aae94cad37.jpeg'),
(6, 'd7f168cb83edd83e11649059351bf6e4.jpg'),
(7, '95d5aac035aef093a027cec18bbe9f14.jpeg');

-- --------------------------------------------------------

--
-- Table structure for table `start_broker`
--

CREATE TABLE `start_broker` (
  `id` int(11) NOT NULL,
  `name` varchar(250) NOT NULL,
  `email` varchar(250) NOT NULL,
  `contact_number` varchar(50) NOT NULL,
  `country` varchar(250) NOT NULL,
  `areyoua` varchar(250) NOT NULL,
  `products` varchar(250) NOT NULL,
  `qoute` varchar(250) NOT NULL,
  `message` varchar(250) NOT NULL
) ENGINE=InnoDB DEFAULT CHARSET=utf8mb4 COLLATE=utf8mb4_unicode_ci;

-- --------------------------------------------------------

--
-- Table structure for table `sub_menu`
--

CREATE TABLE `sub_menu` (
  `id` int(11) NOT NULL,
  `menu` varchar(250) NOT NULL,
  `sub_menu` varchar(250) NOT NULL,
  `sub_menu_url` varchar(250) NOT NULL,
  `sub_menu_desc` varchar(250) NOT NULL
) ENGINE=InnoDB DEFAULT CHARSET=utf8mb4 COLLATE=utf8mb4_general_ci;

--
-- Dumping data for table `sub_menu`
--

INSERT INTO `sub_menu` (`id`, `menu`, `sub_menu`, `sub_menu_url`, `sub_menu_desc`) VALUES
(1, '1', 'About Us', '', 'Learn More about YaPrime'),
(2, '1', 'Careers', '', 'Join YaPrime for exciting career opportunities.'),
(3, '1', 'Contact Us', '', 'Reach out to us anytime for inquiries and support.'),
(4, '1', 'Why Choose Us', '', 'Choose YaPrime for reliable Forex liquidity and dedicated support.'),
(5, '1', 'Portfolio', '', 'Explore our portfolio to see our Forex success stories.'),
(6, '1', 'Meet Our Team', '', 'Meet the experienced professionals behind YaPrime.'),
(7, '1', 'Our Blog', '', 'Stay informed with the latest Forex insights and News.'),
(8, '3', 'Prime VIP', '', 'Explore our exclusive Prime VIP services'),
(9, '3', 'Prime VVIP', '', 'Discover the benefits of our Prime VVIP services'),
(10, '3', 'Prime Special', '', 'Learn about our specialised Prime Special services'),
(11, '4', 'White Label', '', 'Explore our White Label solutions for brokerage firms.'),
(12, '4', 'Admin Consultation', '', 'Get expert advice and consultation for administrative aspects of your brokerage.'),
(13, '4', 'CRM & API', '', 'Learn about our CRM and API solutions'),
(14, '4', 'UI/UX Design', '', 'Discover our UI/UX design services for an enhanced user experience.'),
(15, '4', 'Web Development', '', 'Learn about our web development services to boost your online presence.'),
(16, '4', 'App Development', '', 'Explore our app development services for mobile trading solutions.'),
(17, '4', 'Graphic Design', '', 'Explore our graphic design solutions for effective branding.'),
(18, '4', 'Digital Marketing', '', 'Increase your online visibility with our digital marketing strategies.'),
(19, '5', 'Free Services', '', 'Explore our free research and advisory services for valuable market insights.'),
(20, '5', 'Personal Advisory', '', 'Learn about our personalised advisory services.'),
(21, '5', 'Our Blog', '', 'Stay updated with the latest market trends and insights through our blog.'),
(22, '6', 'Ya Wealth', '', '');

-- --------------------------------------------------------

--
-- Table structure for table `talk_to_us`
--

CREATE TABLE `talk_to_us` (
  `id` int(11) NOT NULL,
  `name` varchar(250) NOT NULL,
  `email` varchar(250) NOT NULL,
  `phone_number` varchar(30) NOT NULL,
  `location` varchar(200) NOT NULL,
  `message` longtext NOT NULL
) ENGINE=InnoDB DEFAULT CHARSET=utf8mb4 COLLATE=utf8mb4_general_ci;

--
-- Dumping data for table `talk_to_us`
--

INSERT INTO `talk_to_us` (`id`, `name`, `email`, `phone_number`, `location`, `message`) VALUES
(13, 'j', 'a@gmail.com', 'jn', 'kn', 'nl'),
(15, 'nhhj', 'h@gmail.com', '111111111', 'nnn', 'nnmmnmnmnmnmn');

-- --------------------------------------------------------

--
-- Table structure for table `users`
--

CREATE TABLE `users` (
  `id` int(11) NOT NULL,
  `username` varchar(50) NOT NULL,
  `firstname` varchar(30) NOT NULL,
  `lastname` varchar(30) NOT NULL,
  `email` varchar(50) NOT NULL,
  `mobile_no` varchar(30) NOT NULL,
  `password` varchar(255) NOT NULL,
  `is_admin` tinyint(4) NOT NULL DEFAULT 0,
  `subscription` int(1) NOT NULL DEFAULT 1,
  `last_ip` varchar(30) NOT NULL,
  `created_at` datetime NOT NULL,
  `updated_at` datetime NOT NULL
) ENGINE=MyISAM DEFAULT CHARSET=utf8 COLLATE=utf8_general_ci;

--
-- Dumping data for table `users`
--

INSERT INTO `users` (`id`, `username`, `firstname`, `lastname`, `email`, `mobile_no`, `password`, `is_admin`, `subscription`, `last_ip`, `created_at`, `updated_at`) VALUES
(2, 'mahip gupta', 'mahip', 'gupta', 'mahip@yaprime.com', '8707599076', '$2y$10$NPE6uwJWCnk8SFTFMyMj2.2ACEKsogBut/fkzGf624NwuUOrGM1NK', 1, 1, '', '2023-11-29 00:00:00', '2023-11-29 00:00:00'),
(1, 'Aakanksha Mogha', 'Aakanksha', 'Mogha', 'aakanksha@yaprime.com', '9990400733', '$2y$10$CB7GTwwMWzpF4SxnPYNQI.AAfzfTEU7vL8VWLVGx5XWQ6RXVm3UzS', 1, 1, '', '2023-11-28 00:00:00', '2023-11-28 00:00:00'),
(27, 'Aditya Singh', 'Aditya', 'Singh', 'aditya@yaprime.com', '1234567899', '$2y$10$Qom8ZCkiJNBgybt7sDOPPuWdN0vL6VJ5mAFhGCgph6zQ9IWNWfaHS', 1, 1, '', '2023-12-22 00:00:00', '2023-12-22 00:00:00'),
(28, 'editor profile', 'editor', 'profile', 'editor@yaprime.com', '1234567890', '$2y$10$NPE6uwJWCnk8SFTFMyMj2.2ACEKsogBut/fkzGf624NwuUOrGM1NK', 3, 1, '', '2024-05-03 00:00:00', '2024-05-03 00:00:00'),
(29, 'Vaibhavi Chandhok', 'Vaibhavi', 'Chandhok', 'vaibhavi@yaprime.com', '1234567890', '$2y$10$7uTbik7gVzXfqENP/6oMzOoYdxNyyRt60swGnMc039iAQ/8WTfmI.', 1, 1, '', '2024-05-16 00:00:00', '2024-05-16 00:00:00'),
(30, 'Rano Bababekova', 'Rano', 'Bababekova', 'rano@yaprime.com', '05273939093', '$2y$10$CiNQfYQJDZTCp/oEqaRWyuN9C9XHEZDCac/8Jl68WvZ91kVqT0ZoG', 1, 1, '', '2024-05-17 00:00:00', '2024-05-17 00:00:00');

--
-- Indexes for dumped tables
--

--
-- Indexes for table `blog`
--
ALTER TABLE `blog`
  ADD PRIMARY KEY (`id`);

--
-- Indexes for table `blog_category`
--
ALTER TABLE `blog_category`
  ADD PRIMARY KEY (`id`);

--
-- Indexes for table `blog_detail`
--
ALTER TABLE `blog_detail`
  ADD PRIMARY KEY (`id`);

--
-- Indexes for table `contact_us`
--
ALTER TABLE `contact_us`
  ADD PRIMARY KEY (`id`);

--
-- Indexes for table `partners`
--
ALTER TABLE `partners`
  ADD PRIMARY KEY (`id`);

--
-- Indexes for table `partners_image`
--
ALTER TABLE `partners_image`
  ADD PRIMARY KEY (`id`);

--
-- Indexes for table `pricing`
--
ALTER TABLE `pricing`
  ADD PRIMARY KEY (`id`);

--
-- Indexes for table `pricing_features`
--
ALTER TABLE `pricing_features`
  ADD PRIMARY KEY (`id`);

--
-- Indexes for table `request_demo`
--
ALTER TABLE `request_demo`
  ADD PRIMARY KEY (`id`);

--
-- Indexes for table `request_quote`
--
ALTER TABLE `request_quote`
  ADD PRIMARY KEY (`id`);

--
-- Indexes for table `role`
--
ALTER TABLE `role`
  ADD PRIMARY KEY (`id`);

--
-- Indexes for table `seo`
--
ALTER TABLE `seo`
  ADD PRIMARY KEY (`id`);

--
-- Indexes for table `slider`
--
ALTER TABLE `slider`
  ADD PRIMARY KEY (`id`);

--
-- Indexes for table `start_broker`
--
ALTER TABLE `start_broker`
  ADD PRIMARY KEY (`id`);

--
-- Indexes for table `sub_menu`
--
ALTER TABLE `sub_menu`
  ADD PRIMARY KEY (`id`);

--
-- Indexes for table `talk_to_us`
--
ALTER TABLE `talk_to_us`
  ADD PRIMARY KEY (`id`);

--
-- Indexes for table `users`
--
ALTER TABLE `users`
  ADD PRIMARY KEY (`id`);

--
-- AUTO_INCREMENT for dumped tables
--

--
-- AUTO_INCREMENT for table `blog`
--
ALTER TABLE `blog`
  MODIFY `id` int(11) NOT NULL AUTO_INCREMENT, AUTO_INCREMENT=8;

--
-- AUTO_INCREMENT for table `blog_category`
--
ALTER TABLE `blog_category`
  MODIFY `id` int(11) NOT NULL AUTO_INCREMENT, AUTO_INCREMENT=8;

--
-- AUTO_INCREMENT for table `blog_detail`
--
ALTER TABLE `blog_detail`
  MODIFY `id` int(11) NOT NULL AUTO_INCREMENT, AUTO_INCREMENT=28;

--
-- AUTO_INCREMENT for table `contact_us`
--
ALTER TABLE `contact_us`
  MODIFY `id` int(11) NOT NULL AUTO_INCREMENT, AUTO_INCREMENT=14;

--
-- AUTO_INCREMENT for table `partners`
--
ALTER TABLE `partners`
  MODIFY `id` int(11) NOT NULL AUTO_INCREMENT;

--
-- AUTO_INCREMENT for table `partners_image`
--
ALTER TABLE `partners_image`
  MODIFY `id` int(11) NOT NULL AUTO_INCREMENT;

--
-- AUTO_INCREMENT for table `pricing`
--
ALTER TABLE `pricing`
  MODIFY `id` int(11) NOT NULL AUTO_INCREMENT, AUTO_INCREMENT=4;

--
-- AUTO_INCREMENT for table `pricing_features`
--
ALTER TABLE `pricing_features`
  MODIFY `id` int(11) NOT NULL AUTO_INCREMENT, AUTO_INCREMENT=43;

--
-- AUTO_INCREMENT for table `request_demo`
--
ALTER TABLE `request_demo`
  MODIFY `id` int(11) NOT NULL AUTO_INCREMENT, AUTO_INCREMENT=21;

--
-- AUTO_INCREMENT for table `request_quote`
--
ALTER TABLE `request_quote`
  MODIFY `id` int(11) NOT NULL AUTO_INCREMENT, AUTO_INCREMENT=26;

--
-- AUTO_INCREMENT for table `role`
--
ALTER TABLE `role`
  MODIFY `id` int(11) NOT NULL AUTO_INCREMENT, AUTO_INCREMENT=4;

--
-- AUTO_INCREMENT for table `seo`
--
ALTER TABLE `seo`
  MODIFY `id` int(11) NOT NULL AUTO_INCREMENT, AUTO_INCREMENT=28;

--
-- AUTO_INCREMENT for table `slider`
--
ALTER TABLE `slider`
  MODIFY `id` int(11) NOT NULL AUTO_INCREMENT, AUTO_INCREMENT=8;

--
-- AUTO_INCREMENT for table `start_broker`
--
ALTER TABLE `start_broker`
  MODIFY `id` int(11) NOT NULL AUTO_INCREMENT;

--
-- AUTO_INCREMENT for table `sub_menu`
--
ALTER TABLE `sub_menu`
  MODIFY `id` int(11) NOT NULL AUTO_INCREMENT, AUTO_INCREMENT=24;

--
-- AUTO_INCREMENT for table `talk_to_us`
--
ALTER TABLE `talk_to_us`
  MODIFY `id` int(11) NOT NULL AUTO_INCREMENT, AUTO_INCREMENT=16;

--
-- AUTO_INCREMENT for table `users`
--
ALTER TABLE `users`
  MODIFY `id` int(11) NOT NULL AUTO_INCREMENT, AUTO_INCREMENT=31;
COMMIT;

/*!40101 SET CHARACTER_SET_CLIENT=@OLD_CHARACTER_SET_CLIENT */;
/*!40101 SET CHARACTER_SET_RESULTS=@OLD_CHARACTER_SET_RESULTS */;
/*!40101 SET COLLATION_CONNECTION=@OLD_COLLATION_CONNECTION */;
