{"nm":"Comp 1","h":500,"w":500,"meta":{"g":"@lottiefiles/toolkit-js 0.33.2"},"layers":[{"ty":0,"nm":"layered","sr":1,"st":0,"op":600,"ip":0,"hasMask":false,"ao":0,"ks":{"a":{"a":0,"k":[328.5,328.5,0],"ix":1},"s":{"a":0,"k":[76.256,76.256,100],"ix":6},"sk":{"a":0,"k":0},"p":{"a":0,"k":[250,250,0],"ix":2},"r":{"a":0,"k":0,"ix":10},"sa":{"a":0,"k":0},"o":{"a":0,"k":100,"ix":11}},"ef":[],"w":657,"h":657,"refId":"comp_0","ind":1},{"ty":4,"nm":"circle right","sr":1,"st":47,"op":647,"ip":47,"hasMask":false,"ao":0,"ks":{"a":{"a":0,"k":[0,0,0],"ix":1},"s":{"a":1,"k":[{"o":{"x":0.333,"y":0},"i":{"x":0.667,"y":1},"s":[0,0,100],"t":47},{"o":{"x":0.333,"y":0},"i":{"x":0.667,"y":1},"s":[0,0,100],"t":68},{"o":{"x":0.333,"y":0},"i":{"x":0.667,"y":1},"s":[135.286,135.286,100],"t":89},{"o":{"x":0.333,"y":0},"i":{"x":0.667,"y":1},"s":[116.786,116.786,100],"t":97},{"s":[124.286,124.286,100],"t":105}],"ix":6},"sk":{"a":0,"k":0},"p":{"a":0,"k":[377,444,0],"ix":2},"r":{"a":0,"k":0,"ix":10},"sa":{"a":0,"k":0},"o":{"a":0,"k":45,"ix":11}},"ef":[],"shapes":[{"ty":"gr","nm":"Ellipse 1","ix":1,"cix":2,"it":[{"ty":"el","nm":"Ellipse Path 1","d":1,"p":{"a":0,"k":[0,0],"ix":3},"s":{"a":0,"k":[121.328,121.328],"ix":2}},{"ty":"fl","nm":"Fill 1","c":{"a":0,"k":[0.788,0.655,0.251],"ix":4},"r":1,"o":{"a":0,"k":100,"ix":5}},{"ty":"tr","a":{"a":0,"k":[0,0],"ix":1},"s":{"a":0,"k":[100,100],"ix":3},"sk":{"a":0,"k":0,"ix":4},"p":{"a":0,"k":[-34.336,-79.336],"ix":2},"r":{"a":0,"k":0,"ix":6},"sa":{"a":0,"k":0,"ix":5},"o":{"a":0,"k":100,"ix":7}}]}],"ind":2},{"ty":4,"nm":"circle left","sr":1,"st":47,"op":647,"ip":47,"hasMask":false,"ao":0,"ks":{"a":{"a":0,"k":[0,0,0],"ix":1},"s":{"a":1,"k":[{"o":{"x":0.333,"y":0},"i":{"x":0.667,"y":1},"s":[0,0,100],"t":47},{"o":{"x":0.333,"y":0},"i":{"x":0.667,"y":1},"s":[0,0,100],"t":68},{"o":{"x":0.333,"y":0},"i":{"x":0.667,"y":1},"s":[73.018,73.018,100],"t":89},{"o":{"x":0.333,"y":0},"i":{"x":0.667,"y":1},"s":[54.518,54.518,100],"t":97},{"s":[62.018,62.018,100],"t":105}],"ix":6},"sk":{"a":0,"k":0},"p":{"a":0,"k":[114.574,395.037,0],"ix":2},"r":{"a":0,"k":0,"ix":10},"sa":{"a":0,"k":0},"o":{"a":0,"k":45,"ix":11}},"ef":[],"shapes":[{"ty":"gr","nm":"Ellipse 1","ix":1,"cix":2,"it":[{"ty":"el","nm":"Ellipse Path 1","d":1,"p":{"a":0,"k":[0,0],"ix":3},"s":{"a":0,"k":[121.328,121.328],"ix":2}},{"ty":"fl","nm":"Fill 1","c":{"a":0,"k":[0.957,0.933,0.69],"ix":4},"r":1,"o":{"a":0,"k":100,"ix":5}},{"ty":"tr","a":{"a":0,"k":[0,0],"ix":1},"s":{"a":0,"k":[100,100],"ix":3},"sk":{"a":0,"k":0,"ix":4},"p":{"a":0,"k":[-34.336,-79.336],"ix":2},"r":{"a":0,"k":0,"ix":6},"sa":{"a":0,"k":0,"ix":5},"o":{"a":0,"k":100,"ix":7}}]}],"ind":3},{"ty":4,"nm":"circle top","sr":1,"st":47,"op":647,"ip":47,"hasMask":false,"ao":0,"ks":{"a":{"a":0,"k":[0,0,0],"ix":1},"s":{"a":1,"k":[{"o":{"x":0.333,"y":0},"i":{"x":0.667,"y":1},"s":[0,0,100],"t":47},{"o":{"x":0.333,"y":0},"i":{"x":0.667,"y":1},"s":[0,0,100],"t":68},{"o":{"x":0.333,"y":0},"i":{"x":0.667,"y":1},"s":[111,111,100],"t":89},{"o":{"x":0.333,"y":0},"i":{"x":0.667,"y":1},"s":[92.5,92.5,100],"t":97},{"s":[100,100,100],"t":105}],"ix":6},"sk":{"a":0,"k":0},"p":{"a":0,"k":[251,250,0],"ix":2},"r":{"a":0,"k":0,"ix":10},"sa":{"a":0,"k":0},"o":{"a":0,"k":45,"ix":11}},"ef":[],"shapes":[{"ty":"gr","nm":"Ellipse 1","ix":1,"cix":2,"it":[{"ty":"el","nm":"Ellipse Path 1","d":1,"p":{"a":0,"k":[0,0],"ix":3},"s":{"a":0,"k":[121.328,121.328],"ix":2}},{"ty":"fl","nm":"Fill 1","c":{"a":0,"k":[0.788,0.655,0.251],"ix":4},"r":1,"o":{"a":0,"k":100,"ix":5}},{"ty":"tr","a":{"a":0,"k":[0,0],"ix":1},"s":{"a":0,"k":[100,100],"ix":3},"sk":{"a":0,"k":0,"ix":4},"p":{"a":0,"k":[-34.336,-79.336],"ix":2},"r":{"a":0,"k":0,"ix":6},"sa":{"a":0,"k":0,"ix":5},"o":{"a":0,"k":100,"ix":7}}]}],"ind":4},{"ty":4,"nm":"dash inside","sr":1,"st":34,"op":634,"ip":34,"hasMask":false,"ao":0,"ks":{"a":{"a":0,"k":[1.335,27.248,0],"ix":1},"s":{"a":1,"k":[{"o":{"x":0.333,"y":0},"i":{"x":0.667,"y":1},"s":[0,0,100],"t":34},{"o":{"x":0.333,"y":0},"i":{"x":0.667,"y":1},"s":[0,0,100],"t":55},{"o":{"x":0.333,"y":0},"i":{"x":0.667,"y":1},"s":[74.9,74.9,100],"t":76},{"o":{"x":0.333,"y":0},"i":{"x":0.667,"y":1},"s":[53.4,53.4,100],"t":84},{"s":[57.9,57.9,100],"t":92}],"ix":6},"sk":{"a":0,"k":0},"p":{"a":0,"k":[250,258.529,0],"ix":2},"r":{"a":1,"k":[{"o":{"x":0.167,"y":0.167},"i":{"x":0.833,"y":0.833},"s":[0],"t":0},{"s":[360],"t":600}],"ix":10,"x":"var $bm_rt;\n$bm_rt = loopOut('cycle', 0);"},"sa":{"a":0,"k":0},"o":{"a":0,"k":100,"ix":11}},"ef":[],"shapes":[{"ty":"gr","nm":"Ellipse 1","ix":1,"cix":2,"it":[{"ty":"el","nm":"Ellipse Path 1","d":1,"p":{"a":0,"k":[0,0],"ix":3},"s":{"a":0,"k":[374.059,374.059],"ix":2}},{"ty":"st","nm":"Stroke 1","lc":2,"lj":2,"ml":1,"o":{"a":0,"k":100,"ix":4},"w":{"a":0,"k":2,"ix":5},"d":[{"nm":"dash","n":"d","v":{"a":0,"k":10,"ix":1}},{"nm":"offset","n":"o","v":{"a":0,"k":0,"ix":7}}],"c":{"a":0,"k":[0.243,0.29,0.302],"ix":3}},{"ty":"tr","a":{"a":0,"k":[0,0],"ix":1},"s":{"a":0,"k":[100,100],"ix":3},"sk":{"a":0,"k":0,"ix":4},"p":{"a":0,"k":[1.439,27.248],"ix":2},"r":{"a":0,"k":0,"ix":6},"sa":{"a":0,"k":0,"ix":5},"o":{"a":0,"k":100,"ix":7}}]}],"ind":5},{"ty":4,"nm":"dash outside","sr":1,"st":34,"op":634,"ip":34,"hasMask":false,"ao":0,"ks":{"a":{"a":0,"k":[1.439,27.248,0],"ix":1},"s":{"a":1,"k":[{"o":{"x":0.333,"y":0},"i":{"x":0.667,"y":1},"s":[0,0,100],"t":34},{"o":{"x":0.333,"y":0},"i":{"x":0.667,"y":1},"s":[0,0,100],"t":55},{"o":{"x":0.333,"y":0},"i":{"x":0.667,"y":1},"s":[117,117,100],"t":76},{"o":{"x":0.333,"y":0},"i":{"x":0.667,"y":1},"s":[95.5,95.5,100],"t":84},{"s":[100,100,100],"t":92}],"ix":6},"sk":{"a":0,"k":0},"p":{"a":0,"k":[250,266,0],"ix":2},"r":{"a":1,"k":[{"o":{"x":0.167,"y":0.167},"i":{"x":0.833,"y":0.833},"s":[0],"t":0},{"s":[360],"t":600}],"ix":10,"x":"var $bm_rt;\n$bm_rt = loopOut('cycle', 0);"},"sa":{"a":0,"k":0},"o":{"a":0,"k":100,"ix":11}},"ef":[],"shapes":[{"ty":"gr","nm":"Ellipse 1","ix":1,"cix":2,"it":[{"ty":"el","nm":"Ellipse Path 1","d":1,"p":{"a":0,"k":[0,0],"ix":3},"s":{"a":0,"k":[374.059,374.059],"ix":2}},{"ty":"st","nm":"Stroke 1","lc":2,"lj":2,"ml":1,"o":{"a":0,"k":100,"ix":4},"w":{"a":0,"k":1,"ix":5},"d":[{"nm":"dash","n":"d","v":{"a":0,"k":10,"ix":1}},{"nm":"offset","n":"o","v":{"a":0,"k":0,"ix":7}}],"c":{"a":0,"k":[0.243,0.29,0.302],"ix":3}},{"ty":"tr","a":{"a":0,"k":[0,0],"ix":1},"s":{"a":0,"k":[100,100],"ix":3},"sk":{"a":0,"k":0,"ix":4},"p":{"a":0,"k":[1.439,27.248],"ix":2},"r":{"a":0,"k":0,"ix":6},"sa":{"a":0,"k":0,"ix":5},"o":{"a":0,"k":100,"ix":7}}]}],"ind":6}],"v":"5.6.5","fr":60,"op":351,"ip":0,"assets":[{"nm":"","id":"comp_0","layers":[{"ty":4,"nm":"Graph Outlines","sr":1,"st":150,"op":750,"ip":150,"hasMask":false,"ao":0,"ks":{"a":{"a":0,"k":[69.2,49,0],"ix":1},"s":{"a":1,"k":[{"o":{"x":0.333,"y":0},"i":{"x":0.667,"y":1},"s":[0,0,100],"t":150},{"o":{"x":0.333,"y":0},"i":{"x":0.667,"y":1},"s":[105,105,100],"t":171},{"o":{"x":0.333,"y":0},"i":{"x":0.667,"y":1},"s":[95,95,100],"t":179},{"s":[100,100,100],"t":187}],"ix":6},"sk":{"a":0,"k":0},"p":{"a":0,"k":[94.7,336.2,0],"ix":2},"r":{"a":0,"k":0,"ix":10},"sa":{"a":0,"k":0},"o":{"a":0,"k":100,"ix":11}},"ef":[],"shapes":[{"ty":"gr","nm":"Group 1","ix":1,"cix":2,"it":[{"ty":"sh","nm":"Path 1","ix":1,"d":1,"ks":{"a":0,"k":{"c":true,"i":[[0,0],[0.8,-11.9],[0,0]],"o":[[-11.9,1.5],[0,0],[0,0]],"v":[[9.3,-12.45],[-12.5,10.75],[12.5,12.45]]},"ix":2}},{"ty":"fl","nm":"Fill 1","c":{"a":0,"k":[1,0.757,0.028],"ix":4},"r":1,"o":{"a":0,"k":100,"ix":5}},{"ty":"tr","a":{"a":0,"k":[0,0],"ix":1},"s":{"a":0,"k":[100,100],"ix":3},"sk":{"a":0,"k":0,"ix":4},"p":{"a":0,"k":[54,34.05],"ix":2},"r":{"a":0,"k":0,"ix":6},"sa":{"a":0,"k":0,"ix":5},"o":{"a":0,"k":100,"ix":7}}]},{"ty":"gr","nm":"Group 2","ix":2,"cix":2,"it":[{"ty":"sh","nm":"Path 1","ix":1,"d":1,"ks":{"a":0,"k":{"c":true,"i":[[13.8,0],[1,-0.1],[0,0],[0,0],[0,-0.6],[-13.8,0],[0,13.8]],"o":[[-1.1,0],[0,0],[0,0],[0,0.6],[0,13.8],[13.8,0],[0,-13.9]],"v":[[0,-25.1],[-3.2,-24.9],[0,0],[-25,-1.7],[-25.1,0],[0,25.1],[25.1,0]]},"ix":2}},{"ty":"fl","nm":"Fill 1","c":{"a":0,"k":[0.878,0.878,0.878],"ix":4},"r":1,"o":{"a":0,"k":100,"ix":5}},{"ty":"tr","a":{"a":0,"k":[0,0],"ix":1},"s":{"a":0,"k":[100,100],"ix":3},"sk":{"a":0,"k":0,"ix":4},"p":{"a":0,"k":[72,51.3],"ix":2},"r":{"a":0,"k":0,"ix":6},"sa":{"a":0,"k":0,"ix":5},"o":{"a":0,"k":100,"ix":7}}]},{"ty":"gr","nm":"Group 3","ix":3,"cix":2,"it":[{"ty":"sh","nm":"Path 1","ix":1,"d":1,"ks":{"a":0,"k":{"c":true,"i":[[0,0],[0,0],[0,0],[0,0]],"o":[[0,0],[0,0],[0,0],[0,0]],"v":[[-65.1,-46.1],[65.1,-46.1],[65.1,46.1],[-65.1,46.1]]},"ix":2}},{"ty":"fl","nm":"Fill 1","c":{"a":0,"k":[1,1,1],"ix":4},"r":1,"o":{"a":0,"k":100,"ix":5}},{"ty":"tr","a":{"a":0,"k":[0,0],"ix":1},"s":{"a":0,"k":[100,100],"ix":3},"sk":{"a":0,"k":0,"ix":4},"p":{"a":0,"k":[69.3,49],"ix":2},"r":{"a":0,"k":0,"ix":6},"sa":{"a":0,"k":0,"ix":5},"o":{"a":0,"k":100,"ix":7}}]},{"ty":"gr","nm":"Group 4","ix":4,"cix":2,"it":[{"ty":"sh","nm":"Path 1","ix":1,"d":1,"ks":{"a":0,"k":{"c":true,"i":[[0,0],[0,0],[0,0],[0,0]],"o":[[0,0],[0,0],[0,0],[0,0]],"v":[[-69.2,-49],[-69.2,49],[69.2,49],[69.2,-49]]},"ix":2}},{"ty":"fl","nm":"Fill 1","c":{"a":0,"k":[0.502,0.502,0.502],"ix":4},"r":1,"o":{"a":0,"k":15,"ix":5}},{"ty":"tr","a":{"a":0,"k":[0,0],"ix":1},"s":{"a":0,"k":[100,100],"ix":3},"sk":{"a":0,"k":0,"ix":4},"p":{"a":0,"k":[69.2,49],"ix":2},"r":{"a":0,"k":0,"ix":6},"sa":{"a":0,"k":0,"ix":5},"o":{"a":0,"k":100,"ix":7}}]}],"ind":1},{"ty":4,"nm":"letter Outlines","sr":1,"st":-38,"op":562,"ip":204,"hasMask":false,"ao":0,"ks":{"a":{"a":0,"k":[34.6,33.9,0],"ix":1},"s":{"a":1,"k":[{"o":{"x":0.333,"y":0},"i":{"x":0.667,"y":1},"s":[0,0,100],"t":204},{"o":{"x":0.333,"y":0},"i":{"x":0.667,"y":1},"s":[105,105,100],"t":225},{"o":{"x":0.333,"y":0},"i":{"x":0.667,"y":1},"s":[95,95,100],"t":233},{"s":[100,100,100],"t":241}],"ix":6},"sk":{"a":0,"k":0},"p":{"a":0,"k":[368.5,141.6,0],"ix":2},"r":{"a":0,"k":0,"ix":10},"sa":{"a":0,"k":0},"o":{"a":0,"k":100,"ix":11}},"ef":[],"shapes":[{"ty":"gr","nm":"Group 1","ix":1,"cix":2,"it":[{"ty":"sh","nm":"Path 1","ix":1,"d":1,"ks":{"a":0,"k":{"c":true,"i":[[0,0],[0,0],[0,0],[0,0]],"o":[[0,0],[0,0],[0,0],[0,0]],"v":[[9.8,-4.7],[9.8,-5.6],[-9.8,5.3],[-9.3,5.6]]},"ix":2}},{"ty":"fl","nm":"Fill 1","c":{"a":0,"k":[0,0,0],"ix":4},"r":1,"o":{"a":0,"k":15,"ix":5}},{"ty":"tr","a":{"a":0,"k":[0,0],"ix":1},"s":{"a":0,"k":[100,100],"ix":3},"sk":{"a":0,"k":0,"ix":4},"p":{"a":0,"k":[43.9,41.9],"ix":2},"r":{"a":0,"k":0,"ix":6},"sa":{"a":0,"k":0,"ix":5},"o":{"a":0,"k":100,"ix":7}}]},{"ty":"gr","nm":"Group 2","ix":2,"cix":2,"it":[{"ty":"sh","nm":"Path 1","ix":1,"d":1,"ks":{"a":0,"k":{"c":true,"i":[[0,0],[0,0],[0,0],[0,0]],"o":[[0,0],[0,0],[0,0],[0,0]],"v":[[-13.9,-0.9],[13.9,-0.9],[13.9,0.9],[-13.9,0.9]]},"ix":2}},{"ty":"fl","nm":"Fill 1","c":{"a":0,"k":[1,0.757,0.028],"ix":4},"r":1,"o":{"a":0,"k":100,"ix":5}},{"ty":"tr","a":{"a":0,"k":[0,0],"ix":1},"s":{"a":0,"k":[100,100],"ix":3},"sk":{"a":0,"k":0,"ix":4},"p":{"a":0,"k":[34.5,35.4],"ix":2},"r":{"a":0,"k":0,"ix":6},"sa":{"a":0,"k":0,"ix":5},"o":{"a":0,"k":100,"ix":7}}]},{"ty":"gr","nm":"Group 3","ix":3,"cix":2,"it":[{"ty":"sh","nm":"Path 1","ix":1,"d":1,"ks":{"a":0,"k":{"c":true,"i":[[0,0],[0,0],[0,0],[0,0]],"o":[[0,0],[0,0],[0,0],[0,0]],"v":[[-13.9,-0.9],[13.9,-0.9],[13.9,0.9],[-13.9,0.9]]},"ix":2}},{"ty":"fl","nm":"Fill 1","c":{"a":0,"k":[1,1,1],"ix":4},"r":1,"o":{"a":0,"k":100,"ix":5}},{"ty":"tr","a":{"a":0,"k":[0,0],"ix":1},"s":{"a":0,"k":[100,100],"ix":3},"sk":{"a":0,"k":0,"ix":4},"p":{"a":0,"k":[34.5,31.8],"ix":2},"r":{"a":0,"k":0,"ix":6},"sa":{"a":0,"k":0,"ix":5},"o":{"a":0,"k":100,"ix":7}}]},{"ty":"gr","nm":"Group 4","ix":4,"cix":2,"it":[{"ty":"sh","nm":"Path 1","ix":1,"d":1,"ks":{"a":0,"k":{"c":true,"i":[[0,0],[0,0],[0,0],[0,0]],"o":[[0,0],[0,0],[0,0],[0,0]],"v":[[-13.9,-0.9],[13.9,-0.9],[13.9,0.9],[-13.9,0.9]]},"ix":2}},{"ty":"fl","nm":"Fill 1","c":{"a":0,"k":[1,0.757,0.028],"ix":4},"r":1,"o":{"a":0,"k":100,"ix":5}},{"ty":"tr","a":{"a":0,"k":[0,0],"ix":1},"s":{"a":0,"k":[100,100],"ix":3},"sk":{"a":0,"k":0,"ix":4},"p":{"a":0,"k":[34.5,28.3],"ix":2},"r":{"a":0,"k":0,"ix":6},"sa":{"a":0,"k":0,"ix":5},"o":{"a":0,"k":100,"ix":7}}]},{"ty":"gr","nm":"Group 5","ix":5,"cix":2,"it":[{"ty":"sh","nm":"Path 1","ix":1,"d":1,"ks":{"a":0,"k":{"c":true,"i":[[0,0],[0,0],[0,0],[0,0]],"o":[[0,0],[0,0],[0,0],[0,0]],"v":[[-13.9,-0.9],[13.9,-0.9],[13.9,0.9],[-13.9,0.9]]},"ix":2}},{"ty":"fl","nm":"Fill 1","c":{"a":0,"k":[1,1,1],"ix":4},"r":1,"o":{"a":0,"k":100,"ix":5}},{"ty":"tr","a":{"a":0,"k":[0,0],"ix":1},"s":{"a":0,"k":[100,100],"ix":3},"sk":{"a":0,"k":0,"ix":4},"p":{"a":0,"k":[34.5,24.6],"ix":2},"r":{"a":0,"k":0,"ix":6},"sa":{"a":0,"k":0,"ix":5},"o":{"a":0,"k":100,"ix":7}}]},{"ty":"gr","nm":"Group 6","ix":6,"cix":2,"it":[{"ty":"sh","nm":"Path 1","ix":1,"d":1,"ks":{"a":0,"k":{"c":true,"i":[[0,0],[0,0],[0,0],[0,0]],"o":[[0,0],[0,0],[0,0],[0,0]],"v":[[-13.9,-0.9],[13.9,-0.9],[13.9,0.9],[-13.9,0.9]]},"ix":2}},{"ty":"fl","nm":"Fill 1","c":{"a":0,"k":[1,1,1],"ix":4},"r":1,"o":{"a":0,"k":100,"ix":5}},{"ty":"tr","a":{"a":0,"k":[0,0],"ix":1},"s":{"a":0,"k":[100,100],"ix":3},"sk":{"a":0,"k":0,"ix":4},"p":{"a":0,"k":[34.5,21.1],"ix":2},"r":{"a":0,"k":0,"ix":6},"sa":{"a":0,"k":0,"ix":5},"o":{"a":0,"k":100,"ix":7}}]},{"ty":"gr","nm":"Group 7","ix":7,"cix":2,"it":[{"ty":"sh","nm":"Path 1","ix":1,"d":1,"ks":{"a":0,"k":{"c":true,"i":[[0,0],[0,0],[0,0]],"o":[[0,0],[0,0],[0,0]],"v":[[-32.95,18.35],[32.95,18.35],[-32.95,-18.35]]},"ix":2}},{"ty":"fl","nm":"Fill 1","c":{"a":0,"k":[0.961,0.961,0.961],"ix":4},"r":1,"o":{"a":0,"k":100,"ix":5}},{"ty":"tr","a":{"a":0,"k":[0,0],"ix":1},"s":{"a":0,"k":[100,100],"ix":3},"sk":{"a":0,"k":0,"ix":4},"p":{"a":0,"k":[34.65,48.05],"ix":2},"r":{"a":0,"k":0,"ix":6},"sa":{"a":0,"k":0,"ix":5},"o":{"a":0,"k":100,"ix":7}}]},{"ty":"gr","nm":"Group 8","ix":8,"cix":2,"it":[{"ty":"sh","nm":"Path 1","ix":1,"d":1,"ks":{"a":0,"k":{"c":true,"i":[[0,0],[0,0],[0,0]],"o":[[0,0],[0,0],[0,0]],"v":[[-32.95,18.35],[32.95,18.35],[-32.95,-18.35]]},"ix":2}},{"ty":"fl","nm":"Fill 1","c":{"a":0,"k":[0,0,0],"ix":4},"r":1,"o":{"a":0,"k":15,"ix":5}},{"ty":"tr","a":{"a":0,"k":[0,0],"ix":1},"s":{"a":0,"k":[100,100],"ix":3},"sk":{"a":0,"k":0,"ix":4},"p":{"a":0,"k":[34.65,47.55],"ix":2},"r":{"a":0,"k":0,"ix":6},"sa":{"a":0,"k":0,"ix":5},"o":{"a":0,"k":100,"ix":7}}]},{"ty":"gr","nm":"Group 9","ix":9,"cix":2,"it":[{"ty":"sh","nm":"Path 1","ix":1,"d":1,"ks":{"a":0,"k":{"c":true,"i":[[0,0],[0,0],[0,0],[0,0],[0,0]],"o":[[0,0],[0,0],[0,0],[0,0],[0,0]],"v":[[0.25,10.95],[-19.05,23.55],[-19.05,-23.55],[19.05,-23.55],[19.05,0.45]]},"ix":2}},{"ty":"fl","nm":"Fill 1","c":{"a":0,"k":[0.98,0.98,0.98],"ix":4},"r":1,"o":{"a":0,"k":100,"ix":5}},{"ty":"tr","a":{"a":0,"k":[0,0],"ix":1},"s":{"a":0,"k":[100,100],"ix":3},"sk":{"a":0,"k":0,"ix":4},"p":{"a":0,"k":[34.65,36.55],"ix":2},"r":{"a":0,"k":0,"ix":6},"sa":{"a":0,"k":0,"ix":5},"o":{"a":0,"k":100,"ix":7}}]},{"ty":"gr","nm":"Group 11","ix":10,"cix":2,"it":[{"ty":"sh","nm":"Path 1","ix":1,"d":1,"ks":{"a":0,"k":{"c":false,"i":[[0,0],[0,0],[0,0]],"o":[[0,0],[0,0],[0,0]],"v":[[-32.949,-9.2],[-0.251,9.2],[32.949,-9.2]]},"ix":2}},{"ty":"fl","nm":"Fill 1","c":{"a":0,"k":[0.878,0.878,0.878],"ix":4},"r":1,"o":{"a":0,"k":100,"ix":5}},{"ty":"tr","a":{"a":0,"k":[0,0],"ix":1},"s":{"a":0,"k":[100,100],"ix":3},"sk":{"a":0,"k":0,"ix":4},"p":{"a":0,"k":[34.45,38.6],"ix":2},"r":{"a":0,"k":0,"ix":6},"sa":{"a":0,"k":0,"ix":5},"o":{"a":0,"k":100,"ix":7}}]},{"ty":"gr","nm":"Group 12","ix":11,"cix":2,"it":[{"ty":"sh","nm":"Path 1","ix":1,"d":1,"ks":{"a":0,"k":{"c":true,"i":[[0,0],[0,0],[0,0],[0,0],[0,0]],"o":[[0,0],[0,0],[0,0],[0,0],[0,0]],"v":[[32.95,32.4],[-32.95,32.4],[-32.95,-4.3],[-0.25,-32.4],[32.95,-4.3]]},"ix":2}},{"ty":"fl","nm":"Fill 1","c":{"a":0,"k":[1,1,1],"ix":4},"r":1,"o":{"a":0,"k":100,"ix":5}},{"ty":"tr","a":{"a":0,"k":[0,0],"ix":1},"s":{"a":0,"k":[100,100],"ix":3},"sk":{"a":0,"k":0,"ix":4},"p":{"a":0,"k":[34.85,33.7],"ix":2},"r":{"a":0,"k":0,"ix":6},"sa":{"a":0,"k":0,"ix":5},"o":{"a":0,"k":100,"ix":7}}]}],"ind":2},{"ty":4,"nm":"box Outlines","sr":1,"st":-38,"op":562,"ip":204,"hasMask":false,"ao":0,"ks":{"a":{"a":0,"k":[59.85,59.9,0],"ix":1},"s":{"a":1,"k":[{"o":{"x":0.333,"y":0},"i":{"x":0.667,"y":1},"s":[0,0,100],"t":204},{"o":{"x":0.333,"y":0},"i":{"x":0.667,"y":1},"s":[105,105,100],"t":225},{"o":{"x":0.333,"y":0},"i":{"x":0.667,"y":1},"s":[95,95,100],"t":233},{"s":[100,100,100],"t":241}],"ix":6},"sk":{"a":0,"k":0},"p":{"a":0,"k":[313.5,110.35,0],"ix":2},"r":{"a":0,"k":0,"ix":10},"sa":{"a":0,"k":0},"o":{"a":0,"k":100,"ix":11}},"ef":[],"shapes":[{"ty":"gr","nm":"Group 1","ix":1,"cix":2,"it":[{"ty":"sh","nm":"Path 1","ix":1,"d":1,"ks":{"a":0,"k":{"c":true,"i":[[0,0],[0,0],[0,0]],"o":[[0,0],[0,0],[0,0]],"v":[[-7.4,-8.5],[7.4,0],[-7.4,8.5]]},"ix":2}},{"ty":"fl","nm":"Fill 1","c":{"a":0,"k":[1,0.757,0.028],"ix":4},"r":1,"o":{"a":0,"k":100,"ix":5}},{"ty":"tr","a":{"a":0,"k":[0,0],"ix":1},"s":{"a":0,"k":[100,100],"ix":3},"sk":{"a":0,"k":0,"ix":4},"p":{"a":0,"k":[35.75,53.45],"ix":2},"r":{"a":0,"k":0,"ix":6},"sa":{"a":0,"k":0,"ix":5},"o":{"a":0,"k":100,"ix":7}}]},{"ty":"gr","nm":"Group 2","ix":2,"cix":2,"it":[{"ty":"sh","nm":"Path 1","ix":1,"d":1,"ks":{"a":0,"k":{"c":true,"i":[[0,0],[0,0],[0,0]],"o":[[0,0],[0,0],[0,0]],"v":[[7.4,-8.5],[-7.4,0],[7.4,8.5]]},"ix":2}},{"ty":"fl","nm":"Fill 1","c":{"a":0,"k":[1,0.757,0.028],"ix":4},"r":1,"o":{"a":0,"k":100,"ix":5}},{"ty":"tr","a":{"a":0,"k":[0,0],"ix":1},"s":{"a":0,"k":[100,100],"ix":3},"sk":{"a":0,"k":0,"ix":4},"p":{"a":0,"k":[35.85,61.95],"ix":2},"r":{"a":0,"k":0,"ix":6},"sa":{"a":0,"k":0,"ix":5},"o":{"a":0,"k":100,"ix":7}}]},{"ty":"gr","nm":"Group 3","ix":3,"cix":2,"it":[{"ty":"sh","nm":"Path 1","ix":1,"d":1,"ks":{"a":0,"k":{"c":true,"i":[[0,0],[0,0],[0,0]],"o":[[0,0],[0,0],[0,0]],"v":[[-7.4,-8.5],[7.4,0],[-7.4,8.5]]},"ix":2}},{"ty":"fl","nm":"Fill 1","c":{"a":0,"k":[1,0.757,0.028],"ix":4},"r":1,"o":{"a":0,"k":100,"ix":5}},{"ty":"tr","a":{"a":0,"k":[0,0],"ix":1},"s":{"a":0,"k":[100,100],"ix":3},"sk":{"a":0,"k":0,"ix":4},"p":{"a":0,"k":[50.65,61.95],"ix":2},"r":{"a":0,"k":0,"ix":6},"sa":{"a":0,"k":0,"ix":5},"o":{"a":0,"k":100,"ix":7}}]},{"ty":"gr","nm":"Group 4","ix":4,"cix":2,"it":[{"ty":"sh","nm":"Path 1","ix":1,"d":1,"ks":{"a":0,"k":{"c":true,"i":[[0,0],[0,0],[0,0]],"o":[[0,0],[0,0],[0,0]],"v":[[-7.4,-8.5],[7.4,0],[-7.4,8.5]]},"ix":2}},{"ty":"fl","nm":"Fill 1","c":{"a":0,"k":[1,0.757,0.028],"ix":4},"r":1,"o":{"a":0,"k":100,"ix":5}},{"ty":"tr","a":{"a":0,"k":[0,0],"ix":1},"s":{"a":0,"k":[100,100],"ix":3},"sk":{"a":0,"k":0,"ix":4},"p":{"a":0,"k":[35.75,87.55],"ix":2},"r":{"a":0,"k":0,"ix":6},"sa":{"a":0,"k":0,"ix":5},"o":{"a":0,"k":100,"ix":7}}]},{"ty":"gr","nm":"Group 5","ix":5,"cix":2,"it":[{"ty":"sh","nm":"Path 1","ix":1,"d":1,"ks":{"a":0,"k":{"c":true,"i":[[0,0],[0,0],[0,0]],"o":[[0,0],[0,0],[0,0]],"v":[[7.4,-8.5],[-7.4,0],[7.4,8.5]]},"ix":2}},{"ty":"fl","nm":"Fill 1","c":{"a":0,"k":[1,0.757,0.028],"ix":4},"r":1,"o":{"a":0,"k":100,"ix":5}},{"ty":"tr","a":{"a":0,"k":[0,0],"ix":1},"s":{"a":0,"k":[100,100],"ix":3},"sk":{"a":0,"k":0,"ix":4},"p":{"a":0,"k":[35.751,79.05],"ix":2},"r":{"a":0,"k":0,"ix":6},"sa":{"a":0,"k":0,"ix":5},"o":{"a":0,"k":100,"ix":7}}]},{"ty":"gr","nm":"Group 6","ix":6,"cix":2,"it":[{"ty":"sh","nm":"Path 1","ix":1,"d":1,"ks":{"a":0,"k":{"c":true,"i":[[0,0],[0,0],[0,0]],"o":[[0,0],[0,0],[0,0]],"v":[[-7.4,-8.5],[7.4,0],[-7.4,8.5]]},"ix":2}},{"ty":"fl","nm":"Fill 1","c":{"a":0,"k":[1,0.757,0.028],"ix":4},"r":1,"o":{"a":0,"k":100,"ix":5}},{"ty":"tr","a":{"a":0,"k":[0,0],"ix":1},"s":{"a":0,"k":[100,100],"ix":3},"sk":{"a":0,"k":0,"ix":4},"p":{"a":0,"k":[50.65,79.05],"ix":2},"r":{"a":0,"k":0,"ix":6},"sa":{"a":0,"k":0,"ix":5},"o":{"a":0,"k":100,"ix":7}}]},{"ty":"gr","nm":"Group 7","ix":7,"cix":2,"it":[{"ty":"sh","nm":"Path 1","ix":1,"d":1,"ks":{"a":0,"k":{"c":true,"i":[[0,0],[0,0],[0,0]],"o":[[0,0],[0,0],[0,0]],"v":[[7.4,-8.5],[-7.4,0],[7.4,8.5]]},"ix":2}},{"ty":"fl","nm":"Fill 1","c":{"a":0,"k":[1,0.757,0.028],"ix":4},"r":1,"o":{"a":0,"k":100,"ix":5}},{"ty":"tr","a":{"a":0,"k":[0,0],"ix":1},"s":{"a":0,"k":[100,100],"ix":3},"sk":{"a":0,"k":0,"ix":4},"p":{"a":0,"k":[50.651,70.55],"ix":2},"r":{"a":0,"k":0,"ix":6},"sa":{"a":0,"k":0,"ix":5},"o":{"a":0,"k":100,"ix":7}}]},{"ty":"gr","nm":"Group 8","ix":8,"cix":2,"it":[{"ty":"sh","nm":"Path 1","ix":1,"d":1,"ks":{"a":0,"k":{"c":true,"i":[[0,0],[0,0],[0,0]],"o":[[0,0],[0,0],[0,0]],"v":[[-7.4,-8.5],[7.4,0],[-7.4,8.5]]},"ix":2}},{"ty":"fl","nm":"Fill 1","c":{"a":0,"k":[1,0.757,0.028],"ix":4},"r":1,"o":{"a":0,"k":100,"ix":5}},{"ty":"tr","a":{"a":0,"k":[0,0],"ix":1},"s":{"a":0,"k":[100,100],"ix":3},"sk":{"a":0,"k":0,"ix":4},"p":{"a":0,"k":[65.451,70.55],"ix":2},"r":{"a":0,"k":0,"ix":6},"sa":{"a":0,"k":0,"ix":5},"o":{"a":0,"k":100,"ix":7}}]},{"ty":"gr","nm":"Group 9","ix":9,"cix":2,"it":[{"ty":"sh","nm":"Path 1","ix":1,"d":1,"ks":{"a":0,"k":{"c":true,"i":[[0,0],[0,0],[0,0],[0,0],[0,0],[0,0]],"o":[[0,0],[0,0],[0,0],[0,0],[0,0],[0,0]],"v":[[-42.55,-4.95],[45.25,-3.75],[48.25,-2.05],[41.151,4.95],[38.75,3.45],[-48.25,1.05]]},"ix":2}},{"ty":"fl","nm":"Fill 1","c":{"a":0,"k":[0.647,0.773,0.8],"ix":4},"r":1,"o":{"a":0,"k":100,"ix":5}},{"ty":"tr","a":{"a":0,"k":[0,0],"ix":1},"s":{"a":0,"k":[100,100],"ix":3},"sk":{"a":0,"k":0,"ix":4},"p":{"a":0,"k":[58.8,14.7],"ix":2},"r":{"a":0,"k":0,"ix":6},"sa":{"a":0,"k":0,"ix":5},"o":{"a":0,"k":100,"ix":7}}]},{"ty":"gr","nm":"Group 10","ix":10,"cix":2,"it":[{"ty":"sh","nm":"Path 1","ix":1,"d":1,"ks":{"a":0,"k":{"c":true,"i":[[0,0],[0,0],[0,0],[0,0]],"o":[[0,0],[0,0],[0,0],[0,0]],"v":[[4.15,14.9],[2.95,-22],[-4.15,-15],[-2.951,22]]},"ix":2}},{"ty":"fl","nm":"Fill 1","c":{"a":0,"k":[0.647,0.773,0.8],"ix":4},"r":1,"o":{"a":0,"k":100,"ix":5}},{"ty":"tr","a":{"a":0,"k":[0,0],"ix":1},"s":{"a":0,"k":[100,100],"ix":3},"sk":{"a":0,"k":0,"ix":4},"p":{"a":0,"k":[104.101,34.65],"ix":2},"r":{"a":0,"k":0,"ix":6},"sa":{"a":0,"k":0,"ix":5},"o":{"a":0,"k":100,"ix":7}}]},{"ty":"gr","nm":"Group 11","ix":11,"cix":2,"it":[{"ty":"sh","nm":"Path 1","ix":1,"d":1,"ks":{"a":0,"k":{"c":true,"i":[[0,0],[0,0],[0,0],[0,0]],"o":[[0,0],[0,0],[0,0],[0,0]],"v":[[-45.7,-46.7],[-45.7,46.7],[45.7,46.7],[45.7,-45.1]]},"ix":2}},{"ty":"fl","nm":"Fill 1","c":{"a":0,"k":[1,1,1],"ix":4},"r":1,"o":{"a":0,"k":15,"ix":5}},{"ty":"tr","a":{"a":0,"k":[0,0],"ix":1},"s":{"a":0,"k":[100,100],"ix":3},"sk":{"a":0,"k":0,"ix":4},"p":{"a":0,"k":[45.95,72.85],"ix":2},"r":{"a":0,"k":0,"ix":6},"sa":{"a":0,"k":0,"ix":5},"o":{"a":0,"k":100,"ix":7}}]},{"ty":"gr","nm":"Group 12","ix":12,"cix":2,"it":[{"ty":"sh","nm":"Path 1","ix":1,"d":1,"ks":{"a":0,"k":{"c":true,"i":[[0,0],[0,0],[0,0],[0,0]],"o":[[0,0],[0,0],[0,0],[0,0]],"v":[[-45.7,-46.7],[-45.7,46.7],[45.7,46.7],[45.7,-45.1]]},"ix":2}},{"ty":"fl","nm":"Fill 1","c":{"a":0,"k":[0.957,0.933,0.69],"ix":4},"r":1,"o":{"a":0,"k":100,"ix":5}},{"ty":"tr","a":{"a":0,"k":[0,0],"ix":1},"s":{"a":0,"k":[100,100],"ix":3},"sk":{"a":0,"k":0,"ix":4},"p":{"a":0,"k":[46.05,72.85],"ix":2},"r":{"a":0,"k":0,"ix":6},"sa":{"a":0,"k":0,"ix":5},"o":{"a":0,"k":100,"ix":7}}]},{"ty":"gr","nm":"Group 13","ix":13,"cix":2,"it":[{"ty":"sh","nm":"Path 1","ix":1,"d":1,"ks":{"a":0,"k":{"c":true,"i":[[0,0],[0,0],[0,0],[0,0]],"o":[[0,0],[0,0],[0,0],[0,0]],"v":[[13.9,34.15],[13.9,-59.65],[-13.9,-32.25],[-13.9,59.65]]},"ix":2}},{"ty":"fl","nm":"Fill 1","c":{"a":0,"k":[0.82,0.8,0.592],"ix":4},"r":1,"o":{"a":0,"k":100,"ix":5}},{"ty":"tr","a":{"a":0,"k":[0,0],"ix":1},"s":{"a":0,"k":[100,100],"ix":3},"sk":{"a":0,"k":0,"ix":4},"p":{"a":0,"k":[105.55,59.9],"ix":2},"r":{"a":0,"k":0,"ix":6},"sa":{"a":0,"k":0,"ix":5},"o":{"a":0,"k":100,"ix":7}}]},{"ty":"gr","nm":"Group 14","ix":14,"cix":2,"it":[{"ty":"sh","nm":"Path 1","ix":1,"d":1,"ks":{"a":0,"k":{"c":true,"i":[[0,0],[0,0],[0,0],[0,0]],"o":[[0,0],[0,0],[0,0],[0,0]],"v":[[59.6,-13.7],[31.8,13.7],[-59.6,12.1],[-34.5,-13.7]]},"ix":2}},{"ty":"fl","nm":"Fill 1","c":{"a":0,"k":[0.957,0.933,0.69],"ix":4},"r":1,"o":{"a":0,"k":100,"ix":5}},{"ty":"tr","a":{"a":0,"k":[0,0],"ix":1},"s":{"a":0,"k":[100,100],"ix":3},"sk":{"a":0,"k":0,"ix":4},"p":{"a":0,"k":[59.85,13.95],"ix":2},"r":{"a":0,"k":0,"ix":6},"sa":{"a":0,"k":0,"ix":5},"o":{"a":0,"k":100,"ix":7}}]}],"ind":3},{"ty":4,"nm":"checklist Outlines","sr":1,"st":-76,"op":524,"ip":259,"hasMask":false,"ao":0,"ks":{"a":{"a":0,"k":[50.5,62.525,0],"ix":1},"s":{"a":1,"k":[{"o":{"x":0.333,"y":0},"i":{"x":0.667,"y":1},"s":[0,0,100],"t":259},{"o":{"x":0.333,"y":0},"i":{"x":0.667,"y":1},"s":[105,105,100],"t":280},{"o":{"x":0.333,"y":0},"i":{"x":0.667,"y":1},"s":[95,95,100],"t":288},{"s":[100,100,100],"t":296}],"ix":6},"sk":{"a":0,"k":0},"p":{"a":0,"k":[569,335.044,0],"ix":2},"r":{"a":0,"k":0,"ix":10},"sa":{"a":0,"k":0},"o":{"a":0,"k":100,"ix":11}},"ef":[],"shapes":[{"ty":"gr","nm":"Group 1","ix":1,"cix":2,"it":[{"ty":"sh","nm":"Path 1","ix":1,"d":1,"ks":{"a":0,"k":{"c":true,"i":[[0,0],[0,0],[0,0],[0,0],[0,0],[0,0]],"o":[[0,0],[0,0],[0,0],[0,0],[0,0],[0,0]],"v":[[-3.85,-0.9],[-0.75,1.9],[3.65,-4.5],[5.15,-3.2],[-0.75,4.5],[-5.15,-0.4]]},"ix":2}},{"ty":"fl","nm":"Fill 1","c":{"a":0,"k":[1,1,1],"ix":4},"r":1,"o":{"a":0,"k":100,"ix":5}},{"ty":"tr","a":{"a":0,"k":[0,0],"ix":1},"s":{"a":0,"k":[100,100],"ix":3},"sk":{"a":0,"k":0,"ix":4},"p":{"a":0,"k":[21.35,101.25],"ix":2},"r":{"a":0,"k":0,"ix":6},"sa":{"a":0,"k":0,"ix":5},"o":{"a":0,"k":100,"ix":7}}]},{"ty":"gr","nm":"Group 2","ix":2,"cix":2,"it":[{"ty":"sh","nm":"Path 1","ix":1,"d":1,"ks":{"a":0,"k":{"c":true,"i":[[0,0],[0,0],[0,0],[0,0],[0,0],[0,0]],"o":[[0,0],[0,0],[0,0],[0,0],[0,0],[0,0]],"v":[[-3.85,-0.9],[-0.75,1.9],[3.65,-4.5],[5.15,-3.2],[-0.75,4.5],[-5.15,-0.4]]},"ix":2}},{"ty":"fl","nm":"Fill 1","c":{"a":0,"k":[1,1,1],"ix":4},"r":1,"o":{"a":0,"k":100,"ix":5}},{"ty":"tr","a":{"a":0,"k":[0,0],"ix":1},"s":{"a":0,"k":[100,100],"ix":3},"sk":{"a":0,"k":0,"ix":4},"p":{"a":0,"k":[21.35,65.75],"ix":2},"r":{"a":0,"k":0,"ix":6},"sa":{"a":0,"k":0,"ix":5},"o":{"a":0,"k":100,"ix":7}}]},{"ty":"gr","nm":"Group 3","ix":3,"cix":2,"it":[{"ty":"sh","nm":"Path 1","ix":1,"d":1,"ks":{"a":0,"k":{"c":true,"i":[[0,0],[0,0],[0,0],[0,0],[0,0],[0,0]],"o":[[0,0],[0,0],[0,0],[0,0],[0,0],[0,0]],"v":[[-3.85,-0.9],[-0.75,1.9],[3.65,-4.5],[5.15,-3.2],[-0.75,4.5],[-5.15,-0.4]]},"ix":2}},{"ty":"fl","nm":"Fill 1","c":{"a":0,"k":[1,1,1],"ix":4},"r":1,"o":{"a":0,"k":100,"ix":5}},{"ty":"tr","a":{"a":0,"k":[0,0],"ix":1},"s":{"a":0,"k":[100,100],"ix":3},"sk":{"a":0,"k":0,"ix":4},"p":{"a":0,"k":[21.35,30.15],"ix":2},"r":{"a":0,"k":0,"ix":6},"sa":{"a":0,"k":0,"ix":5},"o":{"a":0,"k":100,"ix":7}}]},{"ty":"gr","nm":"Group 5","ix":4,"cix":2,"it":[{"ty":"sh","nm":"Path 1","ix":1,"d":1,"ks":{"a":0,"k":{"c":true,"i":[[0,0],[0,0],[0,0],[0,0]],"o":[[0,0],[0,0],[0,0],[0,0]],"v":[[-20.55,-0.949],[20.55,-0.949],[20.55,0.949],[-20.55,0.949]]},"ix":2}},{"ty":"fl","nm":"Fill 1","c":{"a":0,"k":[0.878,0.878,0.878],"ix":4},"r":1,"o":{"a":0,"k":100,"ix":5}},{"ty":"tr","a":{"a":0,"k":[0,0],"ix":1},"s":{"a":0,"k":[100,100],"ix":3},"sk":{"a":0,"k":0,"ix":4},"p":{"a":0,"k":[64.45,103.7],"ix":2},"r":{"a":0,"k":0,"ix":6},"sa":{"a":0,"k":0,"ix":5},"o":{"a":0,"k":100,"ix":7}}]},{"ty":"gr","nm":"Group 6","ix":5,"cix":2,"it":[{"ty":"sh","nm":"Path 1","ix":1,"d":1,"ks":{"a":0,"k":{"c":true,"i":[[0,0],[0,0],[0,0],[0,0]],"o":[[0,0],[0,0],[0,0],[0,0]],"v":[[-22.099,-0.949],[22.099,-0.949],[22.099,0.949],[-22.099,0.949]]},"ix":2}},{"ty":"fl","nm":"Fill 1","c":{"a":0,"k":[0.878,0.878,0.878],"ix":4},"r":1,"o":{"a":0,"k":100,"ix":5}},{"ty":"tr","a":{"a":0,"k":[0,0],"ix":1},"s":{"a":0,"k":[100,100],"ix":3},"sk":{"a":0,"k":0,"ix":4},"p":{"a":0,"k":[66,100.9],"ix":2},"r":{"a":0,"k":0,"ix":6},"sa":{"a":0,"k":0,"ix":5},"o":{"a":0,"k":100,"ix":7}}]},{"ty":"gr","nm":"Group 7","ix":6,"cix":2,"it":[{"ty":"sh","nm":"Path 1","ix":1,"d":1,"ks":{"a":0,"k":{"c":true,"i":[[0,0],[0,0],[0,0],[0,0]],"o":[[0,0],[0,0],[0,0],[0,0]],"v":[[-13.4,-0.95],[13.4,-0.95],[13.4,0.95],[-13.4,0.95]]},"ix":2}},{"ty":"fl","nm":"Fill 1","c":{"a":0,"k":[0.878,0.878,0.878],"ix":4},"r":1,"o":{"a":0,"k":100,"ix":5}},{"ty":"tr","a":{"a":0,"k":[0,0],"ix":1},"s":{"a":0,"k":[100,100],"ix":3},"sk":{"a":0,"k":0,"ix":4},"p":{"a":0,"k":[57.3,98.1],"ix":2},"r":{"a":0,"k":0,"ix":6},"sa":{"a":0,"k":0,"ix":5},"o":{"a":0,"k":100,"ix":7}}]},{"ty":"gr","nm":"Group 8","ix":7,"cix":2,"it":[{"ty":"sh","nm":"Path 1","ix":1,"d":1,"ks":{"a":0,"k":{"c":true,"i":[[0,0],[0,0],[0,0],[0,0]],"o":[[0,0],[0,0],[0,0],[0,0]],"v":[[-20.55,-0.949],[20.55,-0.949],[20.55,0.949],[-20.55,0.949]]},"ix":2}},{"ty":"fl","nm":"Fill 1","c":{"a":0,"k":[0.878,0.878,0.878],"ix":4},"r":1,"o":{"a":0,"k":100,"ix":5}},{"ty":"tr","a":{"a":0,"k":[0,0],"ix":1},"s":{"a":0,"k":[100,100],"ix":3},"sk":{"a":0,"k":0,"ix":4},"p":{"a":0,"k":[64.45,68.4],"ix":2},"r":{"a":0,"k":0,"ix":6},"sa":{"a":0,"k":0,"ix":5},"o":{"a":0,"k":100,"ix":7}}]},{"ty":"gr","nm":"Group 9","ix":8,"cix":2,"it":[{"ty":"sh","nm":"Path 1","ix":1,"d":1,"ks":{"a":0,"k":{"c":true,"i":[[0,0],[0,0],[0,0],[0,0]],"o":[[0,0],[0,0],[0,0],[0,0]],"v":[[-22.099,-0.95],[22.099,-0.95],[22.099,0.95],[-22.099,0.95]]},"ix":2}},{"ty":"fl","nm":"Fill 1","c":{"a":0,"k":[0.878,0.878,0.878],"ix":4},"r":1,"o":{"a":0,"k":100,"ix":5}},{"ty":"tr","a":{"a":0,"k":[0,0],"ix":1},"s":{"a":0,"k":[100,100],"ix":3},"sk":{"a":0,"k":0,"ix":4},"p":{"a":0,"k":[66,65.6],"ix":2},"r":{"a":0,"k":0,"ix":6},"sa":{"a":0,"k":0,"ix":5},"o":{"a":0,"k":100,"ix":7}}]},{"ty":"gr","nm":"Group 10","ix":9,"cix":2,"it":[{"ty":"sh","nm":"Path 1","ix":1,"d":1,"ks":{"a":0,"k":{"c":true,"i":[[0,0],[0,0],[0,0],[0,0]],"o":[[0,0],[0,0],[0,0],[0,0]],"v":[[-13.4,-0.95],[13.4,-0.95],[13.4,0.95],[-13.4,0.95]]},"ix":2}},{"ty":"fl","nm":"Fill 1","c":{"a":0,"k":[0.878,0.878,0.878],"ix":4},"r":1,"o":{"a":0,"k":100,"ix":5}},{"ty":"tr","a":{"a":0,"k":[0,0],"ix":1},"s":{"a":0,"k":[100,100],"ix":3},"sk":{"a":0,"k":0,"ix":4},"p":{"a":0,"k":[57.3,62.8],"ix":2},"r":{"a":0,"k":0,"ix":6},"sa":{"a":0,"k":0,"ix":5},"o":{"a":0,"k":100,"ix":7}}]},{"ty":"gr","nm":"Group 11","ix":10,"cix":2,"it":[{"ty":"sh","nm":"Path 1","ix":1,"d":1,"ks":{"a":0,"k":{"c":true,"i":[[0,0],[0,0],[0,0],[0,0]],"o":[[0,0],[0,0],[0,0],[0,0]],"v":[[-20.55,-0.95],[20.55,-0.95],[20.55,0.95],[-20.55,0.95]]},"ix":2}},{"ty":"fl","nm":"Fill 1","c":{"a":0,"k":[0.878,0.878,0.878],"ix":4},"r":1,"o":{"a":0,"k":100,"ix":5}},{"ty":"tr","a":{"a":0,"k":[0,0],"ix":1},"s":{"a":0,"k":[100,100],"ix":3},"sk":{"a":0,"k":0,"ix":4},"p":{"a":0,"k":[64.45,33.1],"ix":2},"r":{"a":0,"k":0,"ix":6},"sa":{"a":0,"k":0,"ix":5},"o":{"a":0,"k":100,"ix":7}}]},{"ty":"gr","nm":"Group 12","ix":11,"cix":2,"it":[{"ty":"sh","nm":"Path 1","ix":1,"d":1,"ks":{"a":0,"k":{"c":true,"i":[[0,0],[0,0],[0,0],[0,0]],"o":[[0,0],[0,0],[0,0],[0,0]],"v":[[-22.099,-0.95],[22.099,-0.95],[22.099,0.95],[-22.099,0.95]]},"ix":2}},{"ty":"fl","nm":"Fill 1","c":{"a":0,"k":[0.878,0.878,0.878],"ix":4},"r":1,"o":{"a":0,"k":100,"ix":5}},{"ty":"tr","a":{"a":0,"k":[0,0],"ix":1},"s":{"a":0,"k":[100,100],"ix":3},"sk":{"a":0,"k":0,"ix":4},"p":{"a":0,"k":[66,30.3],"ix":2},"r":{"a":0,"k":0,"ix":6},"sa":{"a":0,"k":0,"ix":5},"o":{"a":0,"k":100,"ix":7}}]},{"ty":"gr","nm":"Group 13","ix":12,"cix":2,"it":[{"ty":"sh","nm":"Path 1","ix":1,"d":1,"ks":{"a":0,"k":{"c":true,"i":[[0,0],[0,0],[0,0],[0,0]],"o":[[0,0],[0,0],[0,0],[0,0]],"v":[[-13.4,-0.95],[13.4,-0.95],[13.4,0.95],[-13.4,0.95]]},"ix":2}},{"ty":"fl","nm":"Fill 1","c":{"a":0,"k":[0.878,0.878,0.878],"ix":4},"r":1,"o":{"a":0,"k":100,"ix":5}},{"ty":"tr","a":{"a":0,"k":[0,0],"ix":1},"s":{"a":0,"k":[100,100],"ix":3},"sk":{"a":0,"k":0,"ix":4},"p":{"a":0,"k":[57.3,27.5],"ix":2},"r":{"a":0,"k":0,"ix":6},"sa":{"a":0,"k":0,"ix":5},"o":{"a":0,"k":100,"ix":7}}]},{"ty":"gr","nm":"Group 14","ix":13,"cix":2,"it":[{"ty":"sh","nm":"Path 1","ix":1,"d":1,"ks":{"a":0,"k":{"c":true,"i":[[0,0],[0,0],[0,0],[0,0]],"o":[[0,0],[0,0],[0,0],[0,0]],"v":[[-9.8,-9.8],[9.8,-9.8],[9.8,9.8],[-9.8,9.8]]},"ix":2}},{"ty":"fl","nm":"Fill 1","c":{"a":0,"k":[1,0.757,0.028],"ix":4},"r":1,"o":{"a":0,"k":100,"ix":5}},{"ty":"tr","a":{"a":0,"k":[0,0],"ix":1},"s":{"a":0,"k":[100,100],"ix":3},"sk":{"a":0,"k":0,"ix":4},"p":{"a":0,"k":[21.3,100.85],"ix":2},"r":{"a":0,"k":0,"ix":6},"sa":{"a":0,"k":0,"ix":5},"o":{"a":0,"k":100,"ix":7}}]},{"ty":"gr","nm":"Group 15","ix":14,"cix":2,"it":[{"ty":"sh","nm":"Path 1","ix":1,"d":1,"ks":{"a":0,"k":{"c":true,"i":[[0,0],[0,0],[0,0],[0,0]],"o":[[0,0],[0,0],[0,0],[0,0]],"v":[[-9.8,-9.801],[9.8,-9.801],[9.8,9.801],[-9.8,9.801]]},"ix":2}},{"ty":"fl","nm":"Fill 1","c":{"a":0,"k":[1,0.757,0.028],"ix":4},"r":1,"o":{"a":0,"k":100,"ix":5}},{"ty":"tr","a":{"a":0,"k":[0,0],"ix":1},"s":{"a":0,"k":[100,100],"ix":3},"sk":{"a":0,"k":0,"ix":4},"p":{"a":0,"k":[21.3,65.65],"ix":2},"r":{"a":0,"k":0,"ix":6},"sa":{"a":0,"k":0,"ix":5},"o":{"a":0,"k":100,"ix":7}}]},{"ty":"gr","nm":"Group 16","ix":15,"cix":2,"it":[{"ty":"sh","nm":"Path 1","ix":1,"d":1,"ks":{"a":0,"k":{"c":true,"i":[[0,0],[0,0],[0,0],[0,0]],"o":[[0,0],[0,0],[0,0],[0,0]],"v":[[-9.8,-9.8],[9.8,-9.8],[9.8,9.8],[-9.8,9.8]]},"ix":2}},{"ty":"fl","nm":"Fill 1","c":{"a":0,"k":[1,0.757,0.028],"ix":4},"r":1,"o":{"a":0,"k":100,"ix":5}},{"ty":"tr","a":{"a":0,"k":[0,0],"ix":1},"s":{"a":0,"k":[100,100],"ix":3},"sk":{"a":0,"k":0,"ix":4},"p":{"a":0,"k":[21.3,30.35],"ix":2},"r":{"a":0,"k":0,"ix":6},"sa":{"a":0,"k":0,"ix":5},"o":{"a":0,"k":100,"ix":7}}]},{"ty":"gr","nm":"Group 20","ix":16,"cix":2,"it":[{"ty":"sh","nm":"Path 1","ix":1,"d":1,"ks":{"a":0,"k":{"c":true,"i":[[0,0],[0,0],[0,0],[0,0]],"o":[[0,0],[0,0],[0,0],[0,0]],"v":[[-23.9,-5.65],[23.9,-5.65],[23.9,5.65],[-23.9,5.65]]},"ix":2}},{"ty":"fl","nm":"Fill 1","c":{"a":0,"k":[1,0.757,0.028],"ix":4},"r":1,"o":{"a":0,"k":100,"ix":5}},{"ty":"tr","a":{"a":0,"k":[0,0],"ix":1},"s":{"a":0,"k":[100,100],"ix":3},"sk":{"a":0,"k":0,"ix":4},"p":{"a":0,"k":[50.6,5.9],"ix":2},"r":{"a":0,"k":0,"ix":6},"sa":{"a":0,"k":0,"ix":5},"o":{"a":0,"k":100,"ix":7}}]},{"ty":"gr","nm":"Group 21","ix":17,"cix":2,"it":[{"ty":"sh","nm":"Path 1","ix":1,"d":1,"ks":{"a":0,"k":{"c":true,"i":[[0,0],[0,0],[0,0],[0,0]],"o":[[0,0],[0,0],[0,0],[0,0]],"v":[[-24.4,-5.95],[-24.4,5.95],[24.4,5.95],[24.4,-5.95]]},"ix":2}},{"ty":"fl","nm":"Fill 1","c":{"a":0,"k":[0.502,0.502,0.502],"ix":4},"r":1,"o":{"a":0,"k":100,"ix":5}},{"ty":"tr","a":{"a":0,"k":[0,0],"ix":1},"s":{"a":0,"k":[100,100],"ix":3},"sk":{"a":0,"k":0,"ix":4},"p":{"a":0,"k":[50.6,6.2],"ix":2},"r":{"a":0,"k":0,"ix":6},"sa":{"a":0,"k":0,"ix":5},"o":{"a":0,"k":100,"ix":7}}]},{"ty":"gr","nm":"Group 22","ix":18,"cix":2,"it":[{"ty":"sh","nm":"Path 1","ix":1,"d":1,"ks":{"a":0,"k":{"c":true,"i":[[0,0],[0,0],[0,0],[0,0]],"o":[[0,0],[0,0],[0,0],[0,0]],"v":[[-49.2,-59.6],[49.2,-59.6],[49.2,59.6],[-49.2,59.6]]},"ix":2}},{"ty":"fl","nm":"Fill 1","c":{"a":0,"k":[0.926,0.926,0.926],"ix":4},"r":1,"o":{"a":0,"k":100,"ix":5}},{"ty":"tr","a":{"a":0,"k":[0,0],"ix":1},"s":{"a":0,"k":[100,100],"ix":3},"sk":{"a":0,"k":0,"ix":4},"p":{"a":0,"k":[50.5,63.35],"ix":2},"r":{"a":0,"k":0,"ix":6},"sa":{"a":0,"k":0,"ix":5},"o":{"a":0,"k":100,"ix":7}}]}],"ind":4},{"ty":4,"nm":"people Outlines","sr":1,"st":0,"op":600,"ip":0,"hasMask":false,"ao":0,"ks":{"a":{"a":0,"k":[174.773,162.302,0],"ix":1},"s":{"a":0,"k":[100,100,100],"ix":6},"sk":{"a":0,"k":0},"p":{"a":0,"k":[328.5,443.655,0],"ix":2},"r":{"a":0,"k":0,"ix":10},"sa":{"a":0,"k":0},"o":{"a":0,"k":100,"ix":11}},"ef":[],"shapes":[{"ty":"gr","nm":"Group 1","ix":1,"cix":2,"it":[{"ty":"sh","nm":"Path 1","ix":1,"d":1,"ks":{"a":0,"k":{"c":true,"i":[[-2.43,0],[0,-2.429],[2.431,0],[0,2.431]],"o":[[2.431,0],[0,2.431],[-2.43,0],[0,-2.429]],"v":[[0,-4.4],[4.4,-0.001],[0,4.4],[-4.4,-0.001]]},"ix":2}},{"ty":"fl","nm":"Fill 1","c":{"a":0,"k":[0.878,0.878,0.878],"ix":4},"r":1,"o":{"a":0,"k":100,"ix":5}},{"ty":"tr","a":{"a":0,"k":[0,0],"ix":1},"s":{"a":0,"k":[100,100],"ix":3},"sk":{"a":0,"k":0,"ix":4},"p":{"a":0,"k":[202.595,171.155],"ix":2},"r":{"a":0,"k":0,"ix":6},"sa":{"a":0,"k":0,"ix":5},"o":{"a":0,"k":100,"ix":7}}]},{"ty":"gr","nm":"Group 2","ix":2,"cix":2,"it":[{"ty":"sh","nm":"Path 1","ix":1,"d":1,"ks":{"a":0,"k":{"c":true,"i":[[-9.2,0],[0,0],[0,-9.2],[0,0],[9.2,0],[0,0],[0,9.2],[0,0]],"o":[[0,0],[9.2,0],[0,0],[0,9.2],[0,0],[-9.2,0],[0,0],[0,-9.2]],"v":[[-50.8,-48.35],[50.8,-48.35],[67.5,-31.65],[67.5,31.65],[50.8,48.35],[-50.8,48.35],[-67.5,31.65],[-67.5,-31.65]]},"ix":2}},{"ty":"fl","nm":"Fill 1","c":{"a":0,"k":[0.326,0.329,0.38],"ix":4},"r":1,"o":{"a":0,"k":100,"ix":5}},{"ty":"tr","a":{"a":0,"k":[0,0],"ix":1},"s":{"a":0,"k":[100,100],"ix":3},"sk":{"a":0,"k":0,"ix":4},"p":{"a":0,"k":[196.295,171.805],"ix":2},"r":{"a":0,"k":0,"ix":6},"sa":{"a":0,"k":0,"ix":5},"o":{"a":0,"k":100,"ix":7}}]},{"ty":"gr","nm":"Group 3","ix":3,"cix":2,"it":[{"ty":"sh","nm":"Path 1","ix":1,"d":1,"ks":{"a":0,"k":{"c":true,"i":[[-9.3,0],[0,0],[0,-9.2],[0,0],[9.2,0],[0,0],[0,9.2],[0,0]],"o":[[0,0],[9.2,0],[0,0],[0,9.2],[0,0],[-9.2,0],[0,0],[-0.1,-9.2]],"v":[[-50.75,-48.35],[50.85,-48.35],[67.55,-31.65],[67.55,31.65],[50.85,48.35],[-50.75,48.35],[-67.45,31.65],[-67.45,-31.65]]},"ix":2}},{"ty":"fl","nm":"Fill 1","c":{"a":0,"k":[0.243,0.247,0.286],"ix":4},"r":1,"o":{"a":0,"k":100,"ix":5}},{"ty":"tr","a":{"a":0,"k":[0,0],"ix":1},"s":{"a":0,"k":[100,100],"ix":3},"sk":{"a":0,"k":0,"ix":4},"p":{"a":0,"k":[194.444,171.805],"ix":2},"r":{"a":0,"k":0,"ix":6},"sa":{"a":0,"k":0,"ix":5},"o":{"a":0,"k":100,"ix":7}}]},{"ty":"gr","nm":"Group 5","ix":4,"cix":2,"it":[{"ty":"sh","nm":"Path 1","ix":1,"d":1,"ks":{"a":0,"k":{"c":true,"i":[[-2.2,0],[0,0],[0,-2.2],[2.2,0],[0,0],[0,2.2]],"o":[[0,0],[2.2,0],[0,2.2],[0,0],[-2.2,0],[0,-2.2]],"v":[[-24.65,-4],[24.65,-4],[28.65,0],[24.65,4],[-24.65,4],[-28.65,0]]},"ix":2}},{"ty":"fl","nm":"Fill 1","c":{"a":0,"k":[0.326,0.329,0.38],"ix":4},"r":1,"o":{"a":0,"k":100,"ix":5}},{"ty":"tr","a":{"a":0,"k":[0,0],"ix":1},"s":{"a":0,"k":[100,100],"ix":3},"sk":{"a":0,"k":0,"ix":4},"p":{"a":0,"k":[118.145,216.055],"ix":2},"r":{"a":0,"k":0,"ix":6},"sa":{"a":0,"k":0,"ix":5},"o":{"a":0,"k":100,"ix":7}}]},{"ty":"gr","nm":"Group 6","ix":5,"cix":2,"it":[{"ty":"sh","nm":"Path 1","ix":1,"d":1,"ks":{"a":0,"k":{"c":true,"i":[[0,0],[0,0],[0,0],[0,0]],"o":[[0,0],[0,0],[0,0],[0,0]],"v":[[-149.949,-12.8],[149.949,-12.8],[149.949,12.8],[-149.949,12.8]]},"ix":2}},{"ty":"fl","nm":"Fill 1","c":{"a":0,"k":[0.878,0.878,0.878],"ix":4},"r":1,"o":{"a":0,"k":100,"ix":5}},{"ty":"tr","a":{"a":0,"k":[0,0],"ix":1},"s":{"a":0,"k":[100,100],"ix":3},"sk":{"a":0,"k":0,"ix":4},"p":{"a":0,"k":[196.444,231.155],"ix":2},"r":{"a":0,"k":0,"ix":6},"sa":{"a":0,"k":0,"ix":5},"o":{"a":0,"k":100,"ix":7}}]},{"ty":"gr","nm":"Group 7","ix":6,"cix":2,"it":[{"ty":"sh","nm":"Path 1","ix":1,"d":1,"ks":{"a":0,"k":{"c":true,"i":[[0,0],[0,0],[0,0],[0,0]],"o":[[0,0],[0,0],[0,0],[0,0]],"v":[[-328.5,328.5],[328.5,328.5],[328.5,-328.5],[-328.5,-328.5]]},"ix":2}},{"ty":"sh","nm":"Path 2","ix":2,"d":1,"ks":{"a":0,"k":{"c":true,"i":[[0,0],[0,0],[0,0],[0,0]],"o":[[0,0],[0,0],[0,0],[0,0]],"v":[[-328.5,-328.5],[328.5,-328.5],[328.5,328.5],[-328.5,328.5]]},"ix":2}},{"ty":"sh","nm":"Path 3","ix":3,"d":1,"ks":{"a":0,"k":{"c":true,"i":[[0,0],[0,0],[0,0],[0,0]],"o":[[0,0],[0,0],[0,0],[0,0]],"v":[[-110.778,201.807],[154.822,201.807],[154.822,186.807],[-110.778,186.807]]},"ix":2}},{"ty":"mm","nm":"Merge Paths 1","mm":1},{"ty":"fl","nm":"Fill 1","c":{"a":0,"k":[0,0,0],"ix":4},"r":1,"o":{"a":0,"k":15,"ix":5}},{"ty":"tr","a":{"a":0,"k":[0,0],"ix":1},"s":{"a":0,"k":[100,100],"ix":3},"sk":{"a":0,"k":0,"ix":4},"p":{"a":0,"k":[174.773,47.148],"ix":2},"r":{"a":0,"k":0,"ix":6},"sa":{"a":0,"k":0,"ix":5},"o":{"a":0,"k":100,"ix":7}}]},{"ty":"gr","nm":"Group 8","ix":7,"cix":2,"it":[{"ty":"sh","nm":"Path 1","ix":1,"d":1,"ks":{"a":0,"k":{"c":true,"i":[[0,0],[0,0],[0,0],[0,0]],"o":[[0,0],[0,0],[0,0],[0,0]],"v":[[-132.8,-47.7],[132.8,-47.7],[132.8,47.7],[-132.8,47.7]]},"ix":2}},{"ty":"fl","nm":"Fill 1","c":{"a":0,"k":[0.878,0.878,0.878],"ix":4},"r":1,"o":{"a":0,"k":100,"ix":5}},{"ty":"tr","a":{"a":0,"k":[0,0],"ix":1},"s":{"a":0,"k":[100,100],"ix":3},"sk":{"a":0,"k":0,"ix":4},"p":{"a":0,"k":[196.795,276.655],"ix":2},"r":{"a":0,"k":0,"ix":6},"sa":{"a":0,"k":0,"ix":5},"o":{"a":0,"k":100,"ix":7}}]},{"ty":"gr","nm":"Group 10","ix":8,"cix":2,"it":[{"ty":"sh","nm":"Path 1","ix":1,"d":1,"ks":{"a":0,"k":{"c":false,"i":[[0,0],[-2.5,-3.7]],"o":[[0,0],[0,0]],"v":[[3.661,-5.3],[-3.239,5.3]]},"ix":2}},{"ty":"fl","nm":"Fill 1","c":{"a":0,"k":[0,0,0],"ix":4},"r":1,"o":{"a":0,"k":100,"ix":5}},{"ty":"tr","a":{"a":0,"k":[0,0],"ix":1},"s":{"a":0,"k":[100,100],"ix":3},"sk":{"a":0,"k":0,"ix":4},"p":{"a":0,"k":[281.633,150.655],"ix":2},"r":{"a":0,"k":0,"ix":6},"sa":{"a":0,"k":0,"ix":5},"o":{"a":0,"k":100,"ix":7}}]},{"ty":"gr","nm":"Group 11","ix":9,"cix":2,"it":[{"ty":"sh","nm":"Path 1","ix":1,"d":1,"ks":{"a":0,"k":{"c":false,"i":[[0,0],[-9.7,-0.1]],"o":[[9.4,-2.5],[0,0]],"v":[[-14.35,1.853],[14.35,-1.847]]},"ix":2}},{"ty":"fl","nm":"Fill 1","c":{"a":0,"k":[0,0,0],"ix":4},"r":1,"o":{"a":0,"k":100,"ix":5}},{"ty":"tr","a":{"a":0,"k":[0,0],"ix":1},"s":{"a":0,"k":[100,100],"ix":3},"sk":{"a":0,"k":0,"ix":4},"p":{"a":0,"k":[235.444,177.202],"ix":2},"r":{"a":0,"k":0,"ix":6},"sa":{"a":0,"k":0,"ix":5},"o":{"a":0,"k":100,"ix":7}}]},{"ty":"gr","nm":"Group 12","ix":10,"cix":2,"it":[{"ty":"sh","nm":"Path 1","ix":1,"d":1,"ks":{"a":0,"k":{"c":true,"i":[[4.101,-1.9],[1.3,0.1],[5.101,0.3],[3,2.5],[-2,4.8],[-4.4,2.6],[-2.8,0.8],[-6.5,-5.5],[-2.2,-8.2],[-2.899,-0.9],[3.2,1.5],[4.399,1.4]],"o":[[-1.2,0.5],[-5.099,0],[-3.8,-0.3],[-4,-3.3],[2,-4.8],[2.5,-1.6],[8.2,-2.2],[6.5,5.5],[0.8,2.8],[-1.899,3.1],[-4.8,-2.3],[-4.801,-1.6]],"v":[[3.5,13.95],[-0.3,14.45],[-15.5,13.95],[-26.399,10.75],[-29,-3.55],[-18.3,-14.45],[-10.3,-18.05],[13.5,-12.05],[26.4,9.55],[31,16.65],[21.3,18.75],[9.601,6.25]]},"ix":2}},{"ty":"fl","nm":"Fill 1","c":{"a":0,"k":[0.243,0.29,0.302],"ix":4},"r":1,"o":{"a":0,"k":100,"ix":5}},{"ty":"tr","a":{"a":0,"k":[0,0],"ix":1},"s":{"a":0,"k":[100,100],"ix":3},"sk":{"a":0,"k":0,"ix":4},"p":{"a":0,"k":[254.094,53.905],"ix":2},"r":{"a":0,"k":0,"ix":6},"sa":{"a":0,"k":0,"ix":5},"o":{"a":0,"k":100,"ix":7}}]},{"ty":"gr","nm":"Group 13","ix":11,"cix":2,"it":[{"ty":"sh","nm":"Path 1","ix":1,"d":1,"ks":{"a":0,"k":{"c":true,"i":[[4.101,-1.899],[1.3,0.101],[5.101,0.301],[3,2.5],[-2,4.801],[-4.4,2.599],[-2.9,0.8],[-6.5,-5.5],[-2.2,-8.201],[-2.901,-0.899],[3.201,1.5],[4.401,1.399]],"o":[[-1.2,0.5],[-5.099,0],[-3.8,-0.3],[-4,-3.301],[2,-4.8],[2.5,-1.601],[8.2,-2.2],[6.5,5.5],[0.8,2.799],[-1.901,3.101],[-4.799,-2.301],[-4.9,-1.601]],"v":[[3.006,13.575],[-0.794,14.075],[-15.994,13.575],[-26.893,10.376],[-29.494,-3.925],[-18.794,-14.824],[-10.694,-18.425],[13.107,-12.425],[26.006,9.176],[30.607,16.275],[20.906,18.376],[9.206,5.876]]},"ix":2}},{"ty":"fl","nm":"Fill 1","c":{"a":0,"k":[0,0,0],"ix":4},"r":1,"o":{"a":0,"k":15,"ix":5}},{"ty":"tr","a":{"a":0,"k":[0,0],"ix":1},"s":{"a":0,"k":[100,100],"ix":3},"sk":{"a":0,"k":0,"ix":4},"p":{"a":0,"k":[254.588,54.879],"ix":2},"r":{"a":0,"k":0,"ix":6},"sa":{"a":0,"k":0,"ix":5},"o":{"a":0,"k":100,"ix":7}}]},{"ty":"gr","nm":"Group 14","ix":12,"cix":2,"it":[{"ty":"sh","nm":"Path 1","ix":1,"d":1,"ks":{"a":0,"k":{"c":true,"i":[[-15.851,0],[0,-15.851],[15.851,0],[0,15.85]],"o":[[15.851,0],[0,15.85],[-15.851,0],[0,-15.851]],"v":[[0,-28.7],[28.7,0],[0,28.7],[-28.7,0]]},"ix":2}},{"ty":"fl","nm":"Fill 1","c":{"a":0,"k":[0.988,0.643,0.486],"ix":4},"r":1,"o":{"a":0,"k":100,"ix":5}},{"ty":"tr","a":{"a":0,"k":[0,0],"ix":1},"s":{"a":0,"k":[100,100],"ix":3},"sk":{"a":0,"k":0,"ix":4},"p":{"a":0,"k":[250.094,73.955],"ix":2},"r":{"a":0,"k":0,"ix":6},"sa":{"a":0,"k":0,"ix":5},"o":{"a":0,"k":100,"ix":7}}]},{"ty":"gr","nm":"Group 15","ix":13,"cix":2,"it":[{"ty":"sh","nm":"Path 1","ix":1,"d":1,"ks":{"a":0,"k":{"c":true,"i":[[1,4],[0,0],[-0.1,-6.5],[-8.301,7.3]],"o":[[0,0],[0,0],[10.1,4.3],[-2.5,-3.2]],"v":[[10.2,-9.036],[-15.401,-5.335],[-14.7,6.765],[15.4,1.865]]},"ix":2}},{"ty":"fl","nm":"Fill 1","c":{"a":0,"k":[0,0,0],"ix":4},"r":1,"o":{"a":0,"k":15,"ix":5}},{"ty":"tr","a":{"a":0,"k":[0,0],"ix":1},"s":{"a":0,"k":[100,100],"ix":3},"sk":{"a":0,"k":0,"ix":4},"p":{"a":0,"k":[254.794,94.891],"ix":2},"r":{"a":0,"k":0,"ix":6},"sa":{"a":0,"k":0,"ix":5},"o":{"a":0,"k":100,"ix":7}}]},{"ty":"gr","nm":"Group 16","ix":14,"cix":2,"it":[{"ty":"sh","nm":"Path 1","ix":1,"d":1,"ks":{"a":0,"k":{"c":true,"i":[[4.4,-8.8],[-12.5,0.801],[3.7,0.9]],"o":[[0,0],[0,0],[-3.7,-0.901]],"v":[[-14,-0.05],[12.8,8.849],[10.3,-8.75]]},"ix":2}},{"ty":"fl","nm":"Fill 1","c":{"a":0,"k":[1,0.757,0.028],"ix":4},"r":1,"o":{"a":0,"k":100,"ix":5}},{"ty":"tr","a":{"a":0,"k":[0,0],"ix":1},"s":{"a":0,"k":[100,100],"ix":3},"sk":{"a":0,"k":0,"ix":4},"p":{"a":0,"k":[299.294,143.605],"ix":2},"r":{"a":0,"k":0,"ix":6},"sa":{"a":0,"k":0,"ix":5},"o":{"a":0,"k":100,"ix":7}}]},{"ty":"gr","nm":"Group 17","ix":15,"cix":2,"it":[{"ty":"sh","nm":"Path 1","ix":1,"d":1,"ks":{"a":0,"k":{"c":true,"i":[[4.4,-8.7],[-12.5,0.8],[3.7,0.9]],"o":[[0,0],[0,0],[-3.7,-0.9]],"v":[[-13.493,0.015],[13.307,8.915],[10.807,-8.685]]},"ix":2}},{"ty":"fl","nm":"Fill 1","c":{"a":0,"k":[0,0,0],"ix":4},"r":1,"o":{"a":0,"k":15,"ix":5}},{"ty":"tr","a":{"a":0,"k":[0,0],"ix":1},"s":{"a":0,"k":[100,100],"ix":3},"sk":{"a":0,"k":0,"ix":4},"p":{"a":0,"k":[298.787,144.14],"ix":2},"r":{"a":0,"k":0,"ix":6},"sa":{"a":0,"k":0,"ix":5},"o":{"a":0,"k":100,"ix":7}}]},{"ty":"gr","nm":"Group 18","ix":16,"cix":2,"it":[{"ty":"sh","nm":"Path 1","ix":1,"d":1,"ks":{"a":0,"k":{"c":true,"i":[[0,0],[1.3,-5.599],[9.4,-0.7],[11.199,3.7],[-5.599,2.5],[0,0],[0,0]],"o":[[0,0],[-1.3,5.601],[0,0],[-11.201,-3.7],[0,0],[0,0],[0,0]],"v":[[32.45,-46.2],[29.95,3.699],[1.25,26.8],[-19.95,46.8],[-26.851,20.6],[10.55,-3.1],[10.55,-50.5]]},"ix":2}},{"ty":"fl","nm":"Fill 1","c":{"a":0,"k":[0.988,0.643,0.486],"ix":4},"r":1,"o":{"a":0,"k":100,"ix":5}},{"ty":"tr","a":{"a":0,"k":[0,0],"ix":1},"s":{"a":0,"k":[100,100],"ix":3},"sk":{"a":0,"k":0,"ix":4},"p":{"a":0,"k":[279.645,188.755],"ix":2},"r":{"a":0,"k":0,"ix":6},"sa":{"a":0,"k":0,"ix":5},"o":{"a":0,"k":100,"ix":7}}]},{"ty":"gr","nm":"Group 19","ix":17,"cix":2,"it":[{"ty":"sh","nm":"Path 1","ix":1,"d":1,"ks":{"a":0,"k":{"c":true,"i":[[-17.399,1.3],[-6.3,22.4],[0,0],[-0.3,-3.6],[0,0],[2.5,-4.3],[0.601,-7.5],[0,0],[7.399,5],[7.399,6.8],[-6.199,15.6],[-5.601,17.4],[0,0],[-0.599,11.2],[0,0],[-0.1,0.6],[-14.4,-5.2],[-2.7,1]],"o":[[0,0],[0,0],[2.899,2.2],[0,0],[0,0],[0,0],[0,0],[0,0],[0,0],[-7.401,-6.8],[0,0],[5.599,-17.4],[0,0],[0,0],[0,0],[3.801,-14.8],[2.8,0.9],[0.101,-0.1]],"v":[[-4.25,-31.35],[26.35,-53.75],[46.85,-37.85],[51.85,-28.75],[53.75,-9.45],[53.449,2.05],[26.949,2.95],[45.051,53.45],[9.551,49.05],[-28.449,48.45],[-37.25,26.65],[-44.149,-3.25],[-43.85,-2.95],[-55.35,-20.05],[-54.149,-31.25],[-53.95,-32.25],[-25.55,-50.05],[-17.05,-50.25]]},"ix":2}},{"ty":"fl","nm":"Fill 1","c":{"a":0,"k":[1,0.757,0.028],"ix":4},"r":1,"o":{"a":0,"k":100,"ix":5}},{"ty":"tr","a":{"a":0,"k":[0,0],"ix":1},"s":{"a":0,"k":[100,100],"ix":3},"sk":{"a":0,"k":0,"ix":4},"p":{"a":0,"k":[258.645,152.705],"ix":2},"r":{"a":0,"k":0,"ix":6},"sa":{"a":0,"k":0,"ix":5},"o":{"a":0,"k":100,"ix":7}}]},{"ty":"gr","nm":"Group 20","ix":18,"cix":2,"it":[{"ty":"sh","nm":"Path 1","ix":1,"d":1,"ks":{"a":0,"k":{"c":true,"i":[[-17.399,1.2],[-6.3,22.399],[0,0],[-0.3,-3.601],[0,0],[2.5,-4.299],[0.601,-7.5],[0,0],[7.399,5],[7.399,6.801],[-6.199,15.601],[-5.601,17.399],[0,0],[-0.599,11.3],[0,0],[-0.1,0.601],[-14.4,-5.2],[-2.7,1]],"o":[[0,0],[0,0],[2.899,2.2],[0,0],[0,0],[0,0],[0,0],[0,0],[0,0],[-7.401,-6.8],[0,0],[5.599,-17.401],[0,0],[0,0],[0,0],[3.801,-14.8],[2.8,0.901],[0.101,-0.1]],"v":[[-3.887,-31.211],[26.714,-53.61],[47.214,-37.711],[52.214,-28.61],[54.113,-9.311],[53.813,2.189],[27.313,3.089],[45.414,53.589],[9.914,49.189],[-28.086,48.589],[-36.887,26.789],[-43.786,-3.11],[-43.487,-2.811],[-54.987,-20.011],[-53.786,-31.211],[-53.587,-32.211],[-25.187,-50.011],[-16.687,-50.211]]},"ix":2}},{"ty":"fl","nm":"Fill 1","c":{"a":0,"k":[0,0,0],"ix":4},"r":1,"o":{"a":0,"k":100,"ix":5}},{"ty":"tr","a":{"a":0,"k":[0,0],"ix":1},"s":{"a":0,"k":[100,100],"ix":3},"sk":{"a":0,"k":0,"ix":4},"p":{"a":0,"k":[258.281,153.866],"ix":2},"r":{"a":0,"k":0,"ix":6},"sa":{"a":0,"k":0,"ix":5},"o":{"a":0,"k":100,"ix":7}}]},{"ty":"gr","nm":"Group 21","ix":19,"cix":2,"it":[{"ty":"sh","nm":"Path 1","ix":1,"d":1,"ks":{"a":0,"k":{"c":true,"i":[[16.6,-6],[2,-4.6],[0.8,-1.5],[3.1,-2.2],[-0.5,-5],[-2.3,-4.5],[-3.901,-3.5],[-0.599,-2.4],[-0.2,-2.1],[-5.2,-0.6],[-1.599,1.7],[-0.401,1.1],[-7.2,-3.5],[-1.401,-2.8],[-2.2,-1.4],[-2.5,3.1],[-3.5,1.9],[-0.8,1],[-0.899,2.1],[-1,1.4],[1.5,3.2],[0,0],[3.399,4.5]],"o":[[-4.7,1.7],[-0.5,1.7],[-2.3,3.2],[-4,2.9],[0.5,5],[2.4,4.7],[1.8,1.6],[0.5,2],[0.401,5.2],[2.199,0.3],[0.701,-0.9],[3.5,-7.1],[2.701,1.4],[1.2,2.3],[3.401,2.2],[2.5,-3.1],[1.099,-0.6],[1.399,-1.8],[0.701,-1.6],[2.099,-2.9],[0,0],[-2.5,-5.1],[-10.601,-13.9]],"v":[[-19.699,-39.55],[-30.8,-29.95],[-32.899,-25.15],[-42.699,-19.15],[-47.699,-5.75],[-42.6,8.25],[-33.899,21.25],[-29.3,26.85],[-29.501,33.15],[-17.699,41.35],[-11.3,39.95],[-9.6,36.95],[9.699,30.45],[16.1,36.75],[20.199,43.35],[30.6,39.85],[38.4,30.85],[41.6,28.85],[42.699,22.15],[46.1,18.35],[45.1,8.35],[36.199,-10.05],[27.801,-24.75]]},"ix":2}},{"ty":"fl","nm":"Fill 1","c":{"a":0,"k":[0.243,0.29,0.302],"ix":4},"r":1,"o":{"a":0,"k":100,"ix":5}},{"ty":"tr","a":{"a":0,"k":[0,0],"ix":1},"s":{"a":0,"k":[100,100],"ix":3},"sk":{"a":0,"k":0,"ix":4},"p":{"a":0,"k":[251.394,65.505],"ix":2},"r":{"a":0,"k":0,"ix":6},"sa":{"a":0,"k":0,"ix":5},"o":{"a":0,"k":100,"ix":7}}]},{"ty":"gr","nm":"Group 22","ix":20,"cix":2,"it":[{"ty":"sh","nm":"Path 1","ix":1,"d":1,"ks":{"a":0,"k":{"c":true,"i":[[0,0],[4.4,-5.6],[-1.799,0],[-3.801,1.9],[0,0],[5.599,21.8]],"o":[[0,0],[-4.401,5.6],[1.8,0],[3.8,-1.9],[0,0],[0,0]],"v":[[-21.799,-17.45],[-23.699,12.45],[-4.4,21.25],[21.201,12.45],[28.1,-3.15],[3.801,-21.25]]},"ix":2}},{"ty":"fl","nm":"Fill 1","c":{"a":0,"k":[0.992,0.718,0.592],"ix":4},"r":1,"o":{"a":0,"k":100,"ix":5}},{"ty":"tr","a":{"a":0,"k":[0,0],"ix":1},"s":{"a":0,"k":[100,100],"ix":3},"sk":{"a":0,"k":0,"ix":4},"p":{"a":0,"k":[259.994,105.805],"ix":2},"r":{"a":0,"k":0,"ix":6},"sa":{"a":0,"k":0,"ix":5},"o":{"a":0,"k":100,"ix":7}}]},{"ty":"gr","nm":"Group 23","ix":21,"cix":2,"it":[{"ty":"sh","nm":"Path 1","ix":1,"d":1,"ks":{"a":0,"k":{"c":true,"i":[[0,0],[-1.9,-5.6],[0,0],[-3.701,21.2]],"o":[[0,0],[1.9,5.6],[0,0],[0,0]],"v":[[-37.75,-23.05],[-52.05,17.45],[53.95,17.45],[38.35,-23.05]]},"ix":2}},{"ty":"fl","nm":"Fill 1","c":{"a":0,"k":[1,0.757,0.028],"ix":4},"r":1,"o":{"a":0,"k":100,"ix":5}},{"ty":"tr","a":{"a":0,"k":[0,0],"ix":1},"s":{"a":0,"k":[100,100],"ix":3},"sk":{"a":0,"k":0,"ix":4},"p":{"a":0,"k":[263.544,214.905],"ix":2},"r":{"a":0,"k":0,"ix":6},"sa":{"a":0,"k":0,"ix":5},"o":{"a":0,"k":100,"ix":7}}]},{"ty":"gr","nm":"Group 24","ix":22,"cix":2,"it":[{"ty":"sh","nm":"Path 1","ix":1,"d":1,"ks":{"a":0,"k":{"c":true,"i":[[0,0],[1.3,-5.599],[9.399,-0.7],[11.2,3.7],[-5.6,2.5],[0,0],[0,0]],"o":[[0,0],[-1.301,5.601],[0,0],[-11.2,-3.7],[0,0],[0,0],[0,0]],"v":[[32.45,-46.2],[29.95,3.699],[1.25,26.8],[-19.95,46.8],[-26.85,20.6],[10.55,-3.1],[10.55,-50.5]]},"ix":2}},{"ty":"fl","nm":"Fill 1","c":{"a":0,"k":[0.992,0.718,0.592],"ix":4},"r":1,"o":{"a":0,"k":100,"ix":5}},{"ty":"tr","a":{"a":0,"k":[0,0],"ix":1},"s":{"a":0,"k":[100,100],"ix":3},"sk":{"a":0,"k":0,"ix":4},"p":{"a":0,"k":[194.245,183.755],"ix":2},"r":{"a":0,"k":0,"ix":6},"sa":{"a":0,"k":0,"ix":5},"o":{"a":0,"k":100,"ix":7}}]},{"ty":"gr","nm":"Group 26","ix":23,"cix":2,"it":[{"ty":"sh","nm":"Path 1","ix":1,"d":1,"ks":{"a":0,"k":{"c":true,"i":[[0.2,-1.399],[1.7,-3.2],[1.7,-4.5],[-5.8,-6.099],[-5,1.8],[-0.6,3.401],[1.9,4.399],[-1.2,2.699],[-0.7,0.401],[0.6,-3.1],[1.9,5.601],[0,0],[1.5,0]],"o":[[-0.4,3],[-2.3,4.199],[0,0],[3.7,3.901],[3.3,-1],[0.9,-4.7],[-1.2,-2.7],[0.3,-0.801],[0,0],[-0.6,3.101],[0,0],[-0.1,-1.401],[-1.4,0]],"v":[[-10.35,-21.2],[-13.45,-9.899],[-19.45,3.2],[-2.15,18.2],[12.15,21.7],[18.55,14.5],[17.05,0.601],[17.05,-7.899],[18.55,-9.8],[6.75,-9.2],[-4.45,-8.5],[-4.95,-20.899],[-7.65,-23.5]]},"ix":2}},{"ty":"fl","nm":"Fill 1","c":{"a":0,"k":[0.447,0.208,0.11],"ix":4},"r":1,"o":{"a":0,"k":100,"ix":5}},{"ty":"tr","a":{"a":0,"k":[0,0],"ix":1},"s":{"a":0,"k":[100,100],"ix":3},"sk":{"a":0,"k":0,"ix":4},"p":{"a":0,"k":[108.944,81.655],"ix":2},"r":{"a":0,"k":0,"ix":6},"sa":{"a":0,"k":0,"ix":5},"o":{"a":0,"k":100,"ix":7}}]},{"ty":"gr","nm":"Group 27","ix":24,"cix":2,"it":[{"ty":"sh","nm":"Path 1","ix":1,"d":1,"ks":{"a":0,"k":{"c":true,"i":[[0.2,-1.301],[1.7,-3.2],[1.7,-4.5],[-5.8,-6.099],[-5,1.8],[-0.6,3.401],[1.9,4.399],[-1.2,2.7],[-0.7,0.401],[0.6,-3.101],[1.8,5.599],[0,0],[1.5,0]],"o":[[-0.4,3],[-2.3,4.2],[0,0],[3.7,3.901],[3.3,-1],[0.9,-4.699],[-1.2,-2.7],[0.3,-0.8],[0,0],[-0.6,3.1],[0,0],[-0.1,-1.399],[-1.4,0.099]],"v":[[-10.118,-20.638],[-13.218,-9.338],[-19.218,3.761],[-1.918,18.761],[12.382,22.261],[18.782,15.061],[17.282,1.162],[17.282,-7.338],[18.782,-9.239],[6.982,-8.638],[-4.218,-8.038],[-4.718,-20.439],[-7.418,-23.038]]},"ix":2}},{"ty":"fl","nm":"Fill 1","c":{"a":0,"k":[0,0,0],"ix":4},"r":1,"o":{"a":0,"k":15,"ix":5}},{"ty":"tr","a":{"a":0,"k":[0,0],"ix":1},"s":{"a":0,"k":[100,100],"ix":3},"sk":{"a":0,"k":0,"ix":4},"p":{"a":0,"k":[108.712,80.393],"ix":2},"r":{"a":0,"k":0,"ix":6},"sa":{"a":0,"k":0,"ix":5},"o":{"a":0,"k":100,"ix":7}}]},{"ty":"gr","nm":"Group 28","ix":25,"cix":2,"it":[{"ty":"sh","nm":"Path 1","ix":1,"d":1,"ks":{"a":0,"k":{"c":true,"i":[[-6.1,-0.8],[-0.7,3.4],[0.9,4.3],[0.2,1.7],[2.8,1.9],[10.5,-1],[1.1,-0.8],[0.8,-1.2],[4.3,-2.7],[0.2,-6],[-1.7,-5.8],[-3.2,-4],[-4.9,1.2],[-2.4,1.3],[-2.1,1.8],[-0.7,2.8],[-2.5,2.6]],"o":[[3.5,0.5],[0.8,-4.4],[-0.3,-1.6],[-0.4,-3.4],[-8.7,-6.1],[-1.3,0],[-1.1,0.9],[-2.7,4.3],[-5.1,3.2],[-0.2,6],[1.4,4.9],[3.2,4],[-2.3,-1.6],[2.4,-1.3],[2.1,-1.8],[0.9,-3.4],[5,-5.1]],"v":[[25.4,3.7],[34,-0.4],[28.1,-11.9],[28,-16.9],[22.1,-24.7],[-7.6,-32.6],[-11.3,-31.4],[-13.7,-27.7],[-26.8,-20.1],[-34.6,-4.7],[-31.4,12.9],[-25.3,26.8],[-12,32.4],[-10.2,25.7],[-2.6,22.3],[0.8,14.7],[5.4,5.2]]},"ix":2}},{"ty":"fl","nm":"Fill 1","c":{"a":0,"k":[0.447,0.208,0.11],"ix":4},"r":1,"o":{"a":0,"k":100,"ix":5}},{"ty":"tr","a":{"a":0,"k":[0,0],"ix":1},"s":{"a":0,"k":[100,100],"ix":3},"sk":{"a":0,"k":0,"ix":4},"p":{"a":0,"k":[95.794,39.555],"ix":2},"r":{"a":0,"k":0,"ix":6},"sa":{"a":0,"k":0,"ix":5},"o":{"a":0,"k":100,"ix":7}}]},{"ty":"gr","nm":"Group 29","ix":26,"cix":2,"it":[{"ty":"sh","nm":"Path 1","ix":1,"d":1,"ks":{"a":0,"k":{"c":true,"i":[[-6.1,-0.8],[-0.7,3.4],[0.9,4.3],[0.2,1.7],[2.7,1.9],[10.5,-1],[1.1,-0.8],[0.8,-1.2],[4.3,-2.7],[0.2,-6],[-1.7,-5.8],[-3.2,-4],[-4.9,1.2],[-2.4,1.3],[-2.1,1.8],[-0.7,2.8],[-2.5,2.6]],"o":[[3.5,0.5],[0.8,-4.4],[-0.3,-1.6],[-0.4,-3.3],[-8.7,-6.1],[-1.3,0],[-1.1,0.9],[-2.7,4.3],[-5.1,3.2],[-0.2,6],[1.4,4.9],[3.2,4],[-2.3,-1.6],[2.4,-1.3],[2.1,-1.8],[0.9,-3.4],[4.9,-5.1]],"v":[[25.621,3.759],[34.221,-0.34],[28.321,-11.84],[28.221,-16.84],[22.421,-24.641],[-7.279,-32.54],[-10.979,-31.34],[-13.379,-27.641],[-26.479,-20.04],[-34.279,-4.641],[-31.079,12.96],[-24.979,26.859],[-11.679,32.46],[-9.879,25.759],[-2.279,22.359],[1.121,14.759],[5.721,5.259]]},"ix":2}},{"ty":"fl","nm":"Fill 1","c":{"a":0,"k":[0,0,0],"ix":4},"r":1,"o":{"a":0,"k":15,"ix":5}},{"ty":"tr","a":{"a":0,"k":[0,0],"ix":1},"s":{"a":0,"k":[100,100],"ix":3},"sk":{"a":0,"k":0,"ix":4},"p":{"a":0,"k":[96.174,40.096],"ix":2},"r":{"a":0,"k":0,"ix":6},"sa":{"a":0,"k":0,"ix":5},"o":{"a":0,"k":100,"ix":7}}]},{"ty":"gr","nm":"Group 30","ix":27,"cix":2,"it":[{"ty":"sh","nm":"Path 1","ix":1,"d":1,"ks":{"a":0,"k":{"c":true,"i":[[-15.851,0],[0,-15.85],[15.851,0],[0,15.85]],"o":[[15.851,0],[0,15.85],[-15.851,0],[0,-15.85]],"v":[[0,-28.7],[28.7,0],[0,28.7],[-28.7,0]]},"ix":2}},{"ty":"fl","nm":"Fill 1","c":{"a":0,"k":[0.992,0.647,0.49],"ix":4},"r":1,"o":{"a":0,"k":100,"ix":5}},{"ty":"tr","a":{"a":0,"k":[0,0],"ix":1},"s":{"a":0,"k":[100,100],"ix":3},"sk":{"a":0,"k":0,"ix":4},"p":{"a":0,"k":[103.594,55.955],"ix":2},"r":{"a":0,"k":0,"ix":6},"sa":{"a":0,"k":0,"ix":5},"o":{"a":0,"k":100,"ix":7}}]},{"ty":"gr","nm":"Group 31","ix":28,"cix":2,"it":[{"ty":"sh","nm":"Path 1","ix":1,"d":1,"ks":{"a":0,"k":{"c":true,"i":[[0,0],[0.3,-4.4],[-13,2.2],[-2.6,3.9]],"o":[[0,0],[5.2,12.2],[-0.3,-4.701],[10,-14.3]],"v":[[-17.785,-12.665],[-17.985,-4.665],[13.015,12.435],[16.515,-0.865]]},"ix":2}},{"ty":"fl","nm":"Fill 1","c":{"a":0,"k":[0,0,0],"ix":4},"r":1,"o":{"a":0,"k":15,"ix":5}},{"ty":"tr","a":{"a":0,"k":[0,0],"ix":1},"s":{"a":0,"k":[100,100],"ix":3},"sk":{"a":0,"k":0,"ix":4},"p":{"a":0,"k":[95.779,74.22],"ix":2},"r":{"a":0,"k":0,"ix":6},"sa":{"a":0,"k":0,"ix":5},"o":{"a":0,"k":100,"ix":7}}]},{"ty":"gr","nm":"Group 32","ix":29,"cix":2,"it":[{"ty":"sh","nm":"Path 1","ix":1,"d":1,"ks":{"a":0,"k":{"c":false,"i":[[0,0],[-3.5,-0.3]],"o":[[0,0],[0,0]],"v":[[-14.2,-8.3],[14.2,8.3]]},"ix":2}},{"ty":"fl","nm":"Fill 1","c":{"a":0,"k":[0,0,0],"ix":4},"r":1,"o":{"a":0,"k":100,"ix":5}},{"ty":"tr","a":{"a":0,"k":[0,0],"ix":1},"s":{"a":0,"k":[100,100],"ix":3},"sk":{"a":0,"k":0,"ix":4},"p":{"a":0,"k":[55.095,201.655],"ix":2},"r":{"a":0,"k":0,"ix":6},"sa":{"a":0,"k":0,"ix":5},"o":{"a":0,"k":100,"ix":7}}]},{"ty":"gr","nm":"Group 33","ix":30,"cix":2,"it":[{"ty":"sh","nm":"Path 1","ix":1,"d":1,"ks":{"a":0,"k":{"c":false,"i":[[0,0],[-3.6,-4.3]],"o":[[0,0],[0,0]],"v":[[4.967,-23.05],[-4.333,23.05]]},"ix":2}},{"ty":"fl","nm":"Fill 1","c":{"a":0,"k":[0,0,0],"ix":4},"r":1,"o":{"a":0,"k":15,"ix":5}},{"ty":"tr","a":{"a":0,"k":[0,0],"ix":1},"s":{"a":0,"k":[100,100],"ix":3},"sk":{"a":0,"k":0,"ix":4},"p":{"a":0,"k":[38.427,159.105],"ix":2},"r":{"a":0,"k":0,"ix":6},"sa":{"a":0,"k":0,"ix":5},"o":{"a":0,"k":100,"ix":7}}]},{"ty":"gr","nm":"Group 34","ix":31,"cix":2,"it":[{"ty":"sh","nm":"Path 1","ix":1,"d":1,"ks":{"a":0,"k":{"c":false,"i":[[0,0],[-5.6,-3.1]],"o":[[0,0],[0,0]],"v":[[-2.8,-22.75],[2.8,22.75]]},"ix":2}},{"ty":"fl","nm":"Fill 1","c":{"a":0,"k":[0,0,0],"ix":4},"r":1,"o":{"a":0,"k":100,"ix":5}},{"ty":"tr","a":{"a":0,"k":[0,0],"ix":1},"s":{"a":0,"k":[100,100],"ix":3},"sk":{"a":0,"k":0,"ix":4},"p":{"a":0,"k":[126.594,148.205],"ix":2},"r":{"a":0,"k":0,"ix":6},"sa":{"a":0,"k":0,"ix":5},"o":{"a":0,"k":100,"ix":7}}]},{"ty":"gr","nm":"Group 35","ix":32,"cix":2,"it":[{"ty":"sh","nm":"Path 1","ix":1,"d":1,"ks":{"a":0,"k":{"c":true,"i":[[0,0],[0,0],[0,0],[0,0]],"o":[[0,0],[0,0],[0,0],[0,0]],"v":[[-7.45,12.6],[-0.95,-14.5],[7.45,1.4],[3.05,14.5]]},"ix":2}},{"ty":"fl","nm":"Fill 1","c":{"a":0,"k":[0.878,0.878,0.878],"ix":4},"r":1,"o":{"a":0,"k":100,"ix":5}},{"ty":"tr","a":{"a":0,"k":[0,0],"ix":1},"s":{"a":0,"k":[100,100],"ix":3},"sk":{"a":0,"k":0,"ix":4},"p":{"a":0,"k":[107.544,104.755],"ix":2},"r":{"a":0,"k":0,"ix":6},"sa":{"a":0,"k":0,"ix":5},"o":{"a":0,"k":100,"ix":7}}]},{"ty":"gr","nm":"Group 36","ix":33,"cix":2,"it":[{"ty":"sh","nm":"Path 1","ix":1,"d":1,"ks":{"a":0,"k":{"c":true,"i":[[0,0],[0,0],[0,0],[0,0]],"o":[[0,0],[0,0],[0,0],[0,0]],"v":[[2.25,-24.7],[10.85,17.501],[-3.15,24.7],[-10.85,-13.3]]},"ix":2}},{"ty":"fl","nm":"Fill 1","c":{"a":0,"k":[0.878,0.878,0.878],"ix":4},"r":1,"o":{"a":0,"k":100,"ix":5}},{"ty":"tr","a":{"a":0,"k":[0,0],"ix":1},"s":{"a":0,"k":[100,100],"ix":3},"sk":{"a":0,"k":0,"ix":4},"p":{"a":0,"k":[74.344,96.755],"ix":2},"r":{"a":0,"k":0,"ix":6},"sa":{"a":0,"k":0,"ix":5},"o":{"a":0,"k":100,"ix":7}}]},{"ty":"gr","nm":"Group 37","ix":34,"cix":2,"it":[{"ty":"sh","nm":"Path 1","ix":1,"d":1,"ks":{"a":0,"k":{"c":true,"i":[[0,0],[-10.7,-1.9],[-1.5,-3.2],[0.9,-10.199],[0,0],[0,0],[0,0],[0,0],[0,0],[0,0],[-3.1,15.599]],"o":[[0,0],[3.4,0.6],[3.2,6.8],[0,0],[0,0],[0,0],[0,0],[0,0],[0,0],[0,0],[0,0]],"v":[[-35.5,-75.45],[-9.5,-69.45],[-1.7,-63.45],[5.6,-34.251],[15,2.55],[41.8,34.949],[17.5,46.15],[-9.9,15.55],[12.5,73.55],[-29.3,75.449],[-38.7,-33.65]]},"ix":2}},{"ty":"fl","nm":"Fill 1","c":{"a":0,"k":[1,0.757,0.028],"ix":4},"r":1,"o":{"a":0,"k":100,"ix":5}},{"ty":"tr","a":{"a":0,"k":[0,0],"ix":1},"s":{"a":0,"k":[100,100],"ix":3},"sk":{"a":0,"k":0,"ix":4},"p":{"a":0,"k":[142.194,165.705],"ix":2},"r":{"a":0,"k":0,"ix":6},"sa":{"a":0,"k":0,"ix":5},"o":{"a":0,"k":100,"ix":7}}]},{"ty":"gr","nm":"Group 38","ix":35,"cix":2,"it":[{"ty":"sh","nm":"Path 1","ix":1,"d":1,"ks":{"a":0,"k":{"c":true,"i":[[0,0],[-10.7,-1.9],[-1.5,-3.2],[0.9,-10.199],[0,0],[0,0],[0,0],[0,0],[0,0],[0,0],[-3.1,15.599]],"o":[[0,0],[3.4,0.6],[3.2,6.8],[0,0],[0,0],[0,0],[0,0],[0,0],[0,0],[0,0],[0,0]],"v":[[-36.803,-75.45],[-10.803,-69.45],[-3.003,-63.45],[4.297,-34.251],[13.697,2.55],[40.497,34.949],[16.197,46.15],[-11.203,15.65],[11.197,73.65],[-30.603,75.449],[-40.003,-33.65]]},"ix":2}},{"ty":"fl","nm":"Fill 1","c":{"a":0,"k":[0,0,0],"ix":4},"r":1,"o":{"a":0,"k":15,"ix":5}},{"ty":"tr","a":{"a":0,"k":[0,0],"ix":1},"s":{"a":0,"k":[100,100],"ix":3},"sk":{"a":0,"k":0,"ix":4},"p":{"a":0,"k":[142.197,165.705],"ix":2},"r":{"a":0,"k":0,"ix":6},"sa":{"a":0,"k":0,"ix":5},"o":{"a":0,"k":100,"ix":7}}]},{"ty":"gr","nm":"Group 39","ix":36,"cix":2,"it":[{"ty":"sh","nm":"Path 1","ix":1,"d":1,"ks":{"a":0,"k":{"c":true,"i":[[0,0],[9.4,0.601],[0,0],[2.9,-15],[0,0],[0,0],[-6.3,-3.801],[0,0],[-14.9,3.099],[0,0],[0,0],[-7.5,8.101],[0,0],[0,0]],"o":[[0,0],[0,0],[-14.7,4],[0,0],[-3.7,20],[0,0],[0,0],[0,0],[14.9,-3.101],[0,0],[0,0],[7.5,-8.1],[0,0],[0,0]],"v":[[37.2,-85.15],[3.5,-68.95],[-3.8,-66.95],[-32.6,-35.849],[-32.7,-35.25],[-37.7,39.549],[-30.8,57.65],[9.1,85.15],[22.8,52.15],[19.1,50.951],[-8.3,34.75],[-0.2,2.35],[33.5,-48.15],[26,-74.349]]},"ix":2}},{"ty":"fl","nm":"Fill 1","c":{"a":0,"k":[1,0.757,0.028],"ix":4},"r":1,"o":{"a":0,"k":100,"ix":5}},{"ty":"tr","a":{"a":0,"k":[0,0],"ix":1},"s":{"a":0,"k":[100,100],"ix":3},"sk":{"a":0,"k":0,"ix":4},"p":{"a":0,"k":[41.394,159.105],"ix":2},"r":{"a":0,"k":0,"ix":6},"sa":{"a":0,"k":0,"ix":5},"o":{"a":0,"k":100,"ix":7}}]},{"ty":"gr","nm":"Group 40","ix":37,"cix":2,"it":[{"ty":"sh","nm":"Path 1","ix":1,"d":1,"ks":{"a":0,"k":{"c":true,"i":[[4.9,-18.7],[12.5,9.4],[0,0],[1.2,10],[0,0],[0,0]],"o":[[0,0],[-12.5,-9.4],[0,0],[-1.2,-10],[0,0],[0,0.1]],"v":[[-11.15,64.65],[-28.65,89.55],[-39.25,64.65],[-16.15,-11.45],[25.35,-98.95],[41.15,28.45]]},"ix":2}},{"ty":"fl","nm":"Fill 1","c":{"a":0,"k":[1,0.757,0.028],"ix":4},"r":1,"o":{"a":0,"k":100,"ix":5}},{"ty":"tr","a":{"a":0,"k":[0,0],"ix":1},"s":{"a":0,"k":[100,100],"ix":3},"sk":{"a":0,"k":0,"ix":4},"p":{"a":0,"k":[45.545,195.705],"ix":2},"r":{"a":0,"k":0,"ix":6},"sa":{"a":0,"k":0,"ix":5},"o":{"a":0,"k":100,"ix":7}}]},{"ty":"gr","nm":"Group 41","ix":38,"cix":2,"it":[{"ty":"sh","nm":"Path 1","ix":1,"d":1,"ks":{"a":0,"k":{"c":true,"i":[[5,-18.7],[12.5,9.4],[0,0],[1.2,10],[0,0],[0,0]],"o":[[0,0],[-12.5,-9.4],[0,0],[-1.2,-10],[0,0],[0.1,0.1]],"v":[[-12.049,68.535],[-29.549,93.435],[-40.149,68.535],[-17.049,-7.565],[24.451,-95.065],[40.251,32.335]]},"ix":2}},{"ty":"fl","nm":"Fill 1","c":{"a":0,"k":[0,0,0],"ix":4},"r":1,"o":{"a":0,"k":15,"ix":5}},{"ty":"tr","a":{"a":0,"k":[0,0],"ix":1},"s":{"a":0,"k":[100,100],"ix":3},"sk":{"a":0,"k":0,"ix":4},"p":{"a":0,"k":[47.643,191.82],"ix":2},"r":{"a":0,"k":0,"ix":6},"sa":{"a":0,"k":0,"ix":5},"o":{"a":0,"k":100,"ix":7}}]},{"ty":"gr","nm":"Group 42","ix":39,"cix":2,"it":[{"ty":"sh","nm":"Path 1","ix":1,"d":1,"ks":{"a":0,"k":{"c":true,"i":[[0,0],[7.5,0.6],[0,0],[0,0],[-9.9,14.301]],"o":[[0,0],[-7.5,-0.6],[0,0],[0,0],[9.9,-14.299]],"v":[[-14.85,-30],[-21.75,-6.9],[-0.55,32.4],[23.75,19.301],[19.35,-18.1]]},"ix":2}},{"ty":"fl","nm":"Fill 1","c":{"a":0,"k":[0.992,0.647,0.49],"ix":4},"r":1,"o":{"a":0,"k":100,"ix":5}},{"ty":"tr","a":{"a":0,"k":[0,0],"ix":1},"s":{"a":0,"k":[100,100],"ix":3},"sk":{"a":0,"k":0,"ix":4},"p":{"a":0,"k":[92.245,89.055],"ix":2},"r":{"a":0,"k":0,"ix":6},"sa":{"a":0,"k":0,"ix":5},"o":{"a":0,"k":100,"ix":7}}]},{"ty":"gr","nm":"Group 43","ix":40,"cix":2,"it":[{"ty":"sh","nm":"Path 1","ix":1,"d":1,"ks":{"a":0,"k":{"c":true,"i":[[5.4,1.8],[1.5,-1.3],[0.7,-0.9],[3.8,-1.199],[2,-5.401],[7.5,-24.2],[-3.5,-6.601],[-0.6,-2.399],[-2.7,-2],[-1,-0.201],[-4.7,-4.299],[-6.3,0.2],[-1.9,0.601],[0,0],[-1.8,2.7],[-0.2,2],[0.1,7.599],[0.8,2.401],[1.5,2.4],[0.8,5.6],[-1.6,8.8],[-0.8,3.799],[0.9,6.199],[3.5,3.899],[3.4,0.5],[3.8,-1]],"o":[[-1.9,-0.601],[-0.9,0.7],[-2.4,3.1],[-5.5,1.601],[-8.6,23.899],[-2.2,7.099],[1.2,2.199],[0.8,3.3],[0.9,0.5],[6.1,1.599],[4.7,4.3],[2,-0.201],[0,0],[3.2,-0.9],[1,-1.7],[1.1,-7.6],[0.1,-2.5],[-1.1,-2.7],[-2.9,-4.8],[-1.2,-8.9],[0.7,-3.8],[1.3,-6.1],[-0.7,-5.101],[-2.3,-2.601],[-4.3,-0.5],[-5.5,1.3]],"v":[[-4.85,-75.8],[-10.65,-75.7],[-12.65,-72.8],[-23.55,-69.101],[-34.45,-56.5],[-40.95,19],[-43.25,40.7],[-39.55,47.099],[-37.55,56.7],[-34.65,57.8],[-19.15,68.599],[-2.55,76.8],[3.45,75.599],[34.95,66.7],[43.35,62],[45.15,56.3],[46.65,33.5],[45.65,26.099],[40.95,18.8],[36.45,2.7],[35.75,-24],[38.45,-35.2],[39.05,-53.8],[33.25,-68],[24.55,-72.8],[14.35,-69.901]]},"ix":2}},{"ty":"fl","nm":"Fill 1","c":{"a":0,"k":[0.878,0.878,0.878],"ix":4},"r":1,"o":{"a":0,"k":100,"ix":5}},{"ty":"tr","a":{"a":0,"k":[0,0],"ix":1},"s":{"a":0,"k":[100,100],"ix":3},"sk":{"a":0,"k":0,"ix":4},"p":{"a":0,"k":[91.044,182.055],"ix":2},"r":{"a":0,"k":0,"ix":6},"sa":{"a":0,"k":0,"ix":5},"o":{"a":0,"k":100,"ix":7}}]},{"ty":"gr","nm":"Group 45","ix":41,"cix":2,"it":[{"ty":"sh","nm":"Path 1","ix":1,"d":1,"ks":{"a":0,"k":{"c":true,"i":[[0,0],[6.2,-23.699],[0,0],[0,0],[0,0],[0,0],[-14.4,15]],"o":[[0,0],[0,0],[0,0],[0,0],[0,0],[0,0],[0,0]],"v":[[18.6,-31.85],[-33.1,-24.951],[-15.6,19.95],[-13.7,48.65],[24.3,48.65],[24.3,24.35],[33.1,-14.951]]},"ix":2}},{"ty":"fl","nm":"Fill 1","c":{"a":0,"k":[0.326,0.329,0.38],"ix":4},"r":1,"o":{"a":0,"k":100,"ix":5}},{"ty":"tr","a":{"a":0,"k":[0,0],"ix":1},"s":{"a":0,"k":[100,100],"ix":3},"sk":{"a":0,"k":0,"ix":4},"p":{"a":0,"k":[59.994,272.905],"ix":2},"r":{"a":0,"k":0,"ix":6},"sa":{"a":0,"k":0,"ix":5},"o":{"a":0,"k":100,"ix":7}}]}],"ind":5}]}]}