{"nm":"A","h":500,"w":500,"meta":{"g":"@lottiefiles/toolkit-js 0.33.2"},"layers":[{"ty":4,"nm":"L","sr":1,"st":0,"op":150,"ip":0,"hasMask":false,"ao":0,"ks":{"a":{"a":0,"k":[258.449,257.877,0]},"s":{"a":1,"k":[{"o":{"x":0.167,"y":0.167},"i":{"x":0.25,"y":1},"s":[100,100,100],"t":0},{"o":{"x":0.167,"y":0.167},"i":{"x":0.833,"y":0.833},"s":[110,110,100],"t":40},{"o":{"x":0.5,"y":0},"i":{"x":0.5,"y":1},"s":[110,110,100],"t":60},{"o":{"x":0.5,"y":0},"i":{"x":0.5,"y":1},"s":[90,90,100],"t":80},{"o":{"x":0.167,"y":0.167},"i":{"x":0.833,"y":0.833},"s":[110,110,100],"t":100},{"o":{"x":0.167,"y":0},"i":{"x":0.26,"y":1},"s":[110,110,100],"t":110},{"s":[100,100,100],"t":150}]},"sk":{"a":0,"k":0},"p":{"a":0,"k":[258.449,257.877,0]},"r":{"a":0,"k":0},"sa":{"a":0,"k":0},"o":{"a":0,"k":100}},"ef":[],"shapes":[{"ty":"gr","nm":"L","it":[{"ty":"gr","nm":"G","it":[{"ty":"sh","nm":"P","d":1,"ks":{"a":0,"k":{"c":true,"i":[[0.414,0],[0,0.414],[0,0],[-0.414,0],[0,-0.414],[0,0]],"o":[[-0.414,0],[0,0],[0,-0.414],[0.414,0],[0,0],[0,0.414]],"v":[[0,7.75],[-0.75,7],[-0.75,-7],[0,-7.75],[0.75,-7],[0.75,7]]}}},{"ty":"fl","nm":"F","c":{"a":0,"k":[1,1,1]},"r":1,"o":{"a":0,"k":100}},{"ty":"tr","a":{"a":0,"k":[0,0]},"s":{"a":0,"k":[100,100]},"sk":{"a":0,"k":0},"p":{"a":0,"k":[43.755,42.5]},"r":{"a":0,"k":0},"sa":{"a":0,"k":0},"o":{"a":0,"k":100}}]},{"ty":"tr","a":{"a":0,"k":[43.755,42.5]},"s":{"a":0,"k":[450,450]},"sk":{"a":0,"k":0},"p":{"a":0,"k":[258.451,257.873]},"r":{"a":0,"k":0},"sa":{"a":0,"k":0},"o":{"a":0,"k":100}}]},{"ty":"gr","nm":"L","it":[{"ty":"gr","nm":"G","it":[{"ty":"sh","nm":"P","d":1,"ks":{"a":0,"k":{"c":true,"i":[[0.414,0],[0,0.414],[0,0],[-0.414,0],[0,-0.414],[0,0]],"o":[[-0.414,0],[0,0],[0,-0.414],[0.414,0],[0,0],[0,0.414]],"v":[[0,7.75],[-0.75,7],[-0.75,-7],[0,-7.75],[0.75,-7],[0.75,7]]}}},{"ty":"fl","nm":"F","c":{"a":0,"k":[1,1,1]},"r":1,"o":{"a":0,"k":100}},{"ty":"tr","a":{"a":0,"k":[0,0]},"s":{"a":0,"k":[100,100]},"sk":{"a":0,"k":0},"p":{"a":0,"k":[52.755,42.5]},"r":{"a":0,"k":0},"sa":{"a":0,"k":0},"o":{"a":0,"k":100}}]},{"ty":"tr","a":{"a":0,"k":[52.755,42.5]},"s":{"a":0,"k":[450,450]},"sk":{"a":0,"k":0},"p":{"a":0,"k":[298.951,257.873]},"r":{"a":0,"k":0},"sa":{"a":0,"k":0},"o":{"a":0,"k":100}}]},{"ty":"gr","nm":"L","it":[{"ty":"gr","nm":"G","it":[{"ty":"sh","nm":"P","d":1,"ks":{"a":0,"k":{"c":true,"i":[[0,0],[0,0],[0,1.24],[0,0],[1.241,0],[0,0]],"o":[[0,0],[1.241,0],[0,0],[0,-1.24],[0,0],[0,0]],"v":[[-1.75,3.25],[-0.5,3.25],[1.75,1],[1.75,-1],[-0.5,-3.25],[-1.75,-3.25]]}}},{"ty":"sh","nm":"P","d":1,"ks":{"a":0,"k":{"c":true,"i":[[2.068,0],[0,0],[0,0.414],[0,0],[-0.414,0],[0,0],[0,-2.067],[0,0]],"o":[[0,0],[-0.414,0],[0,0],[0,-0.414],[0,0],[2.068,0],[0,0],[0,2.067]],"v":[[-0.5,4.75],[-2.5,4.75],[-3.25,4],[-3.25,-4],[-2.5,-4.75],[-0.5,-4.75],[3.25,-1],[3.25,1]]}}},{"ty":"mm","nm":"M","mm":1},{"ty":"fl","nm":"F","c":{"a":0,"k":[1,1,1]},"r":1,"o":{"a":0,"k":100}},{"ty":"tr","a":{"a":0,"k":[0,0]},"s":{"a":0,"k":[100,100]},"sk":{"a":0,"k":0},"p":{"a":0,"k":[46.255,39.5]},"r":{"a":0,"k":0},"sa":{"a":0,"k":0},"o":{"a":0,"k":100}}]},{"ty":"tr","a":{"a":0,"k":[46.255,39.5]},"s":{"a":0,"k":[450,450]},"sk":{"a":0,"k":0},"p":{"a":0,"k":[269.701,244.373]},"r":{"a":0,"k":0},"sa":{"a":0,"k":0},"o":{"a":0,"k":100}}]},{"ty":"gr","nm":"L","it":[{"ty":"gr","nm":"G","it":[{"ty":"sh","nm":"P","d":1,"ks":{"a":0,"k":{"c":true,"i":[[0.414,0],[0,0.414],[0,0],[0.965,0],[0,-0.965],[0,0],[0.414,0],[0,0.414],[0,0],[-1.792,0],[0,-1.792],[0,0]],"o":[[-0.414,0],[0,0],[0,-0.965],[-0.965,0],[0,0],[0,0.414],[-0.414,0],[0,0],[0,-1.792],[1.792,0],[0,0],[0,0.414]],"v":[[2.5,7.75],[1.75,7],[1.75,-4.5],[0,-6.25],[-1.75,-4.5],[-1.75,7],[-2.5,7.75],[-3.25,7],[-3.25,-4.5],[0,-7.75],[3.25,-4.5],[3.25,7]]}}},{"ty":"fl","nm":"F","c":{"a":0,"k":[1,1,1]},"r":1,"o":{"a":0,"k":100}},{"ty":"tr","a":{"a":0,"k":[0,0]},"s":{"a":0,"k":[100,100]},"sk":{"a":0,"k":0},"p":{"a":0,"k":[37.254,42.5]},"r":{"a":0,"k":0},"sa":{"a":0,"k":0},"o":{"a":0,"k":100}}]},{"ty":"tr","a":{"a":0,"k":[37.254,42.5]},"s":{"a":0,"k":[450,450]},"sk":{"a":0,"k":0},"p":{"a":0,"k":[229.196,257.873]},"r":{"a":0,"k":0},"sa":{"a":0,"k":0},"o":{"a":0,"k":100}}]},{"ty":"gr","nm":"L","it":[{"ty":"gr","nm":"G","it":[{"ty":"sh","nm":"P","d":1,"ks":{"a":0,"k":{"c":true,"i":[[0.414,0],[0,0],[0,0.414],[-0.414,0],[0,0],[0,-0.414]],"o":[[0,0],[-0.414,0],[0,-0.414],[0,0],[0.414,0],[0,0.414]],"v":[[2.5,0.75],[-2.5,0.75],[-3.25,0],[-2.5,-0.75],[2.5,-0.75],[3.25,0]]}}},{"ty":"fl","nm":"F","c":{"a":0,"k":[1,1,1]},"r":1,"o":{"a":0,"k":100}},{"ty":"tr","a":{"a":0,"k":[0,0]},"s":{"a":0,"k":[100,100]},"sk":{"a":0,"k":0},"p":{"a":0,"k":[37.254,43.5]},"r":{"a":0,"k":0},"sa":{"a":0,"k":0},"o":{"a":0,"k":100}}]},{"ty":"tr","a":{"a":0,"k":[37.254,43.5]},"s":{"a":0,"k":[450,450]},"sk":{"a":0,"k":0},"p":{"a":0,"k":[229.196,262.373]},"r":{"a":0,"k":0},"sa":{"a":0,"k":0},"o":{"a":0,"k":100}}]},{"ty":"gr","nm":"L","it":[{"ty":"gr","nm":"G","it":[{"ty":"sh","nm":"P","d":1,"ks":{"a":0,"k":{"c":true,"i":[[0,0],[0,-2.895],[0,0],[-2.895,0],[0,0],[0,2.895],[0,0],[2.895,0]],"o":[[-2.895,0],[0,0],[0,2.895],[0,0],[2.895,0],[0,0],[0,-2.895],[0,0]],"v":[[-8,-13.25],[-13.25,-8],[-13.25,8],[-8,13.25],[8,13.25],[13.25,8],[13.25,-8],[8,-13.25]]}}},{"ty":"sh","nm":"P","d":1,"ks":{"a":0,"k":{"c":true,"i":[[3.722,0],[0,0],[0,3.722],[0,0],[-3.722,0],[0,0],[0,-3.722],[0,0]],"o":[[0,0],[-3.722,0],[0,0],[0,-3.722],[0,0],[3.722,0],[0,0],[0,3.722]],"v":[[8,14.75],[-8,14.75],[-14.75,8],[-14.75,-8],[-8,-14.75],[8,-14.75],[14.75,-8],[14.75,8]]}}},{"ty":"mm","nm":"M","mm":1},{"ty":"fl","nm":"F","c":{"a":0,"k":[1,1,1]},"r":1,"o":{"a":0,"k":100}},{"ty":"tr","a":{"a":0,"k":[0,0]},"s":{"a":0,"k":[100,100]},"sk":{"a":0,"k":0},"p":{"a":0,"k":[43.755,42.501]},"r":{"a":0,"k":0},"sa":{"a":0,"k":0},"o":{"a":0,"k":100}}]},{"ty":"tr","a":{"a":0,"k":[43.755,42.501]},"s":{"a":0,"k":[450,450]},"sk":{"a":0,"k":0},"p":{"a":0,"k":[258.449,257.877]},"r":{"a":0,"k":0},"sa":{"a":0,"k":0},"o":{"a":0,"k":100}}]},{"ty":"gr","nm":"L","it":[{"ty":"gr","nm":"G","it":[{"ty":"sh","nm":"P","d":1,"ks":{"a":0,"k":{"c":true,"i":[[2.209,0],[0,0],[0,0.553],[0,0],[-3.313,0],[0,0],[0,-0.552],[0,0]],"o":[[0,0],[-0.552,0],[0,0],[0,-3.313],[0,0],[0.552,0],[0,0],[0,2.209]],"v":[[8.5,12.5],[-11.5,12.5],[-12.5,11.5],[-12.5,-6.5],[-6.5,-12.5],[11.5,-12.5],[12.5,-11.5],[12.5,8.5]]}}},{"ty":"fl","nm":"F","c":{"a":0,"k":[1,1,1]},"r":1,"o":{"a":0,"k":100}},{"ty":"tr","a":{"a":0,"k":[0,0]},"s":{"a":0,"k":[100,100]},"sk":{"a":0,"k":0},"p":{"a":0,"k":[42.255,41]},"r":{"a":0,"k":0},"sa":{"a":0,"k":0},"o":{"a":0,"k":100}}]},{"ty":"tr","a":{"a":0,"k":[42.255,41]},"s":{"a":0,"k":[450,450]},"sk":{"a":0,"k":0},"p":{"a":0,"k":[251.699,251.123]},"r":{"a":0,"k":0},"sa":{"a":0,"k":0},"o":{"a":0,"k":100}}]},{"ty":"gr","nm":"L","it":[{"ty":"gr","nm":"G","it":[{"ty":"sh","nm":"P","d":1,"ks":{"a":0,"k":{"c":true,"i":[[3.314,0],[0,0],[0,3.314],[0,0],[-3.313,0],[0,0],[0,-3.313],[0,0]],"o":[[0,0],[-3.313,0],[0,0],[0,-3.313],[0,0],[3.314,0],[0,0],[0,3.314]],"v":[[8,14],[-8,14],[-14,8],[-14,-8],[-8,-14],[8,-14],[14,-8],[14,8]]}}},{"ty":"fl","nm":"F","c":{"a":0,"k":[0.741,0.765,0.847]},"r":1,"o":{"a":0,"k":100}},{"ty":"tr","a":{"a":0,"k":[0,0]},"s":{"a":0,"k":[100,100]},"sk":{"a":0,"k":0},"p":{"a":0,"k":[43.755,42.5]},"r":{"a":0,"k":0},"sa":{"a":0,"k":0},"o":{"a":0,"k":100}}]},{"ty":"tr","a":{"a":0,"k":[43.755,42.5]},"s":{"a":0,"k":[450,450]},"sk":{"a":0,"k":0},"p":{"a":0,"k":[258.449,257.873]},"r":{"a":0,"k":0},"sa":{"a":0,"k":0},"o":{"a":0,"k":100}}]}],"ind":1,"parent":18},{"ty":4,"nm":"L","sr":1,"st":0,"op":150,"ip":0,"hasMask":false,"ao":0,"ks":{"a":{"a":0,"k":[372.084,176.864,0]},"s":{"a":1,"k":[{"o":{"x":0.38,"y":0},"i":{"x":0.62,"y":1},"s":[0,0,100],"t":26},{"o":{"x":0.38,"y":0},"i":{"x":0.62,"y":1},"s":[115,115,100],"t":41},{"o":{"x":0.167,"y":0},"i":{"x":0.66,"y":1},"s":[100,100,100],"t":56},{"o":{"x":0.34,"y":0},"i":{"x":0.66,"y":1},"s":[100,100,100],"t":120},{"o":{"x":0.34,"y":0},"i":{"x":0.66,"y":1},"s":[115,115,100],"t":135},{"s":[0,0,100],"t":150}]},"sk":{"a":0,"k":0},"p":{"a":0,"k":[68.084,-72.511,0]},"r":{"a":0,"k":0},"sa":{"a":0,"k":0},"o":{"a":0,"k":100}},"ef":[],"shapes":[{"ty":"gr","nm":"L","it":[{"ty":"gr","nm":"G","it":[{"ty":"sh","nm":"P","d":1,"ks":{"a":0,"k":{"c":true,"i":[[0,0],[0,-0.138],[0,0],[-0.138,0],[0,0],[0,0.138],[0,0],[0.138,0]],"o":[[-0.138,0],[0,0],[0,0.138],[0,0],[0.138,0],[0,0],[0,-0.138],[0,0]],"v":[[-2,-2.25],[-2.25,-2],[-2.25,2],[-2,2.25],[2,2.25],[2.25,2],[2.25,-2],[2,-2.25]]}}},{"ty":"sh","nm":"P","d":1,"ks":{"a":0,"k":{"c":true,"i":[[0.965,0],[0,0],[0,0.965],[0,0],[-0.965,0],[0,0],[0,-0.965],[0,0]],"o":[[0,0],[-0.965,0],[0,0],[0,-0.965],[0,0],[0.965,0],[0,0],[0,0.965]],"v":[[2,3.75],[-2,3.75],[-3.75,2],[-3.75,-2],[-2,-3.75],[2,-3.75],[3.75,-2],[3.75,2]]}}},{"ty":"mm","nm":"M","mm":1},{"ty":"fl","nm":"F","c":{"a":0,"k":[1,1,1]},"r":1,"o":{"a":0,"k":100}},{"ty":"tr","a":{"a":0,"k":[0,0]},"s":{"a":0,"k":[100,100]},"sk":{"a":0,"k":0},"p":{"a":0,"k":[72.757,24.498]},"r":{"a":0,"k":0},"sa":{"a":0,"k":0},"o":{"a":0,"k":100}}]},{"ty":"tr","a":{"a":0,"k":[72.757,24.498]},"s":{"a":0,"k":[450,450]},"sk":{"a":0,"k":0},"p":{"a":0,"k":[388.959,176.864]},"r":{"a":0,"k":0},"sa":{"a":0,"k":0},"o":{"a":0,"k":100}}]},{"ty":"gr","nm":"L","it":[{"ty":"gr","nm":"G","it":[{"ty":"sh","nm":"P","d":1,"ks":{"a":0,"k":{"c":true,"i":[[0,0],[0,0],[0,-0.553],[0,0],[0,0],[0,0.276]],"o":[[0,0],[-0.552,0],[0,0],[0,0],[0.276,0],[0,0]],"v":[[2,-2],[-1,-2],[-2,-1],[-2,2],[1.5,2],[2,1.5]]}}},{"ty":"fl","nm":"F","c":{"a":0,"k":[1,1,1]},"r":1,"o":{"a":0,"k":100}},{"ty":"tr","a":{"a":0,"k":[0,0]},"s":{"a":0,"k":[100,100]},"sk":{"a":0,"k":0},"p":{"a":0,"k":[71.757,23.498]},"r":{"a":0,"k":0},"sa":{"a":0,"k":0},"o":{"a":0,"k":100}}]},{"ty":"tr","a":{"a":0,"k":[71.757,23.498]},"s":{"a":0,"k":[450,450]},"sk":{"a":0,"k":0},"p":{"a":0,"k":[384.459,172.364]},"r":{"a":0,"k":0},"sa":{"a":0,"k":0},"o":{"a":0,"k":100}}]},{"ty":"gr","nm":"L","it":[{"ty":"gr","nm":"G","it":[{"ty":"sh","nm":"P","d":1,"ks":{"a":0,"k":{"c":true,"i":[[0.552,0],[0,0],[0,-0.552],[0,0],[-0.552,0],[0,0],[0,0.553],[0,0]],"o":[[0,0],[-0.552,0],[0,0],[0,0.553],[0,0],[0.552,0],[0,0],[0,-0.552]],"v":[[2,-3],[-2,-3],[-3,-2],[-3,2],[-2,3],[2,3],[3,2],[3,-2]]}}},{"ty":"fl","nm":"F","c":{"a":0,"k":[0.741,0.765,0.847]},"r":1,"o":{"a":0,"k":100}},{"ty":"tr","a":{"a":0,"k":[0,0]},"s":{"a":0,"k":[100,100]},"sk":{"a":0,"k":0},"p":{"a":0,"k":[72.757,24.498]},"r":{"a":0,"k":0},"sa":{"a":0,"k":0},"o":{"a":0,"k":100}}]},{"ty":"tr","a":{"a":0,"k":[72.757,24.498]},"s":{"a":0,"k":[450,450]},"sk":{"a":0,"k":0},"p":{"a":0,"k":[388.959,176.864]},"r":{"a":0,"k":0},"sa":{"a":0,"k":0},"o":{"a":0,"k":100}}]}],"ind":2,"parent":3},{"ty":4,"nm":"S","sr":1,"st":0,"op":150,"ip":0,"hasMask":false,"ao":0,"ks":{"a":{"a":0,"k":[26.375,-63.688,0]},"s":{"a":0,"k":[100,100,100]},"sk":{"a":0,"k":0},"p":{"a":1,"k":[{"o":{"x":0.167,"y":0.167},"i":{"x":0.25,"y":1},"s":[258.449,218.187,0],"t":21,"ti":[-11.988,5.417,0],"to":[11.988,-5.417,0]},{"o":{"x":0.167,"y":0.167},"i":{"x":0.833,"y":0.833},"s":[330.375,185.687,0],"t":61,"ti":[0,0,0],"to":[0,0,0]},{"o":{"x":0.167,"y":0},"i":{"x":0.26,"y":1},"s":[330.375,185.687,0],"t":110,"ti":[11.988,-5.417,0],"to":[-11.988,5.417,0]},{"s":[258.449,218.187,0],"t":140}]},"r":{"a":0,"k":0},"sa":{"a":0,"k":0},"o":{"a":0,"k":100}},"ef":[],"shapes":[{"ty":"gr","nm":"S","it":[{"ty":"sh","nm":"P","d":1,"ks":{"a":0,"k":{"c":false,"i":[[0,0],[0,0],[0,0]],"o":[[0,0],[0,0],[0,0]],"v":[[-18.5,-54.75],[-18.5,-72.5],[71.25,-72.625]]}}},{"ty":"st","nm":"S","lc":2,"lj":2,"ml":1,"o":{"a":0,"k":100},"w":{"a":0,"k":6.6},"c":{"a":0,"k":[1,1,1]}},{"ty":"tr","a":{"a":0,"k":[0,0]},"s":{"a":0,"k":[100,100]},"sk":{"a":0,"k":0},"p":{"a":0,"k":[0,0]},"r":{"a":0,"k":0},"sa":{"a":0,"k":0},"o":{"a":0,"k":100}}]},{"ty":"tm","nm":"T","e":{"a":0,"k":100},"o":{"a":0,"k":0},"s":{"a":0,"k":0},"m":1}],"ind":3,"parent":1},{"ty":4,"nm":"L","sr":1,"st":0,"op":150,"ip":0,"hasMask":false,"ao":0,"ks":{"a":{"a":0,"k":[144.823,176.864,0]},"s":{"a":1,"k":[{"o":{"x":0.38,"y":0},"i":{"x":0.62,"y":1},"s":[0,0,100],"t":14},{"o":{"x":0.38,"y":0},"i":{"x":0.62,"y":1},"s":[115,115,100],"t":29},{"o":{"x":0.167,"y":0},"i":{"x":0.66,"y":1},"s":[100,100,100],"t":44},{"o":{"x":0.34,"y":0},"i":{"x":0.66,"y":1},"s":[100,100,100],"t":120},{"o":{"x":0.34,"y":0},"i":{"x":0.66,"y":1},"s":[115,115,100],"t":135},{"s":[0,0,100],"t":150}]},"sk":{"a":0,"k":0},"p":{"a":0,"k":[-105.177,-72.511,0]},"r":{"a":0,"k":0},"sa":{"a":0,"k":0},"o":{"a":0,"k":100}},"ef":[],"shapes":[{"ty":"gr","nm":"L","it":[{"ty":"gr","nm":"G","it":[{"ty":"sh","nm":"P","d":1,"ks":{"a":0,"k":{"c":true,"i":[[0,0],[0,-0.138],[0,0],[-0.138,0],[0,0],[0,0.138],[0,0],[0.138,0]],"o":[[-0.138,0],[0,0],[0,0.138],[0,0],[0.138,0],[0,0],[0,-0.138],[0,0]],"v":[[-2,-2.25],[-2.25,-2],[-2.25,2],[-2,2.25],[2,2.25],[2.25,2],[2.25,-2],[2,-2.25]]}}},{"ty":"sh","nm":"P","d":1,"ks":{"a":0,"k":{"c":true,"i":[[0.965,0],[0,0],[0,0.965],[0,0],[-0.965,0],[0,0],[0,-0.965],[0,0]],"o":[[0,0],[-0.965,0],[0,0],[0,-0.965],[0,0],[0.965,0],[0,0],[0,0.965]],"v":[[2,3.75],[-2,3.75],[-3.75,2],[-3.75,-2],[-2,-3.75],[2,-3.75],[3.75,-2],[3.75,2]]}}},{"ty":"mm","nm":"M","mm":1},{"ty":"fl","nm":"F","c":{"a":0,"k":[1,1,1]},"r":1,"o":{"a":0,"k":100}},{"ty":"tr","a":{"a":0,"k":[0,0]},"s":{"a":0,"k":[100,100]},"sk":{"a":0,"k":0},"p":{"a":0,"k":[14.755,24.498]},"r":{"a":0,"k":0},"sa":{"a":0,"k":0},"o":{"a":0,"k":100}}]},{"ty":"tr","a":{"a":0,"k":[14.755,24.498]},"s":{"a":0,"k":[450,450]},"sk":{"a":0,"k":0},"p":{"a":0,"k":[127.948,176.864]},"r":{"a":0,"k":0},"sa":{"a":0,"k":0},"o":{"a":0,"k":100}}]},{"ty":"gr","nm":"L","it":[{"ty":"gr","nm":"G","it":[{"ty":"sh","nm":"P","d":1,"ks":{"a":0,"k":{"c":true,"i":[[0,0],[0,0],[0,-0.553],[0,0],[0,0],[0,0.276]],"o":[[0,0],[-0.552,0],[0,0],[0,0],[0.276,0],[0,0]],"v":[[2,-2],[-1,-2],[-2,-1],[-2,2],[1.5,2],[2,1.5]]}}},{"ty":"fl","nm":"F","c":{"a":0,"k":[1,1,1]},"r":1,"o":{"a":0,"k":100}},{"ty":"tr","a":{"a":0,"k":[0,0]},"s":{"a":0,"k":[100,100]},"sk":{"a":0,"k":0},"p":{"a":0,"k":[13.755,23.498]},"r":{"a":0,"k":0},"sa":{"a":0,"k":0},"o":{"a":0,"k":100}}]},{"ty":"tr","a":{"a":0,"k":[13.755,23.498]},"s":{"a":0,"k":[450,450]},"sk":{"a":0,"k":0},"p":{"a":0,"k":[123.448,172.364]},"r":{"a":0,"k":0},"sa":{"a":0,"k":0},"o":{"a":0,"k":100}}]},{"ty":"gr","nm":"L","it":[{"ty":"gr","nm":"G","it":[{"ty":"sh","nm":"P","d":1,"ks":{"a":0,"k":{"c":true,"i":[[0.552,0],[0,0],[0,-0.552],[0,0],[-0.552,0],[0,0],[0,0.553],[0,0]],"o":[[0,0],[-0.552,0],[0,0],[0,0.553],[0,0],[0.552,0],[0,0],[0,-0.552]],"v":[[2,-3],[-2,-3],[-3,-2],[-3,2],[-2,3],[2,3],[3,2],[3,-2]]}}},{"ty":"fl","nm":"F","c":{"a":0,"k":[0.741,0.765,0.847]},"r":1,"o":{"a":0,"k":100}},{"ty":"tr","a":{"a":0,"k":[0,0]},"s":{"a":0,"k":[100,100]},"sk":{"a":0,"k":0},"p":{"a":0,"k":[14.755,24.498]},"r":{"a":0,"k":0},"sa":{"a":0,"k":0},"o":{"a":0,"k":100}}]},{"ty":"tr","a":{"a":0,"k":[14.755,24.498]},"s":{"a":0,"k":[450,450]},"sk":{"a":0,"k":0},"p":{"a":0,"k":[127.948,176.864]},"r":{"a":0,"k":0},"sa":{"a":0,"k":0},"o":{"a":0,"k":100}}]}],"ind":4,"parent":5},{"ty":4,"nm":"S","sr":1,"st":0,"op":150,"ip":0,"hasMask":false,"ao":0,"ks":{"a":{"a":0,"k":[-63.625,-63.625,0]},"s":{"a":0,"k":[100,100,100]},"sk":{"a":0,"k":0},"p":{"a":1,"k":[{"o":{"x":0.167,"y":0.167},"i":{"x":0.25,"y":1},"s":[258.449,218.188,0],"t":9,"ti":[12.012,5.406,0],"to":[-12.012,-5.406,0]},{"o":{"x":0.167,"y":0.167},"i":{"x":0.833,"y":0.833},"s":[186.375,185.75,0],"t":49,"ti":[0,0,0],"to":[0,0,0]},{"o":{"x":0.167,"y":0},"i":{"x":0.26,"y":1},"s":[186.375,185.75,0],"t":110,"ti":[-12.012,-5.406,0],"to":[12.012,5.406,0]},{"s":[258.449,218.188,0],"t":140}]},"r":{"a":0,"k":0},"sa":{"a":0,"k":0},"o":{"a":0,"k":100}},"ef":[],"shapes":[{"ty":"gr","nm":"S","it":[{"ty":"sh","nm":"P","d":1,"ks":{"a":0,"k":{"c":false,"i":[[0,0],[0,0],[0,0]],"o":[[0,0],[0,0],[0,0]],"v":[[-18.5,-54.75],[-18.5,-72.5],[-108.75,-72.5]]}}},{"ty":"st","nm":"S","lc":2,"lj":2,"ml":1,"o":{"a":0,"k":100},"w":{"a":0,"k":6.6},"c":{"a":0,"k":[1,1,1]}},{"ty":"tr","a":{"a":0,"k":[0,0]},"s":{"a":0,"k":[100,100]},"sk":{"a":0,"k":0},"p":{"a":0,"k":[0,0]},"r":{"a":0,"k":0},"sa":{"a":0,"k":0},"o":{"a":0,"k":100}}]},{"ty":"tm","nm":"T","e":{"a":0,"k":100},"o":{"a":0,"k":0},"s":{"a":0,"k":0},"m":1}],"ind":5,"parent":1},{"ty":4,"nm":"L","sr":1,"st":0,"op":150,"ip":0,"hasMask":false,"ao":0,"ks":{"a":{"a":0,"k":[372.084,230.873,0]},"s":{"a":1,"k":[{"o":{"x":0.38,"y":0},"i":{"x":0.62,"y":1},"s":[0,0,100],"t":23},{"o":{"x":0.38,"y":0},"i":{"x":0.62,"y":1},"s":[115,115,100],"t":38},{"o":{"x":0.167,"y":0},"i":{"x":0.66,"y":1},"s":[100,100,100],"t":53},{"o":{"x":0.34,"y":0},"i":{"x":0.66,"y":1},"s":[100,100,100],"t":120},{"o":{"x":0.34,"y":0},"i":{"x":0.66,"y":1},"s":[115,115,100],"t":135},{"s":[0,0,100],"t":150}]},"sk":{"a":0,"k":0},"p":{"a":0,"k":[-0.416,35.498,0]},"r":{"a":0,"k":0},"sa":{"a":0,"k":0},"o":{"a":0,"k":100}},"ef":[],"shapes":[{"ty":"gr","nm":"L","it":[{"ty":"gr","nm":"G","it":[{"ty":"sh","nm":"P","d":1,"ks":{"a":0,"k":{"c":true,"i":[[0,0],[0,-0.138],[0,0],[-0.138,0],[0,0],[0,0.138],[0,0],[0.138,0]],"o":[[-0.138,0],[0,0],[0,0.138],[0,0],[0.138,0],[0,0],[0,-0.138],[0,0]],"v":[[-2,-2.25],[-2.25,-2],[-2.25,2],[-2,2.25],[2,2.25],[2.25,2],[2.25,-2],[2,-2.25]]}}},{"ty":"sh","nm":"P","d":1,"ks":{"a":0,"k":{"c":true,"i":[[0.965,0],[0,0],[0,0.965],[0,0],[-0.965,0],[0,0],[0,-0.965],[0,0]],"o":[[0,0],[-0.965,0],[0,0],[0,-0.965],[0,0],[0.965,0],[0,0],[0,0.965]],"v":[[2,3.75],[-2,3.75],[-3.75,2],[-3.75,-2],[-2,-3.75],[2,-3.75],[3.75,-2],[3.75,2]]}}},{"ty":"mm","nm":"M","mm":1},{"ty":"fl","nm":"F","c":{"a":0,"k":[1,1,1]},"r":1,"o":{"a":0,"k":100}},{"ty":"tr","a":{"a":0,"k":[0,0]},"s":{"a":0,"k":[100,100]},"sk":{"a":0,"k":0},"p":{"a":0,"k":[72.757,36.5]},"r":{"a":0,"k":0},"sa":{"a":0,"k":0},"o":{"a":0,"k":100}}]},{"ty":"tr","a":{"a":0,"k":[72.757,36.5]},"s":{"a":0,"k":[450,450]},"sk":{"a":0,"k":0},"p":{"a":0,"k":[388.959,230.873]},"r":{"a":0,"k":0},"sa":{"a":0,"k":0},"o":{"a":0,"k":100}}]},{"ty":"gr","nm":"L","it":[{"ty":"gr","nm":"G","it":[{"ty":"sh","nm":"P","d":1,"ks":{"a":0,"k":{"c":true,"i":[[0,0],[0,0],[0,-0.552],[0,0],[0,0],[0,0.276]],"o":[[0,0],[-0.552,0],[0,0],[0,0],[0.276,0],[0,0]],"v":[[2,-2],[-1,-2],[-2,-1],[-2,2],[1.5,2],[2,1.5]]}}},{"ty":"fl","nm":"F","c":{"a":0,"k":[1,1,1]},"r":1,"o":{"a":0,"k":100}},{"ty":"tr","a":{"a":0,"k":[0,0]},"s":{"a":0,"k":[100,100]},"sk":{"a":0,"k":0},"p":{"a":0,"k":[71.757,35.499]},"r":{"a":0,"k":0},"sa":{"a":0,"k":0},"o":{"a":0,"k":100}}]},{"ty":"tr","a":{"a":0,"k":[71.757,35.499]},"s":{"a":0,"k":[450,450]},"sk":{"a":0,"k":0},"p":{"a":0,"k":[384.459,226.368]},"r":{"a":0,"k":0},"sa":{"a":0,"k":0},"o":{"a":0,"k":100}}]},{"ty":"gr","nm":"L","it":[{"ty":"gr","nm":"G","it":[{"ty":"sh","nm":"P","d":1,"ks":{"a":0,"k":{"c":true,"i":[[0.552,0],[0,0],[0,-0.552],[0,0],[-0.552,0],[0,0],[0,0.553],[0,0]],"o":[[0,0],[-0.552,0],[0,0],[0,0.553],[0,0],[0.552,0],[0,0],[0,-0.552]],"v":[[2,-3],[-2,-3],[-3,-2],[-3,2],[-2,3],[2,3],[3,2],[3,-2]]}}},{"ty":"fl","nm":"F","c":{"a":0,"k":[0.741,0.765,0.847]},"r":1,"o":{"a":0,"k":100}},{"ty":"tr","a":{"a":0,"k":[0,0]},"s":{"a":0,"k":[100,100]},"sk":{"a":0,"k":0},"p":{"a":0,"k":[72.757,36.499]},"r":{"a":0,"k":0},"sa":{"a":0,"k":0},"o":{"a":0,"k":100}}]},{"ty":"tr","a":{"a":0,"k":[72.757,36.499]},"s":{"a":0,"k":[450,450]},"sk":{"a":0,"k":0},"p":{"a":0,"k":[388.959,230.868]},"r":{"a":0,"k":0},"sa":{"a":0,"k":0},"o":{"a":0,"k":100}}]}],"ind":6,"parent":7},{"ty":4,"nm":"S","sr":1,"st":0,"op":150,"ip":0,"hasMask":false,"ao":0,"ks":{"a":{"a":0,"k":[-24,35.375,0]},"s":{"a":0,"k":[100,100,100]},"sk":{"a":0,"k":0},"p":{"a":1,"k":[{"o":{"x":0.167,"y":0.167},"i":{"x":0.25,"y":1},"s":[293.5,240.875,0],"t":18,"ti":[-9.167,1.688,0],"to":[9.167,-1.688,0]},{"o":{"x":0.167,"y":0.167},"i":{"x":0.833,"y":0.833},"s":[348.5,230.75,0],"t":58,"ti":[0,0,0],"to":[0,0,0]},{"o":{"x":0.167,"y":0},"i":{"x":0.26,"y":1},"s":[348.5,230.75,0],"t":110,"ti":[9.167,-1.688,0],"to":[-9.167,1.688,0]},{"s":[293.5,240.875,0],"t":140}]},"r":{"a":0,"k":0},"sa":{"a":0,"k":0},"o":{"a":0,"k":100}},"ef":[],"shapes":[{"ty":"gr","nm":"S","it":[{"ty":"sh","nm":"P","d":1,"ks":{"a":0,"k":{"c":false,"i":[[0,0],[0,0]],"o":[[0,0],[0,0]],"v":[[-51,35.375],[3,35.375]]}}},{"ty":"st","nm":"S","lc":2,"lj":2,"ml":1,"o":{"a":0,"k":100},"w":{"a":0,"k":6.6},"c":{"a":0,"k":[1,1,1]}},{"ty":"tr","a":{"a":0,"k":[0,0]},"s":{"a":0,"k":[100,100]},"sk":{"a":0,"k":0},"p":{"a":0,"k":[0,0]},"r":{"a":0,"k":0},"sa":{"a":0,"k":0},"o":{"a":0,"k":100}}]},{"ty":"tm","nm":"T","e":{"a":0,"k":100},"o":{"a":0,"k":0},"s":{"a":0,"k":0},"m":1}],"ind":7,"parent":1},{"ty":4,"nm":"L","sr":1,"st":0,"op":150,"ip":0,"hasMask":false,"ao":0,"ks":{"a":{"a":0,"k":[144.823,230.873,0]},"s":{"a":1,"k":[{"o":{"x":0.38,"y":0},"i":{"x":0.62,"y":1},"s":[0,0,100],"t":11},{"o":{"x":0.38,"y":0},"i":{"x":0.62,"y":1},"s":[115,115,100],"t":26},{"o":{"x":0.167,"y":0},"i":{"x":0.66,"y":1},"s":[100,100,100],"t":41},{"o":{"x":0.34,"y":0},"i":{"x":0.66,"y":1},"s":[100,100,100],"t":120},{"o":{"x":0.34,"y":0},"i":{"x":0.66,"y":1},"s":[115,115,100],"t":135},{"s":[0,0,100],"t":150}]},"sk":{"a":0,"k":0},"p":{"a":0,"k":[-105.177,35.498,0]},"r":{"a":0,"k":0},"sa":{"a":0,"k":0},"o":{"a":0,"k":100}},"ef":[],"shapes":[{"ty":"gr","nm":"L","it":[{"ty":"gr","nm":"G","it":[{"ty":"sh","nm":"P","d":1,"ks":{"a":0,"k":{"c":true,"i":[[0,0],[0,-0.138],[0,0],[-0.138,0],[0,0],[0,0.138],[0,0],[0.138,0]],"o":[[-0.138,0],[0,0],[0,0.138],[0,0],[0.138,0],[0,0],[0,-0.138],[0,0]],"v":[[-2,-2.25],[-2.25,-2],[-2.25,2],[-2,2.25],[2,2.25],[2.25,2],[2.25,-2],[2,-2.25]]}}},{"ty":"sh","nm":"P","d":1,"ks":{"a":0,"k":{"c":true,"i":[[0.965,0],[0,0],[0,0.965],[0,0],[-0.965,0],[0,0],[0,-0.965],[0,0]],"o":[[0,0],[-0.965,0],[0,0],[0,-0.965],[0,0],[0.965,0],[0,0],[0,0.965]],"v":[[2,3.75],[-2,3.75],[-3.75,2],[-3.75,-2],[-2,-3.75],[2,-3.75],[3.75,-2],[3.75,2]]}}},{"ty":"mm","nm":"M","mm":1},{"ty":"fl","nm":"F","c":{"a":0,"k":[1,1,1]},"r":1,"o":{"a":0,"k":100}},{"ty":"tr","a":{"a":0,"k":[0,0]},"s":{"a":0,"k":[100,100]},"sk":{"a":0,"k":0},"p":{"a":0,"k":[14.755,36.5]},"r":{"a":0,"k":0},"sa":{"a":0,"k":0},"o":{"a":0,"k":100}}]},{"ty":"tr","a":{"a":0,"k":[14.755,36.5]},"s":{"a":0,"k":[450,450]},"sk":{"a":0,"k":0},"p":{"a":0,"k":[127.948,230.873]},"r":{"a":0,"k":0},"sa":{"a":0,"k":0},"o":{"a":0,"k":100}}]},{"ty":"gr","nm":"L","it":[{"ty":"gr","nm":"G","it":[{"ty":"sh","nm":"P","d":1,"ks":{"a":0,"k":{"c":true,"i":[[0,0],[0,0],[0,-0.552],[0,0],[0,0],[0,0.276]],"o":[[0,0],[-0.552,0],[0,0],[0,0],[0.276,0],[0,0]],"v":[[2,-2],[-1,-2],[-2,-1],[-2,2],[1.5,2],[2,1.5]]}}},{"ty":"fl","nm":"F","c":{"a":0,"k":[1,1,1]},"r":1,"o":{"a":0,"k":100}},{"ty":"tr","a":{"a":0,"k":[0,0]},"s":{"a":0,"k":[100,100]},"sk":{"a":0,"k":0},"p":{"a":0,"k":[13.755,35.499]},"r":{"a":0,"k":0},"sa":{"a":0,"k":0},"o":{"a":0,"k":100}}]},{"ty":"tr","a":{"a":0,"k":[13.755,35.499]},"s":{"a":0,"k":[450,450]},"sk":{"a":0,"k":0},"p":{"a":0,"k":[123.448,226.368]},"r":{"a":0,"k":0},"sa":{"a":0,"k":0},"o":{"a":0,"k":100}}]},{"ty":"gr","nm":"L","it":[{"ty":"gr","nm":"G","it":[{"ty":"sh","nm":"P","d":1,"ks":{"a":0,"k":{"c":true,"i":[[0.552,0],[0,0],[0,-0.552],[0,0],[-0.552,0],[0,0],[0,0.553],[0,0]],"o":[[0,0],[-0.552,0],[0,0],[0,0.553],[0,0],[0.552,0],[0,0],[0,-0.552]],"v":[[2,-3],[-2,-3],[-3,-2],[-3,2],[-2,3],[2,3],[3,2],[3,-2]]}}},{"ty":"fl","nm":"F","c":{"a":0,"k":[0.741,0.765,0.847]},"r":1,"o":{"a":0,"k":100}},{"ty":"tr","a":{"a":0,"k":[0,0]},"s":{"a":0,"k":[100,100]},"sk":{"a":0,"k":0},"p":{"a":0,"k":[14.755,36.499]},"r":{"a":0,"k":0},"sa":{"a":0,"k":0},"o":{"a":0,"k":100}}]},{"ty":"tr","a":{"a":0,"k":[14.755,36.499]},"s":{"a":0,"k":[450,450]},"sk":{"a":0,"k":0},"p":{"a":0,"k":[127.948,230.868]},"r":{"a":0,"k":0},"sa":{"a":0,"k":0},"o":{"a":0,"k":100}}]}],"ind":8,"parent":9},{"ty":4,"nm":"S","sr":1,"st":0,"op":150,"ip":0,"hasMask":false,"ao":0,"ks":{"a":{"a":0,"k":[-81.625,35.5,0]},"s":{"a":0,"k":[100,100,100]},"sk":{"a":0,"k":0},"p":{"a":1,"k":[{"o":{"x":0.167,"y":0.167},"i":{"x":0.25,"y":1},"s":[223.625,240.875,0],"t":6,"ti":[9.208,1.667,0],"to":[-9.208,-1.667,0]},{"o":{"x":0.167,"y":0.167},"i":{"x":0.833,"y":0.833},"s":[168.375,230.875,0],"t":46,"ti":[0,0,0],"to":[0,0,0]},{"o":{"x":0.167,"y":0},"i":{"x":0.26,"y":1},"s":[168.375,230.875,0],"t":110,"ti":[-9.208,-1.667,0],"to":[9.208,1.667,0]},{"s":[223.625,240.875,0],"t":140}]},"r":{"a":0,"k":0},"sa":{"a":0,"k":0},"o":{"a":0,"k":100}},"ef":[],"shapes":[{"ty":"gr","nm":"S","it":[{"ty":"sh","nm":"P","d":1,"ks":{"a":0,"k":{"c":false,"i":[[0,0],[0,0]],"o":[[0,0],[0,0]],"v":[[-54.75,35.5],[-108.5,35.5]]}}},{"ty":"st","nm":"S","lc":2,"lj":2,"ml":1,"o":{"a":0,"k":100},"w":{"a":0,"k":6.6},"c":{"a":0,"k":[1,1,1]}},{"ty":"tr","a":{"a":0,"k":[0,0]},"s":{"a":0,"k":[100,100]},"sk":{"a":0,"k":0},"p":{"a":0,"k":[0,0]},"r":{"a":0,"k":0},"sa":{"a":0,"k":0},"o":{"a":0,"k":100}}]},{"ty":"tm","nm":"T","e":{"a":0,"k":100},"o":{"a":0,"k":0},"s":{"a":0,"k":0},"m":1}],"ind":9,"parent":1},{"ty":4,"nm":"L","sr":1,"st":0,"op":150,"ip":0,"hasMask":false,"ao":0,"ks":{"a":{"a":0,"k":[372.084,284.877,0]},"s":{"a":1,"k":[{"o":{"x":0.38,"y":0},"i":{"x":0.62,"y":1},"s":[0,0,100],"t":20},{"o":{"x":0.38,"y":0},"i":{"x":0.62,"y":1},"s":[115,115,100],"t":35},{"o":{"x":0.167,"y":0},"i":{"x":0.66,"y":1},"s":[100,100,100],"t":50},{"o":{"x":0.34,"y":0},"i":{"x":0.66,"y":1},"s":[100,100,100],"t":120},{"o":{"x":0.34,"y":0},"i":{"x":0.66,"y":1},"s":[115,115,100],"t":135},{"s":[0,0,100],"t":150}]},"sk":{"a":0,"k":0},"p":{"a":0,"k":[-0.416,35.627,0]},"r":{"a":0,"k":0},"sa":{"a":0,"k":0},"o":{"a":0,"k":100}},"ef":[],"shapes":[{"ty":"gr","nm":"L","it":[{"ty":"gr","nm":"G","it":[{"ty":"sh","nm":"P","d":1,"ks":{"a":0,"k":{"c":true,"i":[[0,0],[0,-0.138],[0,0],[-0.138,0],[0,0],[0,0.138],[0,0],[0.138,0]],"o":[[-0.138,0],[0,0],[0,0.138],[0,0],[0.138,0],[0,0],[0,-0.138],[0,0]],"v":[[-2,-2.25],[-2.25,-2],[-2.25,2],[-2,2.25],[2,2.25],[2.25,2],[2.25,-2],[2,-2.25]]}}},{"ty":"sh","nm":"P","d":1,"ks":{"a":0,"k":{"c":true,"i":[[0.965,0],[0,0],[0,0.965],[0,0],[-0.965,0],[0,0],[0,-0.965],[0,0]],"o":[[0,0],[-0.965,0],[0,0],[0,-0.965],[0,0],[0.965,0],[0,0],[0,0.965]],"v":[[2,3.75],[-2,3.75],[-3.75,2],[-3.75,-2],[-2,-3.75],[2,-3.75],[3.75,-2],[3.75,2]]}}},{"ty":"mm","nm":"M","mm":1},{"ty":"fl","nm":"F","c":{"a":0,"k":[1,1,1]},"r":1,"o":{"a":0,"k":100}},{"ty":"tr","a":{"a":0,"k":[0,0]},"s":{"a":0,"k":[100,100]},"sk":{"a":0,"k":0},"p":{"a":0,"k":[72.757,48.501]},"r":{"a":0,"k":0},"sa":{"a":0,"k":0},"o":{"a":0,"k":100}}]},{"ty":"tr","a":{"a":0,"k":[72.757,48.501]},"s":{"a":0,"k":[450,450]},"sk":{"a":0,"k":0},"p":{"a":0,"k":[388.959,284.877]},"r":{"a":0,"k":0},"sa":{"a":0,"k":0},"o":{"a":0,"k":100}}]},{"ty":"gr","nm":"L","it":[{"ty":"gr","nm":"G","it":[{"ty":"sh","nm":"P","d":1,"ks":{"a":0,"k":{"c":true,"i":[[0,0],[0,0],[0,-0.553],[0,0],[0,0],[0,0.275]],"o":[[0,0],[-0.552,0],[0,0],[0,0],[0.276,0],[0,0]],"v":[[2,-2],[-1,-2],[-2,-1],[-2,2],[1.5,2],[2,1.5]]}}},{"ty":"fl","nm":"F","c":{"a":0,"k":[1,1,1]},"r":1,"o":{"a":0,"k":100}},{"ty":"tr","a":{"a":0,"k":[0,0]},"s":{"a":0,"k":[100,100]},"sk":{"a":0,"k":0},"p":{"a":0,"k":[71.757,47.501]},"r":{"a":0,"k":0},"sa":{"a":0,"k":0},"o":{"a":0,"k":100}}]},{"ty":"tr","a":{"a":0,"k":[71.757,47.501]},"s":{"a":0,"k":[450,450]},"sk":{"a":0,"k":0},"p":{"a":0,"k":[384.459,280.377]},"r":{"a":0,"k":0},"sa":{"a":0,"k":0},"o":{"a":0,"k":100}}]},{"ty":"gr","nm":"L","it":[{"ty":"gr","nm":"G","it":[{"ty":"sh","nm":"P","d":1,"ks":{"a":0,"k":{"c":true,"i":[[0.552,0],[0,0],[0,-0.553],[0,0],[-0.552,0],[0,0],[0,0.552],[0,0]],"o":[[0,0],[-0.552,0],[0,0],[0,0.552],[0,0],[0.552,0],[0,0],[0,-0.553]],"v":[[2,-3],[-2,-3],[-3,-2],[-3,2],[-2,3],[2,3],[3,2],[3,-2]]}}},{"ty":"fl","nm":"F","c":{"a":0,"k":[0.741,0.765,0.847]},"r":1,"o":{"a":0,"k":100}},{"ty":"tr","a":{"a":0,"k":[0,0]},"s":{"a":0,"k":[100,100]},"sk":{"a":0,"k":0},"p":{"a":0,"k":[72.757,48.501]},"r":{"a":0,"k":0},"sa":{"a":0,"k":0},"o":{"a":0,"k":100}}]},{"ty":"tr","a":{"a":0,"k":[72.757,48.501]},"s":{"a":0,"k":[450,450]},"sk":{"a":0,"k":0},"p":{"a":0,"k":[388.959,284.877]},"r":{"a":0,"k":0},"sa":{"a":0,"k":0},"o":{"a":0,"k":100}}]}],"ind":10,"parent":11},{"ty":4,"nm":"S","sr":1,"st":0,"op":150,"ip":0,"hasMask":false,"ao":0,"ks":{"a":{"a":0,"k":[-23.875,35.5,0]},"s":{"a":0,"k":[100,100,100]},"sk":{"a":0,"k":0},"p":{"a":1,"k":[{"o":{"x":0.167,"y":0.167},"i":{"x":0.25,"y":1},"s":[293.625,280.25,0],"t":15,"ti":[-9.167,-0.75,0],"to":[9.167,0.75,0]},{"o":{"x":0.167,"y":0.167},"i":{"x":0.833,"y":0.833},"s":[348.625,284.75,0],"t":55,"ti":[0,0,0],"to":[0,0,0]},{"o":{"x":0.167,"y":0},"i":{"x":0.26,"y":1},"s":[348.625,284.75,0],"t":110,"ti":[9.167,0.75,0],"to":[-9.167,-0.75,0]},{"s":[293.625,280.25,0],"t":140}]},"r":{"a":0,"k":0},"sa":{"a":0,"k":0},"o":{"a":0,"k":100}},"ef":[],"shapes":[{"ty":"gr","nm":"S","it":[{"ty":"sh","nm":"P","d":1,"ks":{"a":0,"k":{"c":false,"i":[[0,0],[0,0]],"o":[[0,0],[0,0]],"v":[[-50.25,35.5],[2.5,35.5]]}}},{"ty":"st","nm":"S","lc":2,"lj":2,"ml":1,"o":{"a":0,"k":100},"w":{"a":0,"k":6.6},"c":{"a":0,"k":[1,1,1]}},{"ty":"tr","a":{"a":0,"k":[0,0]},"s":{"a":0,"k":[100,100]},"sk":{"a":0,"k":0},"p":{"a":0,"k":[0,0]},"r":{"a":0,"k":0},"sa":{"a":0,"k":0},"o":{"a":0,"k":100}}]},{"ty":"tm","nm":"T","e":{"a":0,"k":100},"o":{"a":0,"k":0},"s":{"a":0,"k":0},"m":1}],"ind":11,"parent":1},{"ty":4,"nm":"L","sr":1,"st":0,"op":150,"ip":0,"hasMask":false,"ao":0,"ks":{"a":{"a":0,"k":[144.823,284.877,0]},"s":{"a":1,"k":[{"o":{"x":0.38,"y":0},"i":{"x":0.62,"y":1},"s":[0,0,100],"t":8},{"o":{"x":0.38,"y":0},"i":{"x":0.62,"y":1},"s":[115,115,100],"t":23},{"o":{"x":0.167,"y":0},"i":{"x":0.66,"y":1},"s":[100,100,100],"t":38},{"o":{"x":0.34,"y":0},"i":{"x":0.66,"y":1},"s":[100,100,100],"t":120},{"o":{"x":0.34,"y":0},"i":{"x":0.66,"y":1},"s":[115,115,100],"t":135},{"s":[0,0,100],"t":150}]},"sk":{"a":0,"k":0},"p":{"a":0,"k":[-105.177,35.627,0]},"r":{"a":0,"k":0},"sa":{"a":0,"k":0},"o":{"a":0,"k":100}},"ef":[],"shapes":[{"ty":"gr","nm":"L","it":[{"ty":"gr","nm":"G","it":[{"ty":"sh","nm":"P","d":1,"ks":{"a":0,"k":{"c":true,"i":[[0,0],[0,-0.138],[0,0],[-0.138,0],[0,0],[0,0.138],[0,0],[0.138,0]],"o":[[-0.138,0],[0,0],[0,0.138],[0,0],[0.138,0],[0,0],[0,-0.138],[0,0]],"v":[[-2,-2.25],[-2.25,-2],[-2.25,2],[-2,2.25],[2,2.25],[2.25,2],[2.25,-2],[2,-2.25]]}}},{"ty":"sh","nm":"P","d":1,"ks":{"a":0,"k":{"c":true,"i":[[0.965,0],[0,0],[0,0.965],[0,0],[-0.965,0],[0,0],[0,-0.965],[0,0]],"o":[[0,0],[-0.965,0],[0,0],[0,-0.965],[0,0],[0.965,0],[0,0],[0,0.965]],"v":[[2,3.75],[-2,3.75],[-3.75,2],[-3.75,-2],[-2,-3.75],[2,-3.75],[3.75,-2],[3.75,2]]}}},{"ty":"mm","nm":"M","mm":1},{"ty":"fl","nm":"F","c":{"a":0,"k":[1,1,1]},"r":1,"o":{"a":0,"k":100}},{"ty":"tr","a":{"a":0,"k":[0,0]},"s":{"a":0,"k":[100,100]},"sk":{"a":0,"k":0},"p":{"a":0,"k":[14.755,48.501]},"r":{"a":0,"k":0},"sa":{"a":0,"k":0},"o":{"a":0,"k":100}}]},{"ty":"tr","a":{"a":0,"k":[14.755,48.501]},"s":{"a":0,"k":[450,450]},"sk":{"a":0,"k":0},"p":{"a":0,"k":[127.948,284.877]},"r":{"a":0,"k":0},"sa":{"a":0,"k":0},"o":{"a":0,"k":100}}]},{"ty":"gr","nm":"L","it":[{"ty":"gr","nm":"G","it":[{"ty":"sh","nm":"P","d":1,"ks":{"a":0,"k":{"c":true,"i":[[0,0],[0,0],[0,-0.553],[0,0],[0,0],[0,0.275]],"o":[[0,0],[-0.552,0],[0,0],[0,0],[0.276,0],[0,0]],"v":[[2,-2],[-1,-2],[-2,-1],[-2,2],[1.5,2],[2,1.5]]}}},{"ty":"fl","nm":"F","c":{"a":0,"k":[1,1,1]},"r":1,"o":{"a":0,"k":100}},{"ty":"tr","a":{"a":0,"k":[0,0]},"s":{"a":0,"k":[100,100]},"sk":{"a":0,"k":0},"p":{"a":0,"k":[13.755,47.501]},"r":{"a":0,"k":0},"sa":{"a":0,"k":0},"o":{"a":0,"k":100}}]},{"ty":"tr","a":{"a":0,"k":[13.755,47.501]},"s":{"a":0,"k":[450,450]},"sk":{"a":0,"k":0},"p":{"a":0,"k":[123.448,280.377]},"r":{"a":0,"k":0},"sa":{"a":0,"k":0},"o":{"a":0,"k":100}}]},{"ty":"gr","nm":"L","it":[{"ty":"gr","nm":"G","it":[{"ty":"sh","nm":"P","d":1,"ks":{"a":0,"k":{"c":true,"i":[[0.552,0],[0,0],[0,-0.553],[0,0],[-0.552,0],[0,0],[0,0.552],[0,0]],"o":[[0,0],[-0.552,0],[0,0],[0,0.552],[0,0],[0.552,0],[0,0],[0,-0.553]],"v":[[2,-3],[-2,-3],[-3,-2],[-3,2],[-2,3],[2,3],[3,2],[3,-2]]}}},{"ty":"fl","nm":"F","c":{"a":0,"k":[0.741,0.765,0.847]},"r":1,"o":{"a":0,"k":100}},{"ty":"tr","a":{"a":0,"k":[0,0]},"s":{"a":0,"k":[100,100]},"sk":{"a":0,"k":0},"p":{"a":0,"k":[14.755,48.501]},"r":{"a":0,"k":0},"sa":{"a":0,"k":0},"o":{"a":0,"k":100}}]},{"ty":"tr","a":{"a":0,"k":[14.755,48.501]},"s":{"a":0,"k":[450,450]},"sk":{"a":0,"k":0},"p":{"a":0,"k":[127.948,284.877]},"r":{"a":0,"k":0},"sa":{"a":0,"k":0},"o":{"a":0,"k":100}}]}],"ind":12,"parent":13},{"ty":4,"nm":"S","sr":1,"st":0,"op":150,"ip":0,"hasMask":false,"ao":0,"ks":{"a":{"a":0,"k":[-81.625,35.5,0]},"s":{"a":0,"k":[100,100,100]},"sk":{"a":0,"k":0},"p":{"a":1,"k":[{"o":{"x":0.167,"y":0.167},"i":{"x":0.25,"y":1},"s":[223.375,280.25,0],"t":3,"ti":[9.167,-0.75,0],"to":[-9.167,0.75,0]},{"o":{"x":0.167,"y":0.167},"i":{"x":0.833,"y":0.833},"s":[168.375,284.75,0],"t":43,"ti":[0,0,0],"to":[0,0,0]},{"o":{"x":0.167,"y":0},"i":{"x":0.26,"y":1},"s":[168.375,284.75,0],"t":110,"ti":[-9.167,0.75,0],"to":[9.167,-0.75,0]},{"s":[223.375,280.25,0],"t":140}]},"r":{"a":0,"k":0},"sa":{"a":0,"k":0},"o":{"a":0,"k":100}},"ef":[],"shapes":[{"ty":"gr","nm":"S","it":[{"ty":"sh","nm":"P","d":1,"ks":{"a":0,"k":{"c":false,"i":[[0,0],[0,0]],"o":[[0,0],[0,0]],"v":[[-54.75,35.5],[-108.5,35.5]]}}},{"ty":"st","nm":"S","lc":2,"lj":2,"ml":1,"o":{"a":0,"k":100},"w":{"a":0,"k":6.6},"c":{"a":0,"k":[1,1,1]}},{"ty":"tr","a":{"a":0,"k":[0,0]},"s":{"a":0,"k":[100,100]},"sk":{"a":0,"k":0},"p":{"a":0,"k":[0,0]},"r":{"a":0,"k":0},"sa":{"a":0,"k":0},"o":{"a":0,"k":100}}]},{"ty":"tm","nm":"T","e":{"a":0,"k":100},"o":{"a":0,"k":0},"s":{"a":0,"k":0},"m":1}],"ind":13,"parent":1},{"ty":4,"nm":"L","sr":1,"st":0,"op":150,"ip":0,"hasMask":false,"ao":0,"ks":{"a":{"a":0,"k":[372.084,338.882,0]},"s":{"a":1,"k":[{"o":{"x":0.38,"y":0},"i":{"x":0.62,"y":1},"s":[0,0,100],"t":17},{"o":{"x":0.38,"y":0},"i":{"x":0.62,"y":1},"s":[115,115,100],"t":32},{"o":{"x":0.167,"y":0},"i":{"x":0.66,"y":1},"s":[100,100,100],"t":47},{"o":{"x":0.34,"y":0},"i":{"x":0.66,"y":1},"s":[100,100,100],"t":120},{"o":{"x":0.34,"y":0},"i":{"x":0.66,"y":1},"s":[115,115,100],"t":135},{"s":[0,0,100],"t":150}]},"sk":{"a":0,"k":0},"p":{"a":0,"k":[68.084,88.882,0]},"r":{"a":0,"k":0},"sa":{"a":0,"k":0},"o":{"a":0,"k":100}},"ef":[],"shapes":[{"ty":"gr","nm":"L","it":[{"ty":"gr","nm":"G","it":[{"ty":"sh","nm":"P","d":1,"ks":{"a":0,"k":{"c":true,"i":[[0,0],[0,-0.138],[0,0],[-0.138,0],[0,0],[0,0.138],[0,0],[0.138,0]],"o":[[-0.138,0],[0,0],[0,0.138],[0,0],[0.138,0],[0,0],[0,-0.138],[0,0]],"v":[[-2,-2.25],[-2.25,-2],[-2.25,2],[-2,2.25],[2,2.25],[2.25,2],[2.25,-2],[2,-2.25]]}}},{"ty":"sh","nm":"P","d":1,"ks":{"a":0,"k":{"c":true,"i":[[0.965,0],[0,0],[0,0.965],[0,0],[-0.965,0],[0,0],[0,-0.965],[0,0]],"o":[[0,0],[-0.965,0],[0,0],[0,-0.965],[0,0],[0.965,0],[0,0],[0,0.965]],"v":[[2,3.75],[-2,3.75],[-3.75,2],[-3.75,-2],[-2,-3.75],[2,-3.75],[3.75,-2],[3.75,2]]}}},{"ty":"mm","nm":"M","mm":1},{"ty":"fl","nm":"F","c":{"a":0,"k":[1,1,1]},"r":1,"o":{"a":0,"k":100}},{"ty":"tr","a":{"a":0,"k":[0,0]},"s":{"a":0,"k":[100,100]},"sk":{"a":0,"k":0},"p":{"a":0,"k":[72.757,60.502]},"r":{"a":0,"k":0},"sa":{"a":0,"k":0},"o":{"a":0,"k":100}}]},{"ty":"tr","a":{"a":0,"k":[72.757,60.502]},"s":{"a":0,"k":[450,450]},"sk":{"a":0,"k":0},"p":{"a":0,"k":[388.959,338.882]},"r":{"a":0,"k":0},"sa":{"a":0,"k":0},"o":{"a":0,"k":100}}]},{"ty":"gr","nm":"L","it":[{"ty":"gr","nm":"G","it":[{"ty":"sh","nm":"P","d":1,"ks":{"a":0,"k":{"c":true,"i":[[0,0],[0,0],[0,-0.553],[0,0],[0,0],[0,0.275]],"o":[[0,0],[-0.552,0],[0,0],[0,0],[0.276,0],[0,0]],"v":[[2,-2],[-1,-2],[-2,-1],[-2,2],[1.5,2],[2,1.5]]}}},{"ty":"fl","nm":"F","c":{"a":0,"k":[1,1,1]},"r":1,"o":{"a":0,"k":100}},{"ty":"tr","a":{"a":0,"k":[0,0]},"s":{"a":0,"k":[100,100]},"sk":{"a":0,"k":0},"p":{"a":0,"k":[71.757,59.502]},"r":{"a":0,"k":0},"sa":{"a":0,"k":0},"o":{"a":0,"k":100}}]},{"ty":"tr","a":{"a":0,"k":[71.757,59.502]},"s":{"a":0,"k":[450,450]},"sk":{"a":0,"k":0},"p":{"a":0,"k":[384.459,334.382]},"r":{"a":0,"k":0},"sa":{"a":0,"k":0},"o":{"a":0,"k":100}}]},{"ty":"gr","nm":"L","it":[{"ty":"gr","nm":"G","it":[{"ty":"sh","nm":"P","d":1,"ks":{"a":0,"k":{"c":true,"i":[[0.552,0],[0,0],[0,-0.553],[0,0],[-0.552,0],[0,0],[0,0.552],[0,0]],"o":[[0,0],[-0.552,0],[0,0],[0,0.552],[0,0],[0.552,0],[0,0],[0,-0.553]],"v":[[2,-3],[-2,-3],[-3,-2],[-3,2],[-2,3],[2,3],[3,2],[3,-2]]}}},{"ty":"fl","nm":"F","c":{"a":0,"k":[0.741,0.765,0.847]},"r":1,"o":{"a":0,"k":100}},{"ty":"tr","a":{"a":0,"k":[0,0]},"s":{"a":0,"k":[100,100]},"sk":{"a":0,"k":0},"p":{"a":0,"k":[72.757,60.502]},"r":{"a":0,"k":0},"sa":{"a":0,"k":0},"o":{"a":0,"k":100}}]},{"ty":"tr","a":{"a":0,"k":[72.757,60.502]},"s":{"a":0,"k":[450,450]},"sk":{"a":0,"k":0},"p":{"a":0,"k":[388.959,338.882]},"r":{"a":0,"k":0},"sa":{"a":0,"k":0},"o":{"a":0,"k":100}}]}],"ind":14,"parent":15},{"ty":4,"nm":"S","sr":1,"st":0,"op":150,"ip":0,"hasMask":false,"ao":0,"ks":{"a":{"a":0,"k":[26.25,79.938,0]},"s":{"a":0,"k":[100,100,100]},"sk":{"a":0,"k":0},"p":{"a":1,"k":[{"o":{"x":0.167,"y":0.167},"i":{"x":0.25,"y":1},"s":[258.449,302.438,0],"t":12,"ti":[-11.967,-4.583,0],"to":[11.967,4.583,0]},{"o":{"x":0.167,"y":0.167},"i":{"x":0.833,"y":0.833},"s":[330.25,329.937,0],"t":52,"ti":[0,0,0],"to":[0,0,0]},{"o":{"x":0.167,"y":0},"i":{"x":0.26,"y":1},"s":[330.25,329.937,0],"t":110,"ti":[11.967,4.583,0],"to":[-11.967,-4.583,0]},{"s":[258.449,302.438,0],"t":140}]},"r":{"a":0,"k":0},"sa":{"a":0,"k":0},"o":{"a":0,"k":100}},"ef":[],"shapes":[{"ty":"gr","nm":"S","it":[{"ty":"sh","nm":"P","d":1,"ks":{"a":0,"k":{"c":false,"i":[[0,0],[0,0],[0,0]],"o":[[0,0],[0,0],[0,0]],"v":[[-18.5,71.125],[-18.5,88.75],[71,88.75]]}}},{"ty":"st","nm":"S","lc":2,"lj":2,"ml":1,"o":{"a":0,"k":100},"w":{"a":0,"k":6.6},"c":{"a":0,"k":[1,1,1]}},{"ty":"tr","a":{"a":0,"k":[0,0]},"s":{"a":0,"k":[100,100]},"sk":{"a":0,"k":0},"p":{"a":0,"k":[0,0]},"r":{"a":0,"k":0},"sa":{"a":0,"k":0},"o":{"a":0,"k":100}}]},{"ty":"tm","nm":"T","e":{"a":0,"k":100},"o":{"a":0,"k":0},"s":{"a":0,"k":0},"m":1}],"ind":15,"parent":1},{"ty":4,"nm":"L","sr":1,"st":0,"op":150,"ip":0,"hasMask":false,"ao":0,"ks":{"a":{"a":0,"k":[144.823,338.882,0]},"s":{"a":1,"k":[{"o":{"x":0.38,"y":0},"i":{"x":0.62,"y":1},"s":[0,0,100],"t":5},{"o":{"x":0.38,"y":0},"i":{"x":0.62,"y":1},"s":[115,115,100],"t":20},{"o":{"x":0.167,"y":0},"i":{"x":0.66,"y":1},"s":[100,100,100],"t":35},{"o":{"x":0.34,"y":0},"i":{"x":0.66,"y":1},"s":[100,100,100],"t":120},{"o":{"x":0.34,"y":0},"i":{"x":0.66,"y":1},"s":[115,115,100],"t":135},{"s":[0,0,100],"t":150}]},"sk":{"a":0,"k":0},"p":{"a":0,"k":[-105.177,88.882,0]},"r":{"a":0,"k":0},"sa":{"a":0,"k":0},"o":{"a":0,"k":100}},"ef":[],"shapes":[{"ty":"gr","nm":"L","it":[{"ty":"gr","nm":"G","it":[{"ty":"sh","nm":"P","d":1,"ks":{"a":0,"k":{"c":true,"i":[[0,0],[0,-0.138],[0,0],[-0.138,0],[0,0],[0,0.138],[0,0],[0.138,0]],"o":[[-0.138,0],[0,0],[0,0.138],[0,0],[0.138,0],[0,0],[0,-0.138],[0,0]],"v":[[-2,-2.25],[-2.25,-2],[-2.25,2],[-2,2.25],[2,2.25],[2.25,2],[2.25,-2],[2,-2.25]]}}},{"ty":"sh","nm":"P","d":1,"ks":{"a":0,"k":{"c":true,"i":[[0.965,0],[0,0],[0,0.965],[0,0],[-0.965,0],[0,0],[0,-0.965],[0,0]],"o":[[0,0],[-0.965,0],[0,0],[0,-0.965],[0,0],[0.965,0],[0,0],[0,0.965]],"v":[[2,3.75],[-2,3.75],[-3.75,2],[-3.75,-2],[-2,-3.75],[2,-3.75],[3.75,-2],[3.75,2]]}}},{"ty":"mm","nm":"M","mm":1},{"ty":"fl","nm":"F","c":{"a":0,"k":[1,1,1]},"r":1,"o":{"a":0,"k":100}},{"ty":"tr","a":{"a":0,"k":[0,0]},"s":{"a":0,"k":[100,100]},"sk":{"a":0,"k":0},"p":{"a":0,"k":[14.755,60.502]},"r":{"a":0,"k":0},"sa":{"a":0,"k":0},"o":{"a":0,"k":100}}]},{"ty":"tr","a":{"a":0,"k":[14.755,60.502]},"s":{"a":0,"k":[450,450]},"sk":{"a":0,"k":0},"p":{"a":0,"k":[127.948,338.882]},"r":{"a":0,"k":0},"sa":{"a":0,"k":0},"o":{"a":0,"k":100}}]},{"ty":"gr","nm":"L","it":[{"ty":"gr","nm":"G","it":[{"ty":"sh","nm":"P","d":1,"ks":{"a":0,"k":{"c":true,"i":[[0,0],[0,0],[0,-0.553],[0,0],[0,0],[0,0.275]],"o":[[0,0],[-0.552,0],[0,0],[0,0],[0.276,0],[0,0]],"v":[[2,-2],[-1,-2],[-2,-1],[-2,2],[1.5,2],[2,1.5]]}}},{"ty":"fl","nm":"F","c":{"a":0,"k":[1,1,1]},"r":1,"o":{"a":0,"k":100}},{"ty":"tr","a":{"a":0,"k":[0,0]},"s":{"a":0,"k":[100,100]},"sk":{"a":0,"k":0},"p":{"a":0,"k":[13.755,59.502]},"r":{"a":0,"k":0},"sa":{"a":0,"k":0},"o":{"a":0,"k":100}}]},{"ty":"tr","a":{"a":0,"k":[13.755,59.502]},"s":{"a":0,"k":[450,450]},"sk":{"a":0,"k":0},"p":{"a":0,"k":[123.448,334.382]},"r":{"a":0,"k":0},"sa":{"a":0,"k":0},"o":{"a":0,"k":100}}]},{"ty":"gr","nm":"L","it":[{"ty":"gr","nm":"G","it":[{"ty":"sh","nm":"P","d":1,"ks":{"a":0,"k":{"c":true,"i":[[0.552,0],[0,0],[0,-0.553],[0,0],[-0.552,0],[0,0],[0,0.552],[0,0]],"o":[[0,0],[-0.552,0],[0,0],[0,0.552],[0,0],[0.552,0],[0,0],[0,-0.553]],"v":[[2,-3],[-2,-3],[-3,-2],[-3,2],[-2,3],[2,3],[3,2],[3,-2]]}}},{"ty":"fl","nm":"F","c":{"a":0,"k":[0.741,0.765,0.847]},"r":1,"o":{"a":0,"k":100}},{"ty":"tr","a":{"a":0,"k":[0,0]},"s":{"a":0,"k":[100,100]},"sk":{"a":0,"k":0},"p":{"a":0,"k":[14.755,60.502]},"r":{"a":0,"k":0},"sa":{"a":0,"k":0},"o":{"a":0,"k":100}}]},{"ty":"tr","a":{"a":0,"k":[14.755,60.502]},"s":{"a":0,"k":[450,450]},"sk":{"a":0,"k":0},"p":{"a":0,"k":[127.948,338.882]},"r":{"a":0,"k":0},"sa":{"a":0,"k":0},"o":{"a":0,"k":100}}]}],"ind":16,"parent":17},{"ty":4,"nm":"S","sr":1,"st":0,"op":150,"ip":0,"hasMask":false,"ao":0,"ks":{"a":{"a":0,"k":[-63.375,79.938,0]},"s":{"a":0,"k":[100,100,100]},"sk":{"a":0,"k":0},"p":{"a":1,"k":[{"o":{"x":0.167,"y":0.167},"i":{"x":0.25,"y":1},"s":[258.449,302.437,0],"t":0,"ti":[11.971,-4.583,0],"to":[-11.971,4.583,0]},{"o":{"x":0.167,"y":0.167},"i":{"x":0.833,"y":0.833},"s":[186.625,329.937,0],"t":40,"ti":[0,0,0],"to":[0,0,0]},{"o":{"x":0.167,"y":0},"i":{"x":0.26,"y":1},"s":[186.625,329.937,0],"t":110,"ti":[-11.971,4.583,0],"to":[11.971,-4.583,0]},{"s":[258.449,302.437,0],"t":140}]},"r":{"a":0,"k":0},"sa":{"a":0,"k":0},"o":{"a":0,"k":100}},"ef":[],"shapes":[{"ty":"gr","nm":"S","it":[{"ty":"sh","nm":"P","d":1,"ks":{"a":0,"k":{"c":false,"i":[[0,0],[0,0],[0,0]],"o":[[0,0],[0,0],[0,0]],"v":[[-18.5,71.125],[-18.5,88.75],[-108.25,88.75]]}}},{"ty":"st","nm":"S","lc":2,"lj":2,"ml":1,"o":{"a":0,"k":100},"w":{"a":0,"k":6.6},"c":{"a":0,"k":[1,1,1]}},{"ty":"tr","a":{"a":0,"k":[0,0]},"s":{"a":0,"k":[100,100]},"sk":{"a":0,"k":0},"p":{"a":0,"k":[0,0]},"r":{"a":0,"k":0},"sa":{"a":0,"k":0},"o":{"a":0,"k":100}}]},{"ty":"tm","nm":"T","e":{"a":0,"k":100},"o":{"a":0,"k":0},"s":{"a":0,"k":0},"m":1}],"ind":17,"parent":1},{"ty":4,"nm":"L","sr":1,"st":0,"op":150,"ip":0,"hasMask":false,"ao":0,"ks":{"a":{"a":0,"k":[258.451,257.873,0]},"s":{"a":1,"k":[{"o":{"x":0.167,"y":0.167},"i":{"x":0.23,"y":1},"s":[100,100,100],"t":0},{"o":{"x":0.167,"y":0.167},"i":{"x":0.833,"y":0.833},"s":[125,125,100],"t":40},{"o":{"x":0.5,"y":0},"i":{"x":0.5,"y":1},"s":[125,125,100],"t":55},{"o":{"x":0.5,"y":0},"i":{"x":0.5,"y":1},"s":[90,90,100],"t":75},{"o":{"x":0.167,"y":0.167},"i":{"x":0.833,"y":0.833},"s":[125,125,100],"t":95},{"o":{"x":0.167,"y":0},"i":{"x":0.26,"y":1},"s":[125,125,100],"t":110},{"s":[100,100,100],"t":150}]},"sk":{"a":0,"k":0},"p":{"a":0,"k":[258.451,257.873,0]},"r":{"a":0,"k":0},"sa":{"a":0,"k":0},"o":{"a":0,"k":100}},"ef":[],"shapes":[{"ty":"gr","nm":"L","it":[{"ty":"gr","nm":"G","it":[{"ty":"sh","nm":"P","d":1,"ks":{"a":0,"k":{"c":true,"i":[[0,-0.553],[0.552,0],[0,0.552],[-0.552,0]],"o":[[0,0.552],[-0.552,0],[0,-0.553],[0.552,0]],"v":[[1,0],[0,1],[-1,0],[0,-1]]}}},{"ty":"fl","nm":"F","c":{"a":0,"k":[1,1,1]},"r":1,"o":{"a":0,"k":100}},{"ty":"tr","a":{"a":0,"k":[0,0]},"s":{"a":0,"k":[100,100]},"sk":{"a":0,"k":0},"p":{"a":0,"k":[52.756,14.5]},"r":{"a":0,"k":0},"sa":{"a":0,"k":0},"o":{"a":0,"k":100}}]},{"ty":"tr","a":{"a":0,"k":[52.756,14.5]},"s":{"a":0,"k":[450,450]},"sk":{"a":0,"k":0},"p":{"a":0,"k":[298.955,131.873]},"r":{"a":0,"k":0},"sa":{"a":0,"k":0},"o":{"a":0,"k":100}}]},{"ty":"gr","nm":"L","it":[{"ty":"gr","nm":"G","it":[{"ty":"sh","nm":"P","d":1,"ks":{"a":0,"k":{"c":true,"i":[[0.19,0],[0.14,0.14],[0,0.2],[-0.14,0.14],[-0.28,-0.28],[0,-0.189],[0.14,-0.139]],"o":[[-0.2,0],[-0.14,-0.139],[0,-0.189],[0.27,-0.27],[0.14,0.14],[0,0.2],[-0.14,0.14]],"v":[[0,0.78],[-0.53,0.56],[-0.75,0.03],[-0.53,-0.5],[0.53,-0.5],[0.75,0.03],[0.53,0.56]]}}},{"ty":"fl","nm":"F","c":{"a":0,"k":[1,1,1]},"r":1,"o":{"a":0,"k":100}},{"ty":"tr","a":{"a":0,"k":[0,0]},"s":{"a":0,"k":[100,100]},"sk":{"a":0,"k":0},"p":{"a":0,"k":[53.759,70.466]},"r":{"a":0,"k":0},"sa":{"a":0,"k":0},"o":{"a":0,"k":100}}]},{"ty":"tr","a":{"a":0,"k":[53.759,70.503]},"s":{"a":0,"k":[450,450]},"sk":{"a":0,"k":0},"p":{"a":0,"k":[303.466,383.886]},"r":{"a":0,"k":0},"sa":{"a":0,"k":0},"o":{"a":0,"k":100}}]},{"ty":"gr","nm":"L","it":[{"ty":"gr","nm":"G","it":[{"ty":"sh","nm":"P","d":1,"ks":{"a":0,"k":{"c":true,"i":[[0,0.42],[-0.42,0],[0,-0.41],[0.41,0]],"o":[[0,-0.41],[0.41,0],[0,0.42],[-0.42,0]],"v":[[-0.75,0],[0,-0.75],[0.75,0],[0,0.75]]}}},{"ty":"fl","nm":"F","c":{"a":0,"k":[1,1,1]},"r":1,"o":{"a":0,"k":100}},{"ty":"tr","a":{"a":0,"k":[0,0]},"s":{"a":0,"k":[100,100]},"sk":{"a":0,"k":0},"p":{"a":0,"k":[43.759,70.496]},"r":{"a":0,"k":0},"sa":{"a":0,"k":0},"o":{"a":0,"k":100}}]},{"ty":"tr","a":{"a":0,"k":[43.759,70.496]},"s":{"a":0,"k":[450,450]},"sk":{"a":0,"k":0},"p":{"a":0,"k":[258.466,383.855]},"r":{"a":0,"k":0},"sa":{"a":0,"k":0},"o":{"a":0,"k":100}}]},{"ty":"gr","nm":"L","it":[{"ty":"gr","nm":"G","it":[{"ty":"sh","nm":"P","d":1,"ks":{"a":0,"k":{"c":true,"i":[[0.19,0],[0.14,0.13],[0,0.2],[-0.14,0.14],[-0.28,-0.27],[0,-0.189],[0.14,-0.139]],"o":[[-0.2,0],[-0.14,-0.149],[0,-0.189],[0.27,-0.28],[0.14,0.14],[0,0.2],[-0.14,0.14]],"v":[[0,0.78],[-0.53,0.57],[-0.75,0.03],[-0.53,-0.5],[0.53,-0.5],[0.75,0.03],[0.53,0.56]]}}},{"ty":"fl","nm":"F","c":{"a":0,"k":[1,1,1]},"r":1,"o":{"a":0,"k":100}},{"ty":"tr","a":{"a":0,"k":[0,0]},"s":{"a":0,"k":[100,100]},"sk":{"a":0,"k":0},"p":{"a":0,"k":[33.759,70.466]},"r":{"a":0,"k":0},"sa":{"a":0,"k":0},"o":{"a":0,"k":100}}]},{"ty":"tr","a":{"a":0,"k":[33.759,70.503]},"s":{"a":0,"k":[450,450]},"sk":{"a":0,"k":0},"p":{"a":0,"k":[213.466,383.886]},"r":{"a":0,"k":0},"sa":{"a":0,"k":0},"o":{"a":0,"k":100}}]},{"ty":"gr","nm":"L","it":[{"ty":"gr","nm":"G","it":[{"ty":"sh","nm":"P","d":1,"ks":{"a":0,"k":{"c":true,"i":[[0.414,0],[0,0],[0,0.414],[-0.414,0],[0,0],[0,-0.414]],"o":[[0,0],[-0.414,0],[0,-0.414],[0,0],[0.414,0],[0,0.414]],"v":[[5,0.75],[-5,0.75],[-5.75,0],[-5,-0.75],[5,-0.75],[5.75,0]]}}},{"ty":"fl","nm":"F","c":{"a":0,"k":[1,1,1]},"r":1,"o":{"a":0,"k":100}},{"ty":"tr","a":{"a":0,"k":[0,0]},"s":{"a":0,"k":[100,100]},"sk":{"a":0,"k":0},"p":{"a":0,"k":[43.755,14.5]},"r":{"a":0,"k":0},"sa":{"a":0,"k":0},"o":{"a":0,"k":100}}]},{"ty":"tr","a":{"a":0,"k":[43.755,14.5]},"s":{"a":0,"k":[450,450]},"sk":{"a":0,"k":0},"p":{"a":0,"k":[258.451,131.873]},"r":{"a":0,"k":0},"sa":{"a":0,"k":0},"o":{"a":0,"k":100}}]},{"ty":"gr","nm":"L","it":[{"ty":"gr","nm":"G","it":[{"ty":"sh","nm":"P","d":1,"ks":{"a":0,"k":{"c":true,"i":[[0,0],[0,-0.689],[0,0],[-0.689,0],[0,0],[0,0.689],[0,0],[0.689,0]],"o":[[-0.689,0],[0,0],[0,0.689],[0,0],[0.689,0],[0,0],[0,-0.689],[0,0]],"v":[[-18,-23.25],[-19.25,-22],[-19.25,22],[-18,23.25],[18,23.25],[19.25,22],[19.25,-22],[18,-23.25]]}}},{"ty":"sh","nm":"P","d":1,"ks":{"a":0,"k":{"c":true,"i":[[1.517,0],[0,0],[0,1.517],[0,0],[-1.517,0],[0,0],[0,-1.517],[0,0]],"o":[[0,0],[-1.517,0],[0,0],[0,-1.517],[0,0],[1.517,0],[0,0],[0,1.517]],"v":[[18,24.75],[-18,24.75],[-20.75,22],[-20.75,-22],[-18,-24.75],[18,-24.75],[20.75,-22],[20.75,22]]}}},{"ty":"mm","nm":"M","mm":1},{"ty":"fl","nm":"F","c":{"a":0,"k":[1,1,1]},"r":1,"o":{"a":0,"k":100}},{"ty":"tr","a":{"a":0,"k":[0,0]},"s":{"a":0,"k":[100,100]},"sk":{"a":0,"k":0},"p":{"a":0,"k":[43.755,42.5]},"r":{"a":0,"k":0},"sa":{"a":0,"k":0},"o":{"a":0,"k":100}}]},{"ty":"tr","a":{"a":0,"k":[43.755,42.5]},"s":{"a":0,"k":[450,450]},"sk":{"a":0,"k":0},"p":{"a":0,"k":[258.451,257.873]},"r":{"a":0,"k":0},"sa":{"a":0,"k":0},"o":{"a":0,"k":100}}]},{"ty":"gr","nm":"L","it":[{"ty":"gr","nm":"G","it":[{"ty":"sh","nm":"P","d":1,"ks":{"a":0,"k":{"c":true,"i":[[0,0],[0,0],[0,-1.104],[0,0],[0,0],[0,1.104]],"o":[[0,0],[-1.105,0],[0,0],[0,0],[1.104,0],[0,0]],"v":[[18.5,-22.5],[-16.5,-22.5],[-18.5,-20.5],[-18.5,22.5],[16.5,22.5],[18.5,20.5]]}}},{"ty":"fl","nm":"F","c":{"a":0,"k":[1,1,1]},"r":1,"o":{"a":0,"k":100}},{"ty":"tr","a":{"a":0,"k":[0,0]},"s":{"a":0,"k":[100,100]},"sk":{"a":0,"k":0},"p":{"a":0,"k":[42.255,41]},"r":{"a":0,"k":0},"sa":{"a":0,"k":0},"o":{"a":0,"k":100}}]},{"ty":"tr","a":{"a":0,"k":[42.255,41]},"s":{"a":0,"k":[450,450]},"sk":{"a":0,"k":0},"p":{"a":0,"k":[251.701,251.123]},"r":{"a":0,"k":0},"sa":{"a":0,"k":0},"o":{"a":0,"k":100}}]},{"ty":"gr","nm":"L","it":[{"ty":"gr","nm":"G","it":[{"ty":"sh","nm":"P","d":1,"ks":{"a":0,"k":{"c":true,"i":[[1.104,0],[0,0],[0,-1.104],[0,0],[-1.104,0],[0,0],[0,1.104],[0,0]],"o":[[0,0],[-1.104,0],[0,0],[0,1.104],[0,0],[1.104,0],[0,0],[0,-1.104]],"v":[[18,-24],[-18,-24],[-20,-22],[-20,22],[-18,24],[18,24],[20,22],[20,-22]]}}},{"ty":"fl","nm":"F","c":{"a":0,"k":[0.741,0.765,0.847]},"r":1,"o":{"a":0,"k":100}},{"ty":"tr","a":{"a":0,"k":[0,0]},"s":{"a":0,"k":[100,100]},"sk":{"a":0,"k":0},"p":{"a":0,"k":[43.755,42.5]},"r":{"a":0,"k":0},"sa":{"a":0,"k":0},"o":{"a":0,"k":100}}]},{"ty":"tr","a":{"a":0,"k":[43.755,42.5]},"s":{"a":0,"k":[450,450]},"sk":{"a":0,"k":0},"p":{"a":0,"k":[258.451,257.873]},"r":{"a":0,"k":0},"sa":{"a":0,"k":0},"o":{"a":0,"k":100}}]},{"ty":"gr","nm":"L","it":[{"ty":"gr","nm":"G","it":[{"ty":"sh","nm":"P","d":1,"ks":{"a":0,"k":{"c":true,"i":[[0,0],[0,-1.792],[0,0],[-1.792,0],[0,0],[0,1.792],[0,0],[1.792,0]],"o":[[-1.792,0],[0,0],[0,1.792],[0,0],[1.792,0],[0,0],[0,-1.792],[0,0]],"v":[[-16,-31.25],[-19.25,-28],[-19.25,28],[-16,31.25],[16,31.25],[19.25,28],[19.25,-28],[16,-31.25]]}}},{"ty":"sh","nm":"P","d":1,"ks":{"a":0,"k":{"c":true,"i":[[2.619,0],[0,0],[0,2.619],[0,0],[-2.619,0],[0,0],[0,-2.619],[0,0]],"o":[[0,0],[-2.619,0],[0,0],[0,-2.619],[0,0],[2.619,0],[0,0],[0,2.619]],"v":[[16,32.75],[-16,32.75],[-20.75,28],[-20.75,-28],[-16,-32.75],[16,-32.75],[20.75,-28],[20.75,28]]}}},{"ty":"mm","nm":"M","mm":1},{"ty":"fl","nm":"F","c":{"a":0,"k":[1,1,1]},"r":1,"o":{"a":0,"k":100}},{"ty":"tr","a":{"a":0,"k":[0,0]},"s":{"a":0,"k":[100,100]},"sk":{"a":0,"k":0},"p":{"a":0,"k":[43.755,42.5]},"r":{"a":0,"k":0},"sa":{"a":0,"k":0},"o":{"a":0,"k":100}}]},{"ty":"tr","a":{"a":0,"k":[43.755,42.5]},"s":{"a":0,"k":[450,450]},"sk":{"a":0,"k":0},"p":{"a":0,"k":[258.451,257.873]},"r":{"a":0,"k":0},"sa":{"a":0,"k":0},"o":{"a":0,"k":100}}]},{"ty":"gr","nm":"L","it":[{"ty":"gr","nm":"G","it":[{"ty":"sh","nm":"P","d":1,"ks":{"a":0,"k":{"c":true,"i":[[0,0],[0,0],[0,-2.209],[0,0],[0,0],[0,2.209]],"o":[[0,0],[-2.209,0],[0,0],[0,0],[2.209,0],[0,0]],"v":[[17,-30.5],[-13,-30.5],[-17,-26.5],[-17,30.5],[13,30.5],[17,26.5]]}}},{"ty":"fl","nm":"F","c":{"a":0,"k":[1,1,1]},"r":1,"o":{"a":0,"k":100}},{"ty":"tr","a":{"a":0,"k":[0,0]},"s":{"a":0,"k":[100,100]},"sk":{"a":0,"k":0},"p":{"a":0,"k":[40.755,41]},"r":{"a":0,"k":0},"sa":{"a":0,"k":0},"o":{"a":0,"k":100}}]},{"ty":"tr","a":{"a":0,"k":[40.755,41]},"s":{"a":0,"k":[450,450]},"sk":{"a":0,"k":0},"p":{"a":0,"k":[244.949,251.123]},"r":{"a":0,"k":0},"sa":{"a":0,"k":0},"o":{"a":0,"k":100}}]},{"ty":"gr","nm":"L","it":[{"ty":"gr","nm":"G","it":[{"ty":"sh","nm":"P","d":1,"ks":{"a":0,"k":{"c":true,"i":[[2.209,0],[0,0],[0,-2.209],[0,0],[-2.209,0],[0,0],[0,2.209],[0,0]],"o":[[0,0],[-2.209,0],[0,0],[0,2.209],[0,0],[2.209,0],[0,0],[0,-2.209]],"v":[[16,-32],[-16,-32],[-20,-28],[-20,28],[-16,32],[16,32],[20,28],[20,-28]]}}},{"ty":"fl","nm":"F","c":{"a":0,"k":[0.741,0.765,0.847]},"r":1,"o":{"a":0,"k":100}},{"ty":"tr","a":{"a":0,"k":[0,0]},"s":{"a":0,"k":[100,100]},"sk":{"a":0,"k":0},"p":{"a":0,"k":[43.755,42.5]},"r":{"a":0,"k":0},"sa":{"a":0,"k":0},"o":{"a":0,"k":100}}]},{"ty":"tr","a":{"a":0,"k":[43.755,42.5]},"s":{"a":0,"k":[450,450]},"sk":{"a":0,"k":0},"p":{"a":0,"k":[258.451,257.873]},"r":{"a":0,"k":0},"sa":{"a":0,"k":0},"o":{"a":0,"k":100}}]}],"ind":18},{"ty":4,"nm":"L","sr":1,"st":0,"op":150,"ip":0,"hasMask":false,"ao":0,"ks":{"a":{"a":0,"k":[258.454,257.888,0]},"s":{"a":0,"k":[100,100,100]},"sk":{"a":0,"k":0},"p":{"a":0,"k":[258.454,257.888,0]},"r":{"a":0,"k":0},"sa":{"a":0,"k":0},"o":{"a":0,"k":100}},"ef":[],"shapes":[{"ty":"gr","nm":"L","it":[{"ty":"gr","nm":"L","it":[{"ty":"gr","nm":"G","it":[{"ty":"sh","nm":"P","d":1,"ks":{"a":0,"k":{"c":true,"i":[[0.414,0],[0,0.414],[0,0],[-0.414,0],[0,-0.414],[0,0]],"o":[[-0.414,0],[0,0],[0,-0.414],[0.414,0],[0,0],[0,0.414]],"v":[[0,2.75],[-0.75,2],[-0.75,-2],[0,-2.75],[0.75,-2],[0.75,2]]}}},{"ty":"fl","nm":"F","c":{"a":0,"k":[1,1,1]},"r":1,"o":{"a":0,"k":100}},{"ty":"tr","a":{"a":0,"k":[0,0]},"s":{"a":0,"k":[100,100]},"sk":{"a":0,"k":0},"p":{"a":0,"k":[71.757,72.507]},"r":{"a":0,"k":0},"sa":{"a":0,"k":0},"o":{"a":0,"k":100}}]},{"ty":"tr","a":{"a":0,"k":[71.757,72.507]},"s":{"a":0,"k":[450,450]},"sk":{"a":0,"k":0},"p":{"a":0,"k":[384.457,392.904]},"r":{"a":0,"k":0},"sa":{"a":0,"k":0},"o":{"a":0,"k":100}}]},{"ty":"gr","nm":"L","it":[{"ty":"gr","nm":"G","it":[{"ty":"sh","nm":"P","d":1,"ks":{"a":0,"k":{"c":true,"i":[[0.414,0],[0,0],[0,0.414],[-0.414,0],[0,0],[0,-0.414]],"o":[[0,0],[-0.414,0],[0,-0.414],[0,0],[0.414,0],[0,0.414]],"v":[[2,0.75],[-2,0.75],[-2.75,0],[-2,-0.75],[2,-0.75],[2.75,0]]}}},{"ty":"fl","nm":"F","c":{"a":0,"k":[1,1,1]},"r":1,"o":{"a":0,"k":100}},{"ty":"tr","a":{"a":0,"k":[0,0]},"s":{"a":0,"k":[100,100]},"sk":{"a":0,"k":0},"p":{"a":0,"k":[71.757,72.507]},"r":{"a":0,"k":0},"sa":{"a":0,"k":0},"o":{"a":0,"k":100}}]},{"ty":"tr","a":{"a":0,"k":[71.757,72.507]},"s":{"a":0,"k":[450,450]},"sk":{"a":0,"k":0},"p":{"a":0,"k":[384.457,392.904]},"r":{"a":0,"k":0},"sa":{"a":0,"k":0},"o":{"a":0,"k":100}}]},{"ty":"tr","a":{"a":0,"k":[384.457,392.904]},"s":{"a":1,"k":[{"o":{"x":0.37,"y":0},"i":{"x":0.63,"y":1},"s":[0,0],"t":70},{"o":{"x":0.37,"y":0},"i":{"x":0.63,"y":1},"s":[100,100],"t":82},{"s":[0,0],"t":94}]},"sk":{"a":0,"k":0},"p":{"a":0,"k":[384.457,392.904]},"r":{"a":0,"k":0},"sa":{"a":0,"k":0},"o":{"a":0,"k":100}}]},{"ty":"gr","nm":"L","it":[{"ty":"gr","nm":"L","it":[{"ty":"gr","nm":"G","it":[{"ty":"sh","nm":"P","d":1,"ks":{"a":0,"k":{"c":true,"i":[[0.414,0],[0,0.414],[0,0],[-0.414,0],[0,-0.414],[0,0]],"o":[[-0.414,0],[0,0],[0,-0.414],[0.414,0],[0,0],[0,0.414]],"v":[[0,2.75],[-0.75,2],[-0.75,-2],[0,-2.75],[0.75,-2],[0.75,2]]}}},{"ty":"fl","nm":"F","c":{"a":0,"k":[1,1,1]},"r":1,"o":{"a":0,"k":100}},{"ty":"tr","a":{"a":0,"k":[0,0]},"s":{"a":0,"k":[100,100]},"sk":{"a":0,"k":0},"p":{"a":0,"k":[18.756,76.507]},"r":{"a":0,"k":0},"sa":{"a":0,"k":0},"o":{"a":0,"k":100}}]},{"ty":"tr","a":{"a":0,"k":[18.756,76.507]},"s":{"a":0,"k":[450,450]},"sk":{"a":0,"k":0},"p":{"a":0,"k":[145.953,410.904]},"r":{"a":0,"k":0},"sa":{"a":0,"k":0},"o":{"a":0,"k":100}}]},{"ty":"gr","nm":"L","it":[{"ty":"gr","nm":"G","it":[{"ty":"sh","nm":"P","d":1,"ks":{"a":0,"k":{"c":true,"i":[[0.414,0],[0,0],[0,0.414],[-0.414,0],[0,0],[0,-0.414]],"o":[[0,0],[-0.414,0],[0,-0.414],[0,0],[0.414,0],[0,0.414]],"v":[[2,0.75],[-2,0.75],[-2.75,0],[-2,-0.75],[2,-0.75],[2.75,0]]}}},{"ty":"fl","nm":"F","c":{"a":0,"k":[1,1,1]},"r":1,"o":{"a":0,"k":100}},{"ty":"tr","a":{"a":0,"k":[0,0]},"s":{"a":0,"k":[100,100]},"sk":{"a":0,"k":0},"p":{"a":0,"k":[18.756,76.507]},"r":{"a":0,"k":0},"sa":{"a":0,"k":0},"o":{"a":0,"k":100}}]},{"ty":"tr","a":{"a":0,"k":[18.756,76.507]},"s":{"a":0,"k":[450,450]},"sk":{"a":0,"k":0},"p":{"a":0,"k":[145.953,410.904]},"r":{"a":0,"k":0},"sa":{"a":0,"k":0},"o":{"a":0,"k":100}}]},{"ty":"tr","a":{"a":0,"k":[145.953,410.904]},"s":{"a":1,"k":[{"o":{"x":0.37,"y":0},"i":{"x":0.63,"y":1},"s":[0,0],"t":61},{"o":{"x":0.37,"y":0},"i":{"x":0.63,"y":1},"s":[100,100],"t":73},{"s":[0,0],"t":85}]},"sk":{"a":0,"k":0},"p":{"a":0,"k":[145.953,410.904]},"r":{"a":0,"k":0},"sa":{"a":0,"k":0},"o":{"a":0,"k":100}}]},{"ty":"gr","nm":"L","it":[{"ty":"gr","nm":"L","it":[{"ty":"gr","nm":"G","it":[{"ty":"sh","nm":"P","d":1,"ks":{"a":0,"k":{"c":true,"i":[[0.414,0],[0,0.414],[0,0],[-0.414,0],[0,-0.414],[0,0]],"o":[[-0.414,0],[0,0],[0,-0.414],[0.414,0],[0,0],[0,0.414]],"v":[[0,2.75],[-0.75,2],[-0.75,-2],[0,-2.75],[0.75,-2],[0.75,2]]}}},{"ty":"fl","nm":"F","c":{"a":0,"k":[1,1,1]},"r":1,"o":{"a":0,"k":100}},{"ty":"tr","a":{"a":0,"k":[0,0]},"s":{"a":0,"k":[100,100]},"sk":{"a":0,"k":0},"p":{"a":0,"k":[9.755,70.506]},"r":{"a":0,"k":0},"sa":{"a":0,"k":0},"o":{"a":0,"k":100}}]},{"ty":"tr","a":{"a":0,"k":[9.755,70.506]},"s":{"a":0,"k":[450,450]},"sk":{"a":0,"k":0},"p":{"a":0,"k":[105.448,383.899]},"r":{"a":0,"k":0},"sa":{"a":0,"k":0},"o":{"a":0,"k":100}}]},{"ty":"gr","nm":"L","it":[{"ty":"gr","nm":"G","it":[{"ty":"sh","nm":"P","d":1,"ks":{"a":0,"k":{"c":true,"i":[[0.414,0],[0,0],[0,0.414],[-0.414,0],[0,0],[0,-0.414]],"o":[[0,0],[-0.414,0],[0,-0.414],[0,0],[0.414,0],[0,0.414]],"v":[[2,0.75],[-2,0.75],[-2.75,0],[-2,-0.75],[2,-0.75],[2.75,0]]}}},{"ty":"fl","nm":"F","c":{"a":0,"k":[1,1,1]},"r":1,"o":{"a":0,"k":100}},{"ty":"tr","a":{"a":0,"k":[0,0]},"s":{"a":0,"k":[100,100]},"sk":{"a":0,"k":0},"p":{"a":0,"k":[9.755,70.506]},"r":{"a":0,"k":0},"sa":{"a":0,"k":0},"o":{"a":0,"k":100}}]},{"ty":"tr","a":{"a":0,"k":[9.755,70.506]},"s":{"a":0,"k":[450,450]},"sk":{"a":0,"k":0},"p":{"a":0,"k":[105.448,383.899]},"r":{"a":0,"k":0},"sa":{"a":0,"k":0},"o":{"a":0,"k":100}}]},{"ty":"tr","a":{"a":0,"k":[105.448,383.899]},"s":{"a":1,"k":[{"o":{"x":0.37,"y":0},"i":{"x":0.63,"y":1},"s":[0,0],"t":55},{"o":{"x":0.37,"y":0},"i":{"x":0.63,"y":1},"s":[100,100],"t":67},{"s":[0,0],"t":79}]},"sk":{"a":0,"k":0},"p":{"a":0,"k":[105.448,383.899]},"r":{"a":0,"k":0},"sa":{"a":0,"k":0},"o":{"a":0,"k":100}}]},{"ty":"gr","nm":"L","it":[{"ty":"gr","nm":"L","it":[{"ty":"gr","nm":"G","it":[{"ty":"sh","nm":"P","d":1,"ks":{"a":0,"k":{"c":true,"i":[[0.414,0],[0,0.414],[0,0],[-0.414,0],[0,-0.414],[0,0]],"o":[[-0.414,0],[0,0],[0,-0.414],[0.414,0],[0,0],[0,0.414]],"v":[[0,2.75],[-0.75,2],[-0.75,-2],[0,-2.75],[0.75,-2],[0.75,2]]}}},{"ty":"fl","nm":"F","c":{"a":0,"k":[1,1,1]},"r":1,"o":{"a":0,"k":100}},{"ty":"tr","a":{"a":0,"k":[0,0]},"s":{"a":0,"k":[100,100]},"sk":{"a":0,"k":0},"p":{"a":0,"k":[70.757,14.501]},"r":{"a":0,"k":0},"sa":{"a":0,"k":0},"o":{"a":0,"k":100}}]},{"ty":"tr","a":{"a":0,"k":[70.757,14.501]},"s":{"a":0,"k":[450,450]},"sk":{"a":0,"k":0},"p":{"a":0,"k":[379.957,131.877]},"r":{"a":0,"k":0},"sa":{"a":0,"k":0},"o":{"a":0,"k":100}}]},{"ty":"gr","nm":"L","it":[{"ty":"gr","nm":"G","it":[{"ty":"sh","nm":"P","d":1,"ks":{"a":0,"k":{"c":true,"i":[[0.414,0],[0,0],[0,0.414],[-0.414,0],[0,0],[0,-0.414]],"o":[[0,0],[-0.414,0],[0,-0.414],[0,0],[0.414,0],[0,0.414]],"v":[[2,0.75],[-2,0.75],[-2.75,0],[-2,-0.75],[2,-0.75],[2.75,0]]}}},{"ty":"fl","nm":"F","c":{"a":0,"k":[1,1,1]},"r":1,"o":{"a":0,"k":100}},{"ty":"tr","a":{"a":0,"k":[0,0]},"s":{"a":0,"k":[100,100]},"sk":{"a":0,"k":0},"p":{"a":0,"k":[70.757,14.501]},"r":{"a":0,"k":0},"sa":{"a":0,"k":0},"o":{"a":0,"k":100}}]},{"ty":"tr","a":{"a":0,"k":[70.757,14.501]},"s":{"a":0,"k":[450,450]},"sk":{"a":0,"k":0},"p":{"a":0,"k":[379.957,131.877]},"r":{"a":0,"k":0},"sa":{"a":0,"k":0},"o":{"a":0,"k":100}}]},{"ty":"tr","a":{"a":0,"k":[379.957,131.877]},"s":{"a":1,"k":[{"o":{"x":0.37,"y":0},"i":{"x":0.63,"y":1},"s":[0,0],"t":67},{"o":{"x":0.37,"y":0},"i":{"x":0.63,"y":1},"s":[100,100],"t":79},{"s":[0,0],"t":91}]},"sk":{"a":0,"k":0},"p":{"a":0,"k":[379.957,131.877]},"r":{"a":0,"k":0},"sa":{"a":0,"k":0},"o":{"a":0,"k":100}}]},{"ty":"gr","nm":"L","it":[{"ty":"gr","nm":"L","it":[{"ty":"gr","nm":"G","it":[{"ty":"sh","nm":"P","d":1,"ks":{"a":0,"k":{"c":true,"i":[[0.414,0],[0,0.414],[0,0],[-0.414,0],[0,-0.414],[0,0]],"o":[[-0.414,0],[0,0],[0,-0.414],[0.414,0],[0,0],[0,0.414]],"v":[[0,2.75],[-0.75,2],[-0.75,-2],[0,-2.75],[0.75,-2],[0.75,2]]}}},{"ty":"fl","nm":"F","c":{"a":0,"k":[1,1,1]},"r":1,"o":{"a":0,"k":100}},{"ty":"tr","a":{"a":0,"k":[0,0]},"s":{"a":0,"k":[100,100]},"sk":{"a":0,"k":0},"p":{"a":0,"k":[17.755,10.5]},"r":{"a":0,"k":0},"sa":{"a":0,"k":0},"o":{"a":0,"k":100}}]},{"ty":"tr","a":{"a":0,"k":[17.755,10.5]},"s":{"a":0,"k":[450,450]},"sk":{"a":0,"k":0},"p":{"a":0,"k":[141.451,113.873]},"r":{"a":0,"k":0},"sa":{"a":0,"k":0},"o":{"a":0,"k":100}}]},{"ty":"gr","nm":"L","it":[{"ty":"gr","nm":"G","it":[{"ty":"sh","nm":"P","d":1,"ks":{"a":0,"k":{"c":true,"i":[[0.414,0],[0,0],[0,0.414],[-0.414,0],[0,0],[0,-0.414]],"o":[[0,0],[-0.414,0],[0,-0.414],[0,0],[0.414,0],[0,0.414]],"v":[[2,0.75],[-2,0.75],[-2.75,0],[-2,-0.75],[2,-0.75],[2.75,0]]}}},{"ty":"fl","nm":"F","c":{"a":0,"k":[1,1,1]},"r":1,"o":{"a":0,"k":100}},{"ty":"tr","a":{"a":0,"k":[0,0]},"s":{"a":0,"k":[100,100]},"sk":{"a":0,"k":0},"p":{"a":0,"k":[17.755,10.5]},"r":{"a":0,"k":0},"sa":{"a":0,"k":0},"o":{"a":0,"k":100}}]},{"ty":"tr","a":{"a":0,"k":[17.755,10.5]},"s":{"a":0,"k":[450,450]},"sk":{"a":0,"k":0},"p":{"a":0,"k":[141.451,113.873]},"r":{"a":0,"k":0},"sa":{"a":0,"k":0},"o":{"a":0,"k":100}}]},{"ty":"tr","a":{"a":0,"k":[141.451,113.873]},"s":{"a":1,"k":[{"o":{"x":0.37,"y":0},"i":{"x":0.63,"y":1},"s":[0,0],"t":64},{"o":{"x":0.37,"y":0},"i":{"x":0.63,"y":1},"s":[100,100],"t":76},{"s":[0,0],"t":88}]},"sk":{"a":0,"k":0},"p":{"a":0,"k":[141.451,113.873]},"r":{"a":0,"k":0},"sa":{"a":0,"k":0},"o":{"a":0,"k":100}}]},{"ty":"gr","nm":"L","it":[{"ty":"gr","nm":"L","it":[{"ty":"gr","nm":"G","it":[{"ty":"sh","nm":"P","d":1,"ks":{"a":0,"k":{"c":true,"i":[[0.414,0],[0,0.414],[0,0],[-0.414,0],[0,-0.414],[0,0]],"o":[[-0.414,0],[0,0],[0,-0.414],[0.414,0],[0,0],[0,0.414]],"v":[[0,2.75],[-0.75,2],[-0.75,-2],[0,-2.75],[0.75,-2],[0.75,2]]}}},{"ty":"fl","nm":"F","c":{"a":0,"k":[1,1,1]},"r":1,"o":{"a":0,"k":100}},{"ty":"tr","a":{"a":0,"k":[0,0]},"s":{"a":0,"k":[100,100]},"sk":{"a":0,"k":0},"p":{"a":0,"k":[77.757,8.5]},"r":{"a":0,"k":0},"sa":{"a":0,"k":0},"o":{"a":0,"k":100}}]},{"ty":"tr","a":{"a":0,"k":[77.757,8.5]},"s":{"a":0,"k":[450,450]},"sk":{"a":0,"k":0},"p":{"a":0,"k":[411.459,104.873]},"r":{"a":0,"k":0},"sa":{"a":0,"k":0},"o":{"a":0,"k":100}}]},{"ty":"gr","nm":"L","it":[{"ty":"gr","nm":"G","it":[{"ty":"sh","nm":"P","d":1,"ks":{"a":0,"k":{"c":true,"i":[[0.414,0],[0,0],[0,0.414],[-0.414,0],[0,0],[0,-0.414]],"o":[[0,0],[-0.414,0],[0,-0.414],[0,0],[0.414,0],[0,0.414]],"v":[[2,0.75],[-2,0.75],[-2.75,0],[-2,-0.75],[2,-0.75],[2.75,0]]}}},{"ty":"fl","nm":"F","c":{"a":0,"k":[1,1,1]},"r":1,"o":{"a":0,"k":100}},{"ty":"tr","a":{"a":0,"k":[0,0]},"s":{"a":0,"k":[100,100]},"sk":{"a":0,"k":0},"p":{"a":0,"k":[77.757,8.5]},"r":{"a":0,"k":0},"sa":{"a":0,"k":0},"o":{"a":0,"k":100}}]},{"ty":"tr","a":{"a":0,"k":[77.757,8.5]},"s":{"a":0,"k":[450,450]},"sk":{"a":0,"k":0},"p":{"a":0,"k":[411.459,104.873]},"r":{"a":0,"k":0},"sa":{"a":0,"k":0},"o":{"a":0,"k":100}}]},{"ty":"tr","a":{"a":0,"k":[411.459,104.873]},"s":{"a":1,"k":[{"o":{"x":0.37,"y":0},"i":{"x":0.63,"y":1},"s":[0,0],"t":58},{"o":{"x":0.37,"y":0},"i":{"x":0.63,"y":1},"s":[100,100],"t":70},{"s":[0,0],"t":82}]},"sk":{"a":0,"k":0},"p":{"a":0,"k":[411.459,104.873]},"r":{"a":0,"k":0},"sa":{"a":0,"k":0},"o":{"a":0,"k":100}}]}],"ind":19},{"ty":4,"nm":"L","sr":1,"st":0,"op":150,"ip":0,"hasMask":false,"ao":0,"ks":{"a":{"a":0,"k":[250,250,0]},"s":{"a":0,"k":[100,100,100]},"sk":{"a":0,"k":0},"p":{"a":0,"k":[250,250,0]},"r":{"a":0,"k":0},"sa":{"a":0,"k":0},"o":{"a":0,"k":100}},"ef":[],"shapes":[{"ty":"gr","nm":"L","it":[{"ty":"gr","nm":"G","it":[{"ty":"sh","nm":"P","d":1,"ks":{"a":0,"k":{"c":true,"i":[[0,-11.045],[11.045,0],[0,11.046],[-11.046,0]],"o":[[0,11.046],[-11.046,0],[0,-11.045],[11.045,0]],"v":[[20,0],[0,20],[-20,0],[0,-20]]}}},{"ty":"fl","nm":"F","c":{"a":0,"k":[1,0.757,0.028]},"r":1,"o":{"a":0,"k":100}},{"ty":"tr","a":{"a":0,"k":[0,0]},"s":{"a":0,"k":[100,100]},"sk":{"a":0,"k":0},"p":{"a":0,"k":[20.25,61.251]},"r":{"a":0,"k":0},"sa":{"a":0,"k":0},"o":{"a":0,"k":100}}]},{"ty":"tr","a":{"a":0,"k":[20.25,61.251]},"s":{"a":1,"k":[{"o":{"x":0.37,"y":0},"i":{"x":0.63,"y":1},"s":[450,450],"t":0},{"o":{"x":0.37,"y":0},"i":{"x":0.63,"y":1},"s":[0,0],"t":45},{"o":{"x":0.37,"y":0},"i":{"x":0.63,"y":1},"s":[450,450],"t":82},{"o":{"x":0.37,"y":0},"i":{"x":0.63,"y":1},"s":[0,0],"t":119},{"s":[450,450],"t":150}]},"sk":{"a":0,"k":0},"p":{"a":0,"k":[152.676,342.252]},"r":{"a":0,"k":0},"sa":{"a":0,"k":0},"o":{"a":0,"k":100}}]},{"ty":"gr","nm":"L","it":[{"ty":"gr","nm":"G","it":[{"ty":"sh","nm":"P","d":1,"ks":{"a":0,"k":{"c":true,"i":[[0,-6.628],[6.627,0],[0,6.627],[-6.627,0]],"o":[[0,6.627],[-6.627,0],[0,-6.628],[6.627,0]],"v":[[12,0],[0,12],[-12,0],[0,-12]]}}},{"ty":"fl","nm":"F","c":{"a":0,"k":[1,0.757,0.028]},"r":1,"o":{"a":0,"k":100}},{"ty":"tr","a":{"a":0,"k":[0,0]},"s":{"a":0,"k":[100,100]},"sk":{"a":0,"k":0},"p":{"a":0,"k":[55.509,12.25]},"r":{"a":0,"k":0},"sa":{"a":0,"k":0},"o":{"a":0,"k":100}}]},{"ty":"tr","a":{"a":0,"k":[55.509,12.25]},"s":{"a":1,"k":[{"o":{"x":0.37,"y":0},"i":{"x":0.63,"y":1},"s":[450,450],"t":0},{"o":{"x":0.37,"y":0},"i":{"x":0.63,"y":1},"s":[0,0],"t":38},{"o":{"x":0.37,"y":0},"i":{"x":0.63,"y":1},"s":[450,450],"t":75},{"o":{"x":0.37,"y":0},"i":{"x":0.63,"y":1},"s":[0,0],"t":112},{"s":[450,450],"t":150}]},"sk":{"a":0,"k":0},"p":{"a":0,"k":[311.341,121.748]},"r":{"a":0,"k":0},"sa":{"a":0,"k":0},"o":{"a":0,"k":100}}]},{"ty":"gr","nm":"L","it":[{"ty":"gr","nm":"G","it":[{"ty":"sh","nm":"P","d":1,"ks":{"a":0,"k":{"c":true,"i":[[0,-7.732],[7.732,0],[0,7.731],[-7.732,0]],"o":[[0,7.731],[-7.732,0],[0,-7.732],[7.732,0]],"v":[[14,0],[0,14],[-14,0],[0,-14]]}}},{"ty":"fl","nm":"F","c":{"a":0,"k":[1,0.757,0.028]},"r":1,"o":{"a":0,"k":100}},{"ty":"tr","a":{"a":0,"k":[0,0]},"s":{"a":0,"k":[100,100]},"sk":{"a":0,"k":0},"p":{"a":0,"k":[69.505,53.506]},"r":{"a":0,"k":0},"sa":{"a":0,"k":0},"o":{"a":0,"k":100}}]},{"ty":"tr","a":{"a":0,"k":[69.505,53.506]},"s":{"a":1,"k":[{"o":{"x":0.37,"y":0},"i":{"x":0.63,"y":1},"s":[450,450],"t":0},{"o":{"x":0.37,"y":0},"i":{"x":0.63,"y":1},"s":[0,0],"t":31},{"o":{"x":0.37,"y":0},"i":{"x":0.63,"y":1},"s":[450,450],"t":68},{"o":{"x":0.37,"y":0},"i":{"x":0.63,"y":1},"s":[0,0],"t":105},{"s":[450,450],"t":150}]},"sk":{"a":0,"k":0},"p":{"a":0,"k":[374.324,307.399]},"r":{"a":0,"k":0},"sa":{"a":0,"k":0},"o":{"a":0,"k":100}}]}],"ind":20}],"v":"5.7.8","fr":30,"op":150,"ip":0,"assets":[]}