{"nm":"L","h":303,"w":442,"meta":{"g":"@lottiefiles/toolkit-js 0.33.2"},"layers":[{"ty":4,"nm":"G","sr":1,"st":0,"op":110,"ip":110,"hasMask":false,"ao":0,"ks":{"a":{"a":0,"k":[11.346,11.347,0]},"s":{"a":1,"k":[{"o":{"x":0.167,"y":0.167},"i":{"x":0.667,"y":1},"s":[100,100,100],"t":5},{"o":{"x":0.333,"y":0},"i":{"x":0.667,"y":1},"s":[149.991,149.991,100],"t":19},{"s":[100,100,100],"t":33}]},"sk":{"a":0,"k":0},"p":{"a":0,"k":[386.819,67.294,0]},"r":{"a":1,"k":[{"o":{"x":0.167,"y":0.167},"i":{"x":0.667,"y":1},"s":[180],"t":5},{"s":[450],"t":37}]},"sa":{"a":0,"k":0},"o":{"a":0,"k":100}},"ef":[],"shapes":[{"ty":"gr","nm":"Ã","it":[{"ty":"sh","nm":"Ã","d":1,"ks":{"a":0,"k":{"c":true,"i":[[1.3,0],[0,-1.3],[-1.3,0],[0,1.299]],"o":[[-1.3,0],[0,1.299],[1.3,0],[0,-1.3]],"v":[[0,-2.354],[-2.354,0.001],[0,2.354],[2.354,0.001]]}}},{"ty":"mm","nm":"Ã","mm":4},{"ty":"fl","nm":"Ã","c":{"a":0,"k":[1,0.894,0.537,0.91]},"r":1,"o":{"a":0,"k":100}},{"ty":"tr","a":{"a":0,"k":[0,0]},"s":{"a":0,"k":[100,100]},"sk":{"a":0,"k":0},"p":{"a":0,"k":[11.322,11.352]},"r":{"a":0,"k":0},"sa":{"a":0,"k":0},"o":{"a":0,"k":100}}]},{"ty":"gr","nm":"Ã","it":[{"ty":"sh","nm":"Ã","d":1,"ks":{"a":0,"k":{"c":true,"i":[[2.361,0],[0,2.36],[-2.361,0],[0,-2.362]],"o":[[-2.361,0],[0,-2.362],[2.361,0],[0,2.36]],"v":[[-0.024,4.279],[-4.299,0.006],[-0.024,-4.27],[4.251,0.006]]}}},{"ty":"sh","nm":"Ã","d":1,"ks":{"a":0,"k":{"c":true,"i":[[0,0],[0,0],[0,0],[0,0],[0,0],[0,0],[0,0],[0,0],[0,0],[0,0],[0.03,-0.206],[0.147,-0.148],[0,0],[0,0],[0,0],[0.089,0],[0,0],[0,0],[-0.118,-0.089],[0,0],[0,0],[0,0],[0,0],[0,0],[0,0],[0,0],[0.059,0.088],[0,0],[0,0],[0,0],[0,0],[0,0]],"o":[[0,0],[0,0],[0,0],[0,0],[0,0],[0,0],[0,0],[0,0],[0,0],[0,0],[-0.029,0.207],[-0.148,0.147],[0,0],[0,0],[0,0],[-0.088,0],[0,0],[0,0],[0.118,0.089],[0,0],[0,0],[0,0],[0,0],[0,0],[0,0],[0,0],[-0.059,-0.088],[0,0],[0,0],[0,0],[0,0],[0,0]],"v":[[10.536,2.497],[11.096,-2.32],[7.995,-2.231],[7.639,-4.063],[9.383,-6.309],[6.074,-9.501],[3.885,-7.314],[2.586,-8.23],[2.586,-10.979],[-2.171,-11.096],[-2.408,-8.852],[-3.767,-7.757],[-6.132,-9.205],[-9.353,-6.221],[-7.698,-3.915],[-8.23,-2.408],[-10.889,-2.143],[-11.096,2.409],[-8.348,2.409],[-7.609,3.885],[-9.589,6.398],[-6.073,9.59],[-3.945,7.492],[-2.378,8.348],[-2.408,11.096],[2.232,10.979],[2.586,8.26],[3.885,7.639],[5.924,9.413],[9.413,6.073],[7.522,4.005],[8.556,2.467]]}}},{"ty":"mm","nm":"Ã","mm":1},{"ty":"mm","nm":"Ã","mm":4},{"ty":"fl","nm":"Ã","c":{"a":0,"k":[1,0.894,0.537,0.91]},"r":1,"o":{"a":0,"k":100}},{"ty":"tr","a":{"a":0,"k":[0,0]},"s":{"a":0,"k":[100,100]},"sk":{"a":0,"k":0},"p":{"a":0,"k":[11.346,11.347]},"r":{"a":0,"k":0},"sa":{"a":0,"k":0},"o":{"a":0,"k":100}}]}],"ind":1},{"ty":4,"nm":"L","sr":1,"st":0,"op":110,"ip":0,"hasMask":false,"ao":0,"ks":{"a":{"a":0,"k":[69.899,70.45,0]},"s":{"a":0,"k":[100,100,100]},"sk":{"a":0,"k":0},"p":{"a":1,"k":[{"o":{"x":0.167,"y":0.167},"i":{"x":0.667,"y":1},"s":[346.694,116.761,0],"t":0,"ti":[0,0,0],"to":[-37.167,2.917,0]},{"o":{"x":0.167,"y":0.167},"i":{"x":0.833,"y":0.833},"s":[307.194,154.761,0],"t":18,"ti":[0,0,0],"to":[0,0,0]},{"o":{"x":0.333,"y":0},"i":{"x":0.667,"y":1},"s":[307.194,154.761,0],"t":30,"ti":[11.667,2.083,0],"to":[0,0,0]},{"s":[346.694,116.761,0],"t":45}]},"r":{"a":0,"k":-11.354},"sa":{"a":0,"k":0},"o":{"a":0,"k":100}},"ef":[],"shapes":[{"ty":"gr","nm":"Ã","it":[{"ty":"sh","nm":"Ã","d":1,"ks":{"a":0,"k":{"c":true,"i":[[2.338,2.368],[0,0],[0,0],[0,0],[-2.368,2.337]],"o":[[0,0],[0,0],[0,0],[2.337,2.369],[2.37,-2.337]],"v":[[28.623,20.414],[-22.383,-31.272],[-30.961,-22.806],[20.046,28.879],[28.566,28.935]]}}},{"ty":"fl","nm":"Ã","c":{"a":0,"k":[1,1,1]},"r":1,"o":{"a":0,"k":100}},{"ty":"tr","a":{"a":0,"k":[0,0]},"s":{"a":0,"k":[100,100]},"sk":{"a":0,"k":0},"p":{"a":0,"k":[108.586,109.378]},"r":{"a":0,"k":0},"sa":{"a":0,"k":0},"o":{"a":0,"k":100}}]},{"ty":"gr","nm":"Ã","it":[{"ty":"sh","nm":"Ã","d":1,"ks":{"a":0,"k":{"c":true,"i":[[11.378,11.528],[-11.528,11.378],[-11.378,-11.528],[11.528,-11.378]],"o":[[-11.377,-11.529],[11.53,-11.377],[11.378,11.53],[-11.529,11.378]],"v":[[-25.155,16.099],[-24.881,-25.444],[16.662,-25.17],[16.388,16.373]]}}},{"ty":"sh","nm":"Ã","d":1,"ks":{"a":0,"k":{"c":true,"i":[[0,0],[0,0],[13.189,13.363],[14.172,-13.985],[-13.985,-14.171],[-14.249,11.668],[0,0]],"o":[[0,0],[11.855,-14.093],[-13.984,-14.171],[-14.171,13.984],[13.187,13.363],[0,0],[0,0]],"v":[[43.931,39.492],[23.401,18.688],[21.453,-29.898],[-29.609,-30.235],[-29.946,20.828],[18.61,23.416],[39.14,44.22]]}}},{"ty":"mm","nm":"Ã","mm":1},{"ty":"fl","nm":"Ã","c":{"a":0,"k":[1,1,1]},"r":1,"o":{"a":0,"k":100}},{"ty":"tr","a":{"a":0,"k":[0,0]},"s":{"a":0,"k":[100,100]},"sk":{"a":0,"k":0},"p":{"a":0,"k":[44.181,44.47]},"r":{"a":0,"k":0},"sa":{"a":0,"k":0},"o":{"a":0,"k":100}}]}],"ind":2},{"ty":4,"nm":"L","sr":1,"st":0,"op":110,"ip":0,"hasMask":false,"ao":0,"ks":{"a":{"a":0,"k":[32.742,32.741,0]},"s":{"a":0,"k":[100,100,100]},"sk":{"a":0,"k":0},"p":{"a":0,"k":[39.935,39.935,0]},"r":{"a":0,"k":0},"sa":{"a":0,"k":0},"o":{"a":0,"k":40}},"ef":[],"shapes":[{"ty":"gr","nm":"Ã","it":[{"ty":"sh","nm":"Ã","d":1,"ks":{"a":0,"k":{"c":true,"i":[[12.87,-12.701],[12.701,12.87],[-12.87,12.701],[-12.702,-12.87]],"o":[[-12.871,12.702],[-12.701,-12.871],[12.871,-12.702],[12.702,12.871]],"v":[[22.998,23.304],[-23.305,22.998],[-22.999,-23.304],[23.304,-22.999]]}}},{"ty":"mm","nm":"Ã","mm":4},{"ty":"fl","nm":"Ã","c":{"a":0,"k":[1,1,1]},"r":1,"o":{"a":0,"k":100}},{"ty":"tr","a":{"a":0,"k":[0,0]},"s":{"a":0,"k":[100,100]},"sk":{"a":0,"k":0},"p":{"a":0,"k":[32.742,32.741]},"r":{"a":0,"k":0},"sa":{"a":0,"k":0},"o":{"a":0,"k":100}}]}],"ind":3,"parent":2},{"ty":4,"nm":"M","sr":1,"st":0,"op":110,"ip":0,"hasMask":false,"ao":0,"ks":{"a":{"a":0,"k":[26.414,29.41,0]},"s":{"a":1,"k":[{"o":{"x":0.167,"y":0.167},"i":{"x":0.667,"y":1},"s":[100,100,100],"t":0},{"o":{"x":0.167,"y":0.167},"i":{"x":0.833,"y":0.833},"s":[167.539,167.539,100],"t":19},{"o":{"x":0.333,"y":0},"i":{"x":0.667,"y":1},"s":[167.539,167.539,100],"t":30},{"s":[100,100,100],"t":60}]},"sk":{"a":0,"k":0},"p":{"a":1,"k":[{"o":{"x":0.167,"y":0.167},"i":{"x":0.667,"y":1},"s":[232.106,122.83,0],"t":0,"ti":[0,-0.333,0],"to":[-5.021,4.708,0]},{"o":{"x":0.333,"y":0},"i":{"x":0.667,"y":1},"s":[235.106,139.83,0],"t":19,"ti":[0,-0.333,0],"to":[0,0.333,0]},{"o":{"x":0.333,"y":0},"i":{"x":0.667,"y":1},"s":[235.106,139.83,0],"t":30,"ti":[5.021,-4.708,0],"to":[0,0.333,0]},{"s":[232.106,122.83,0],"t":60}]},"r":{"a":1,"k":[{"o":{"x":0.167,"y":0.167},"i":{"x":0.667,"y":1},"s":[0],"t":0},{"o":{"x":0.333,"y":0},"i":{"x":0.667,"y":1},"s":[80.863],"t":19},{"o":{"x":0.333,"y":0},"i":{"x":0.667,"y":1},"s":[80.863],"t":30},{"s":[0],"t":60}]},"sa":{"a":0,"k":0},"o":{"a":0,"k":100}},"ef":[],"shapes":[{"ty":"gr","nm":"Ã","it":[{"ty":"sh","nm":"Ã","d":1,"ks":{"a":0,"k":{"c":true,"i":[[3.313,-1.463],[-1.463,-3.314],[-1.769,-0.54],[0,0],[1.001,-0.442],[0.823,-1.678],[0,0],[0.218,0.494],[1.928,-0.851],[-0.85,-1.928],[-1.929,0.851],[-0.392,0.604],[0,0],[-0.698,-1.582],[-1.478,-0.842],[0,0],[1.549,-0.685],[-1.462,-3.313],[-3.314,1.461],[1.463,3.313],[0.841,0.649],[0.001,0.004],[0,0],[-1.754,0.774],[-0.816,1.72],[0,0],[-0.573,-1.298],[-3.314,1.463],[1.462,3.313],[3.314,-1.463],[0.675,-1.141],[0,0],[0.686,1.555],[2.396,0.589],[0,0],[-0.776,0.342],[1.463,3.314]],"o":[[-3.313,1.462],[0.801,1.816],[0,0],[-1.032,0.03],[-1.838,0.811],[0,0],[-0.001,-0.512],[-0.852,-1.927],[-1.927,0.851],[0.852,1.929],[0.703,-0.31],[0,0],[-0.304,1.584],[0.738,1.671],[0,0],[-1.497,-0.497],[-3.314,1.461],[1.463,3.315],[3.314,-1.463],[-0.457,-1.036],[-0.003,-0.005],[0,0],[1.727,0.446],[1.873,-0.828],[0,0],[-0.27,1.297],[1.463,3.314],[3.314,-1.463],[-1.463,-3.313],[-1.299,0.573],[0,0],[0.283,-1.559],[-1.07,-2.423],[0,0],[0.801,-0.031],[3.314,-1.463],[-1.463,-3.313]],"v":[[-3.673,-27.697],[-7.036,-19.018],[-2.928,-15.398],[-4.417,-8.54],[-7.488,-7.858],[-11.536,-3.954],[-17.971,-6.265],[-18.288,-7.793],[-23.352,-9.755],[-25.314,-4.692],[-20.251,-2.73],[-18.587,-4.138],[-12.242,-1.862],[-11.693,2.991],[-8.245,6.81],[-11.592,15.445],[-16.314,15.656],[-19.678,24.334],[-10.997,27.699],[-7.635,19.019],[-9.622,16.467],[-9.628,16.451],[-6.204,7.614],[-0.842,7.196],[3.255,3.195],[12.251,6.681],[12.66,10.66],[21.339,14.024],[24.702,5.344],[16.023,1.981],[13.04,4.647],[3.93,1.116],[3.361,-3.654],[-2.217,-8.311],[-0.74,-15.109],[1.643,-15.654],[5.007,-24.334]]}}},{"ty":"mm","nm":"Ã","mm":4},{"ty":"fl","nm":"Ã","c":{"a":0,"k":[0,0,0]},"r":1,"o":{"a":0,"k":40}},{"ty":"tr","a":{"a":0,"k":[0,0]},"s":{"a":0,"k":[100,100]},"sk":{"a":0,"k":0},"p":{"a":0,"k":[26.414,29.41]},"r":{"a":0,"k":0},"sa":{"a":0,"k":0},"o":{"a":0,"k":100}}]}],"ind":4},{"ty":4,"nm":"C","sr":1,"st":0,"op":110,"ip":0,"hasMask":false,"ao":0,"ks":{"a":{"a":0,"k":[49.615,54.306,0]},"s":{"a":1,"k":[{"o":{"x":0.167,"y":0.167},"i":{"x":0.833,"y":0.833},"s":[100,100,100],"t":0},{"o":{"x":0.167,"y":0.167},"i":{"x":0.833,"y":0.833},"s":[73.665,73.665,100],"t":10},{"o":{"x":0.167,"y":0.167},"i":{"x":0.667,"y":1},"s":[73.665,73.665,100],"t":35},{"s":[100,100,100],"t":60}]},"sk":{"a":0,"k":0},"p":{"a":1,"k":[{"o":{"x":0.167,"y":0.167},"i":{"x":0.833,"y":0.833},"s":[287.859,208.603,0],"t":0,"ti":[2.315,-5.155,0],"to":[-0.834,1.857,0]},{"o":{"x":0.167,"y":0.167},"i":{"x":0.833,"y":0.833},"s":[275.362,237.348,0],"t":15,"ti":[0,0,0],"to":[-2.776,6.184,0]},{"o":{"x":0.167,"y":0.167},"i":{"x":0.667,"y":1},"s":[277.609,232.165,0],"t":30,"ti":[-1.708,3.927,0],"to":[0,0,0]},{"s":[287.859,208.603,0],"t":60}]},"r":{"a":0,"k":0},"sa":{"a":0,"k":0},"o":{"a":0,"k":100}},"ef":[],"shapes":[{"ty":"gr","nm":"Ã","it":[{"ty":"sh","nm":"Ã","d":1,"ks":{"a":0,"k":{"c":true,"i":[[0,0],[0,0],[0,0],[0,0],[0,0],[0,0]],"o":[[0,0],[0,0],[0,0],[0,0],[0,0],[0,0]],"v":[[-2.257,8.977],[-7.139,3.92],[-6.28,3.091],[-2.532,6.973],[6.088,-8.977],[7.139,-8.41]]}}},{"ty":"mm","nm":"Ã","mm":4},{"ty":"fl","nm":"Ã","c":{"a":0,"k":[1,1,1]},"r":1,"o":{"a":0,"k":100}},{"ty":"tr","a":{"a":0,"k":[0,0]},"s":{"a":0,"k":[100,100]},"sk":{"a":0,"k":0},"p":{"a":0,"k":[51.201,18.409]},"r":{"a":0,"k":0},"sa":{"a":0,"k":0},"o":{"a":0,"k":100}}]},{"ty":"gr","nm":"Ã","it":[{"ty":"sh","nm":"Ã","d":1,"ks":{"a":0,"k":{"c":true,"i":[[0,0],[0,-0.393],[0,0],[-0.393,0],[0,0],[0,0.394],[0,0],[0.393,0]],"o":[[-0.393,0],[0,0],[0,0.394],[0,0],[0.393,0],[0,0],[0,-0.393],[0,0]],"v":[[-7.761,-7.567],[-8.474,-6.854],[-8.474,6.853],[-7.761,7.566],[7.761,7.566],[8.474,6.853],[8.474,-6.854],[7.761,-7.567]]}}},{"ty":"sh","nm":"Ã","d":1,"ks":{"a":0,"k":{"c":true,"i":[[1.061,0],[0,0],[0,1.061],[0,0],[-1.061,0],[0,0],[0,-1.061],[0,0]],"o":[[0,0],[-1.061,0],[0,0],[0,-1.061],[0,0],[1.061,0],[0,0],[0,1.061]],"v":[[7.761,8.777],[-7.761,8.777],[-9.684,6.853],[-9.684,-6.854],[-7.761,-8.777],[7.761,-8.777],[9.684,-6.854],[9.684,6.853]]}}},{"ty":"mm","nm":"Ã","mm":1},{"ty":"mm","nm":"Ã","mm":4},{"ty":"fl","nm":"Ã","c":{"a":0,"k":[1,1,1]},"r":1,"o":{"a":0,"k":100}},{"ty":"tr","a":{"a":0,"k":[0,0]},"s":{"a":0,"k":[100,100]},"sk":{"a":0,"k":0},"p":{"a":0,"k":[49.57,20.563]},"r":{"a":0,"k":0},"sa":{"a":0,"k":0},"o":{"a":0,"k":100}}]},{"ty":"gr","nm":"Ã","it":[{"ty":"sh","nm":"Ã","d":1,"ks":{"a":0,"k":{"c":true,"i":[[1.036,0],[0,0],[0,1.035],[0,0],[-1.035,0],[0,0],[0,-1.036],[0,0]],"o":[[0,0],[-1.035,0],[0,0],[0,-1.036],[0,0],[1.036,0],[0,0],[0,1.035]],"v":[[3.126,5.002],[-3.126,5.002],[-5.001,3.127],[-5.001,-3.126],[-3.126,-5.002],[3.126,-5.002],[5.001,-3.126],[5.001,3.127]]}}},{"ty":"mm","nm":"Ã","mm":4},{"ty":"fl","nm":"Ã","c":{"a":0,"k":[1,1,1]},"r":1,"o":{"a":0,"k":100}},{"ty":"tr","a":{"a":0,"k":[0,0]},"s":{"a":0,"k":[100,100]},"sk":{"a":0,"k":0},"p":{"a":0,"k":[19.122,93.171]},"r":{"a":0,"k":0},"sa":{"a":0,"k":0},"o":{"a":0,"k":100}}]},{"ty":"gr","nm":"Ã","it":[{"ty":"sh","nm":"Ã","d":1,"ks":{"a":0,"k":{"c":true,"i":[[0.33,0],[0,0],[0,0.33],[0,0],[-0.33,0],[0,0],[0,-0.33],[0,0]],"o":[[0,0],[-0.33,0],[0,0],[0,-0.33],[0,0],[0.33,0],[0,0],[0,0.33]],"v":[[14.679,0.988],[-14.679,0.988],[-15.28,0.387],[-15.28,-0.387],[-14.679,-0.988],[14.679,-0.988],[15.28,-0.387],[15.28,0.387]]}}},{"ty":"mm","nm":"Ã","mm":4},{"ty":"fl","nm":"Ã","c":{"a":0,"k":[0.894,0.937,0.961]},"r":1,"o":{"a":0,"k":100}},{"ty":"tr","a":{"a":0,"k":[0,0]},"s":{"a":0,"k":[100,100]},"sk":{"a":0,"k":0},"p":{"a":0,"k":[44.914,95.219]},"r":{"a":0,"k":0},"sa":{"a":0,"k":0},"o":{"a":0,"k":100}}]},{"ty":"gr","nm":"Ã","it":[{"ty":"sh","nm":"Ã","d":1,"ks":{"a":0,"k":{"c":true,"i":[[0.471,0],[0,0],[0,0.47],[0,0],[-0.471,0],[0,0],[0,-0.471],[0,0]],"o":[[0,0],[-0.471,0],[0,0],[0,-0.471],[0,0],[0.471,0],[0,0],[0,0.47]],"v":[[29.125,1.022],[-29.125,1.022],[-29.98,0.166],[-29.98,-0.166],[-29.125,-1.022],[29.125,-1.022],[29.98,-0.166],[29.98,0.166]]}}},{"ty":"mm","nm":"Ã","mm":4},{"ty":"fl","nm":"Ã","c":{"a":0,"k":[0.894,0.937,0.961]},"r":1,"o":{"a":0,"k":100}},{"ty":"tr","a":{"a":0,"k":[0,0]},"s":{"a":0,"k":[100,100]},"sk":{"a":0,"k":0},"p":{"a":0,"k":[59.615,89.729]},"r":{"a":0,"k":0},"sa":{"a":0,"k":0},"o":{"a":0,"k":100}}]},{"ty":"gr","nm":"Ã","it":[{"ty":"sh","nm":"Ã","d":1,"ks":{"a":0,"k":{"c":true,"i":[[1.036,0],[0,0],[0,1.036],[0,0],[-1.035,0],[0,0],[0,-1.036],[0,0]],"o":[[0,0],[-1.035,0],[0,0],[0,-1.036],[0,0],[1.036,0],[0,0],[0,1.036]],"v":[[3.126,5.001],[-3.126,5.001],[-5.001,3.126],[-5.001,-3.126],[-3.126,-5.001],[3.126,-5.001],[5.001,-3.126],[5.001,3.126]]}}},{"ty":"mm","nm":"Ã","mm":4},{"ty":"fl","nm":"Ã","c":{"a":0,"k":[0.98,0.741,0.294]},"r":1,"o":{"a":0,"k":100}},{"ty":"tr","a":{"a":0,"k":[0,0]},"s":{"a":0,"k":[100,100]},"sk":{"a":0,"k":0},"p":{"a":0,"k":[19.122,72.257]},"r":{"a":0,"k":0},"sa":{"a":0,"k":0},"o":{"a":0,"k":100}}]},{"ty":"gr","nm":"Ã","it":[{"ty":"sh","nm":"Ã","d":1,"ks":{"a":0,"k":{"c":true,"i":[[0.33,0],[0,0],[0,0.33],[0,0],[-0.33,0],[0,0],[0,-0.331],[0,0]],"o":[[0,0],[-0.33,0],[0,0],[0,-0.331],[0,0],[0.33,0],[0,0],[0,0.33]],"v":[[14.679,0.987],[-14.679,0.987],[-15.28,0.387],[-15.28,-0.386],[-14.679,-0.987],[14.679,-0.987],[15.28,-0.386],[15.28,0.387]]}}},{"ty":"mm","nm":"Ã","mm":4},{"ty":"fl","nm":"Ã","c":{"a":0,"k":[0.894,0.937,0.961]},"r":1,"o":{"a":0,"k":100}},{"ty":"tr","a":{"a":0,"k":[0,0]},"s":{"a":0,"k":[100,100]},"sk":{"a":0,"k":0},"p":{"a":0,"k":[44.914,74.608]},"r":{"a":0,"k":0},"sa":{"a":0,"k":0},"o":{"a":0,"k":100}}]},{"ty":"gr","nm":"Ã","it":[{"ty":"sh","nm":"Ã","d":1,"ks":{"a":0,"k":{"c":true,"i":[[0.471,0],[0,0],[0,0.47],[0,0],[-0.471,0],[0,0],[0,-0.471],[0,0]],"o":[[0,0],[-0.471,0],[0,0],[0,-0.471],[0,0],[0.471,0],[0,0],[0,0.47]],"v":[[29.125,1.022],[-29.125,1.022],[-29.98,0.167],[-29.98,-0.165],[-29.125,-1.022],[29.125,-1.022],[29.98,-0.165],[29.98,0.167]]}}},{"ty":"mm","nm":"Ã","mm":4},{"ty":"fl","nm":"Ã","c":{"a":0,"k":[0.894,0.937,0.961]},"r":1,"o":{"a":0,"k":100}},{"ty":"tr","a":{"a":0,"k":[0,0]},"s":{"a":0,"k":[100,100]},"sk":{"a":0,"k":0},"p":{"a":0,"k":[59.615,69.117]},"r":{"a":0,"k":0},"sa":{"a":0,"k":0},"o":{"a":0,"k":100}}]},{"ty":"gr","nm":"Ã","it":[{"ty":"sh","nm":"Ã","d":1,"ks":{"a":0,"k":{"c":true,"i":[[1.036,0],[0,0],[0,1.036],[0,0],[-1.035,0],[0,0],[0,-1.035],[0,0]],"o":[[0,0],[-1.035,0],[0,0],[0,-1.035],[0,0],[1.036,0],[0,0],[0,1.036]],"v":[[3.126,5.001],[-3.126,5.001],[-5.001,3.126],[-5.001,-3.126],[-3.126,-5.001],[3.126,-5.001],[5.001,-3.126],[5.001,3.126]]}}},{"ty":"mm","nm":"Ã","mm":4},{"ty":"fl","nm":"Ã","c":{"a":0,"k":[1,1,1]},"r":1,"o":{"a":0,"k":100}},{"ty":"tr","a":{"a":0,"k":[0,0]},"s":{"a":0,"k":[100,100]},"sk":{"a":0,"k":0},"p":{"a":0,"k":[19.122,51.342]},"r":{"a":0,"k":0},"sa":{"a":0,"k":0},"o":{"a":0,"k":100}}]},{"ty":"gr","nm":"Ã","it":[{"ty":"sh","nm":"Ã","d":1,"ks":{"a":0,"k":{"c":true,"i":[[0.33,0],[0,0],[0,0.33],[0,0],[-0.33,0],[0,0],[0,-0.33],[0,0]],"o":[[0,0],[-0.33,0],[0,0],[0,-0.33],[0,0],[0.33,0],[0,0],[0,0.33]],"v":[[14.679,0.988],[-14.679,0.988],[-15.28,0.387],[-15.28,-0.386],[-14.679,-0.988],[14.679,-0.988],[15.28,-0.386],[15.28,0.387]]}}},{"ty":"mm","nm":"Ã","mm":4},{"ty":"fl","nm":"Ã","c":{"a":0,"k":[0.894,0.937,0.961]},"r":1,"o":{"a":0,"k":100}},{"ty":"tr","a":{"a":0,"k":[0,0]},"s":{"a":0,"k":[100,100]},"sk":{"a":0,"k":0},"p":{"a":0,"k":[44.914,53.996]},"r":{"a":0,"k":0},"sa":{"a":0,"k":0},"o":{"a":0,"k":100}}]},{"ty":"gr","nm":"Ã","it":[{"ty":"sh","nm":"Ã","d":1,"ks":{"a":0,"k":{"c":true,"i":[[0.471,0],[0,0],[0,0.47],[0,0],[-0.471,0],[0,0],[0,-0.471],[0,0]],"o":[[0,0],[-0.471,0],[0,0],[0,-0.471],[0,0],[0.471,0],[0,0],[0,0.47]],"v":[[29.125,1.022],[-29.125,1.022],[-29.98,0.167],[-29.98,-0.166],[-29.125,-1.022],[29.125,-1.022],[29.98,-0.166],[29.98,0.167]]}}},{"ty":"mm","nm":"Ã","mm":4},{"ty":"fl","nm":"Ã","c":{"a":0,"k":[0.894,0.937,0.961]},"r":1,"o":{"a":0,"k":100}},{"ty":"tr","a":{"a":0,"k":[0,0]},"s":{"a":0,"k":[100,100]},"sk":{"a":0,"k":0},"p":{"a":0,"k":[59.615,48.505]},"r":{"a":0,"k":0},"sa":{"a":0,"k":0},"o":{"a":0,"k":100}}]},{"ty":"gr","nm":"Ã","it":[{"ty":"sh","nm":"Ã","d":1,"ks":{"a":0,"k":{"c":true,"i":[[0,0],[0,0],[0,0],[0,0]],"o":[[0,0],[0,0],[0,0],[0,0]],"v":[[27.335,14.864],[-27.335,14.864],[-27.335,-14.864],[27.335,-14.864]]}}},{"ty":"fl","nm":"Ã","c":{"a":0,"k":[1,1,1]},"r":1,"o":{"a":0,"k":100}},{"ty":"tr","a":{"a":0,"k":[0,0]},"s":{"a":0,"k":[100,100]},"sk":{"a":0,"k":0},"p":{"a":0,"k":[49.615,20.471]},"r":{"a":0,"k":0},"sa":{"a":0,"k":0},"o":{"a":0,"k":100}}]},{"ty":"gr","nm":"Ã","it":[{"ty":"sh","nm":"Ã","d":1,"ks":{"a":0,"k":{"c":true,"i":[[0,0],[0,0],[0,0],[0,0]],"o":[[0,0],[0,0],[0,0],[0,0]],"v":[[49.365,54.056],[-49.365,54.056],[-49.365,-54.056],[49.365,-54.056]]}}},{"ty":"fl","nm":"Ã","c":{"a":0,"k":[1,1,1]},"r":1,"o":{"a":0,"k":40}},{"ty":"tr","a":{"a":0,"k":[0,0]},"s":{"a":0,"k":[100,100]},"sk":{"a":0,"k":0},"p":{"a":0,"k":[49.615,54.306]},"r":{"a":0,"k":0},"sa":{"a":0,"k":0},"o":{"a":0,"k":100}}]}],"ind":5},{"ty":4,"nm":"D","sr":1,"st":0,"op":110,"ip":0,"hasMask":false,"ao":0,"ks":{"a":{"a":0,"k":[2.891,2.892,0]},"s":{"a":1,"k":[{"o":{"x":0.167,"y":0.167},"i":{"x":0.833,"y":0.833},"s":[100,100,100],"t":0},{"o":{"x":0.167,"y":0.167},"i":{"x":0.833,"y":1},"s":[191.02,191.02,100],"t":31},{"o":{"x":0.167,"y":0.167},"i":{"x":0.833,"y":0.833},"s":[100,100,100],"t":33},{"o":{"x":0.167,"y":0.167},"i":{"x":0.833,"y":0.833},"s":[100,100,100],"t":56},{"o":{"x":0.167,"y":0.167},"i":{"x":0.833,"y":1},"s":[191.02,191.02,100],"t":58},{"s":[100,100,100],"t":60}]},"sk":{"a":0,"k":0},"p":{"a":0,"k":[32.288,135.084,0]},"r":{"a":0,"k":0},"sa":{"a":0,"k":0},"o":{"a":1,"k":[{"o":{"x":0.167,"y":0.167},"i":{"x":0.833,"y":0.833},"s":[100],"t":33},{"o":{"x":0.167,"y":0.167},"i":{"x":0.833,"y":0.833},"s":[0],"t":35},{"o":{"x":0.167,"y":0.167},"i":{"x":0.833,"y":0.833},"s":[0],"t":56},{"s":[100],"t":58}]}},"ef":[],"shapes":[{"ty":"gr","nm":"Ã","it":[{"ty":"sh","nm":"Ã","d":1,"ks":{"a":0,"k":{"c":true,"i":[[0,-1.459],[1.459,0],[0,1.459],[-1.459,0]],"o":[[0,1.459],[-1.459,0],[0,-1.459],[1.459,0]],"v":[[2.641,0],[-0.001,2.642],[-2.641,0],[-0.001,-2.642]]}}},{"ty":"mm","nm":"Ã","mm":4},{"ty":"fl","nm":"Ã","c":{"a":0,"k":[1,0.894,0.537,0.91]},"r":1,"o":{"a":0,"k":100}},{"ty":"tr","a":{"a":0,"k":[0,0]},"s":{"a":0,"k":[100,100]},"sk":{"a":0,"k":0},"p":{"a":0,"k":[2.891,2.892]},"r":{"a":0,"k":0},"sa":{"a":0,"k":0},"o":{"a":0,"k":100}}]}],"ind":6},{"ty":4,"nm":"D","sr":1,"st":0,"op":110,"ip":0,"hasMask":false,"ao":0,"ks":{"a":{"a":0,"k":[2.922,2.922,0]},"s":{"a":1,"k":[{"o":{"x":0.167,"y":0.167},"i":{"x":0.833,"y":0.833},"s":[100,100,100],"t":0},{"o":{"x":0.167,"y":0.167},"i":{"x":0.833,"y":1},"s":[191.02,191.02,100],"t":22},{"o":{"x":0.167,"y":0.167},"i":{"x":0.833,"y":0.833},"s":[100,100,100],"t":24},{"o":{"x":0.167,"y":0.167},"i":{"x":0.833,"y":0.833},"s":[100,100,100],"t":45},{"o":{"x":0.167,"y":0.167},"i":{"x":0.833,"y":1},"s":[191.02,191.02,100],"t":47},{"s":[100,100,100],"t":60}]},"sk":{"a":0,"k":0},"p":{"a":0,"k":[396.155,122.507,0]},"r":{"a":0,"k":0},"sa":{"a":0,"k":0},"o":{"a":1,"k":[{"o":{"x":0.167,"y":0.167},"i":{"x":0.833,"y":0.833},"s":[100],"t":24},{"o":{"x":0.167,"y":0.167},"i":{"x":0.833,"y":0.833},"s":[0],"t":26},{"o":{"x":0.167,"y":0.167},"i":{"x":0.833,"y":0.833},"s":[0],"t":45},{"s":[100],"t":47}]}},"ef":[],"shapes":[{"ty":"gr","nm":"Ã","it":[{"ty":"sh","nm":"Ã","d":1,"ks":{"a":0,"k":{"c":true,"i":[[0,-1.476],[1.476,0],[0,1.476],[-1.475,0]],"o":[[0,1.476],[-1.475,0],[0,-1.476],[1.476,0]],"v":[[2.672,-0.001],[-0.001,2.672],[-2.672,-0.001],[-0.001,-2.672]]}}},{"ty":"mm","nm":"Ã","mm":4},{"ty":"fl","nm":"Ã","c":{"a":0,"k":[1,0.894,0.537,0.91]},"r":1,"o":{"a":0,"k":100}},{"ty":"tr","a":{"a":0,"k":[0,0]},"s":{"a":0,"k":[100,100]},"sk":{"a":0,"k":0},"p":{"a":0,"k":[2.921,2.922]},"r":{"a":0,"k":0},"sa":{"a":0,"k":0},"o":{"a":0,"k":100}}]}],"ind":7},{"ty":4,"nm":"D","sr":1,"st":0,"op":110,"ip":0,"hasMask":false,"ao":0,"ks":{"a":{"a":0,"k":[2.743,2.743,0]},"s":{"a":1,"k":[{"o":{"x":0.167,"y":0.167},"i":{"x":0.833,"y":0.833},"s":[100,100,100],"t":0},{"o":{"x":0.167,"y":0.167},"i":{"x":0.833,"y":1},"s":[191.02,191.02,100],"t":5},{"o":{"x":0.167,"y":0.167},"i":{"x":0.833,"y":0.833},"s":[100,100,100],"t":7},{"o":{"x":0.167,"y":0.167},"i":{"x":0.833,"y":0.833},"s":[100,100,100],"t":19},{"o":{"x":0.167,"y":0.167},"i":{"x":0.833,"y":1},"s":[191.02,191.02,100],"t":21},{"s":[100,100,100],"t":60}]},"sk":{"a":0,"k":0},"p":{"a":0,"k":[236.51,42.529,0]},"r":{"a":0,"k":0},"sa":{"a":0,"k":0},"o":{"a":1,"k":[{"o":{"x":0.167,"y":0.167},"i":{"x":0.833,"y":0.833},"s":[100],"t":7},{"o":{"x":0.167,"y":0.167},"i":{"x":0.833,"y":0.833},"s":[0],"t":9},{"o":{"x":0.167,"y":0.167},"i":{"x":0.833,"y":0.833},"s":[0],"t":21},{"s":[100],"t":23}]}},"ef":[],"shapes":[{"ty":"gr","nm":"Ã","it":[{"ty":"sh","nm":"Ã","d":1,"ks":{"a":0,"k":{"c":true,"i":[[0,-1.377],[1.377,0],[0,1.377],[-1.377,0]],"o":[[0,1.377],[-1.377,0],[0,-1.377],[1.377,0]],"v":[[2.493,0],[0,2.493],[-2.493,0],[0,-2.493]]}}},{"ty":"mm","nm":"Ã","mm":4},{"ty":"fl","nm":"Ã","c":{"a":0,"k":[1,0.894,0.537,0.91]},"r":1,"o":{"a":0,"k":100}},{"ty":"tr","a":{"a":0,"k":[0,0]},"s":{"a":0,"k":[100,100]},"sk":{"a":0,"k":0},"p":{"a":0,"k":[2.743,2.743]},"r":{"a":0,"k":0},"sa":{"a":0,"k":0},"o":{"a":0,"k":100}}]}],"ind":8},{"ty":4,"nm":"D","sr":1,"st":0,"op":110,"ip":0,"hasMask":false,"ao":0,"ks":{"a":{"a":0,"k":[2.104,2.104,0]},"s":{"a":1,"k":[{"o":{"x":0.167,"y":0.167},"i":{"x":0.833,"y":0.833},"s":[100,100,100],"t":0},{"o":{"x":0.167,"y":0.167},"i":{"x":0.833,"y":1},"s":[191.02,191.02,100],"t":13},{"o":{"x":0.167,"y":0.167},"i":{"x":0.833,"y":0.833},"s":[100,100,100],"t":15},{"o":{"x":0.167,"y":0.167},"i":{"x":0.833,"y":0.833},"s":[100,100,100],"t":53},{"o":{"x":0.167,"y":0.167},"i":{"x":0.833,"y":1},"s":[191.02,191.02,100],"t":55},{"s":[100,100,100],"t":60}]},"sk":{"a":0,"k":0},"p":{"a":0,"k":[173.333,264.468,0]},"r":{"a":0,"k":0},"sa":{"a":0,"k":0},"o":{"a":1,"k":[{"o":{"x":0.167,"y":0.167},"i":{"x":0.833,"y":0.833},"s":[100],"t":15},{"o":{"x":0.167,"y":0.167},"i":{"x":0.833,"y":0.833},"s":[0],"t":17},{"o":{"x":0.167,"y":0.167},"i":{"x":0.833,"y":0.833},"s":[0],"t":53},{"s":[100],"t":55}]}},"ef":[],"shapes":[{"ty":"gr","nm":"Ã","it":[{"ty":"sh","nm":"Ã","d":1,"ks":{"a":0,"k":{"c":true,"i":[[0,-1.024],[1.024,0],[0,1.024],[-1.024,0]],"o":[[0,1.024],[-1.024,0],[0,-1.024],[1.024,0]],"v":[[1.854,0],[0,1.854],[-1.854,0],[0,-1.854]]}}},{"ty":"mm","nm":"Ã","mm":4},{"ty":"fl","nm":"Ã","c":{"a":0,"k":[1,0.894,0.537,0.91]},"r":1,"o":{"a":0,"k":100}},{"ty":"tr","a":{"a":0,"k":[0,0]},"s":{"a":0,"k":[100,100]},"sk":{"a":0,"k":0},"p":{"a":0,"k":[2.104,2.104]},"r":{"a":0,"k":0},"sa":{"a":0,"k":0},"o":{"a":0,"k":100}}]}],"ind":9},{"ty":4,"nm":"D","sr":1,"st":0,"op":110,"ip":0,"hasMask":false,"ao":0,"ks":{"a":{"a":0,"k":[2.104,2.104,0]},"s":{"a":1,"k":[{"o":{"x":0.167,"y":0.167},"i":{"x":0.833,"y":0.833},"s":[100,100,100],"t":0},{"o":{"x":0.167,"y":0.167},"i":{"x":0.833,"y":1},"s":[191.02,191.02,100],"t":2},{"o":{"x":0.167,"y":0.167},"i":{"x":0.833,"y":0.833},"s":[100,100,100],"t":4},{"o":{"x":0.167,"y":0.167},"i":{"x":0.833,"y":0.833},"s":[100,100,100],"t":33},{"o":{"x":0.167,"y":0.167},"i":{"x":0.833,"y":1},"s":[191.02,191.02,100],"t":35},{"s":[100,100,100],"t":60}]},"sk":{"a":0,"k":0},"p":{"a":0,"k":[376.135,176.638,0]},"r":{"a":0,"k":0},"sa":{"a":0,"k":0},"o":{"a":1,"k":[{"o":{"x":0.167,"y":0.167},"i":{"x":0.833,"y":0.833},"s":[100],"t":4},{"o":{"x":0.167,"y":0.167},"i":{"x":0.833,"y":0.833},"s":[0],"t":6},{"o":{"x":0.167,"y":0.167},"i":{"x":0.833,"y":0.833},"s":[0],"t":33},{"s":[100],"t":35}]}},"ef":[],"shapes":[{"ty":"gr","nm":"Ã","it":[{"ty":"sh","nm":"Ã","d":1,"ks":{"a":0,"k":{"c":true,"i":[[0,-1.024],[1.024,0],[0,1.024],[-1.025,0]],"o":[[0,1.024],[-1.025,0],[0,-1.024],[1.024,0]],"v":[[1.855,0],[0.001,1.854],[-1.855,0],[0.001,-1.854]]}}},{"ty":"mm","nm":"Ã","mm":4},{"ty":"fl","nm":"Ã","c":{"a":0,"k":[1,0.894,0.537,0.91]},"r":1,"o":{"a":0,"k":100}},{"ty":"tr","a":{"a":0,"k":[0,0]},"s":{"a":0,"k":[100,100]},"sk":{"a":0,"k":0},"p":{"a":0,"k":[2.104,2.104]},"r":{"a":0,"k":0},"sa":{"a":0,"k":0},"o":{"a":0,"k":100}}]}],"ind":10},{"ty":4,"nm":"D","sr":1,"st":0,"op":110,"ip":0,"hasMask":false,"ao":0,"ks":{"a":{"a":0,"k":[2.104,2.104,0]},"s":{"a":1,"k":[{"o":{"x":0.167,"y":0.167},"i":{"x":0.833,"y":0.833},"s":[100,100,100],"t":0},{"o":{"x":0.167,"y":0.167},"i":{"x":0.833,"y":1},"s":[191.02,191.02,100],"t":8},{"o":{"x":0.167,"y":0.167},"i":{"x":0.833,"y":0.833},"s":[100,100,100],"t":10},{"o":{"x":0.167,"y":0.167},"i":{"x":0.833,"y":0.833},"s":[100,100,100],"t":38},{"o":{"x":0.167,"y":0.167},"i":{"x":0.833,"y":1},"s":[191.02,191.02,100],"t":40},{"s":[100,100,100],"t":60}]},"sk":{"a":0,"k":0},"p":{"a":0,"k":[41.468,188.925,0]},"r":{"a":0,"k":0},"sa":{"a":0,"k":0},"o":{"a":1,"k":[{"o":{"x":0.167,"y":0.167},"i":{"x":0.833,"y":0.833},"s":[100],"t":10},{"o":{"x":0.167,"y":0.167},"i":{"x":0.833,"y":0.833},"s":[0],"t":12},{"o":{"x":0.167,"y":0.167},"i":{"x":0.833,"y":0.833},"s":[0],"t":38},{"s":[100],"t":40}]}},"ef":[],"shapes":[{"ty":"gr","nm":"Ã","it":[{"ty":"sh","nm":"Ã","d":1,"ks":{"a":0,"k":{"c":true,"i":[[0,-1.023],[1.024,0],[0,1.024],[-1.025,0]],"o":[[0,1.024],[-1.025,0],[0,-1.023],[1.024,0]],"v":[[1.855,0],[0.001,1.854],[-1.855,0],[0.001,-1.854]]}}},{"ty":"mm","nm":"Ã","mm":4},{"ty":"fl","nm":"Ã","c":{"a":0,"k":[1,0.894,0.537,0.91]},"r":1,"o":{"a":0,"k":100}},{"ty":"tr","a":{"a":0,"k":[0,0]},"s":{"a":0,"k":[100,100]},"sk":{"a":0,"k":0},"p":{"a":0,"k":[2.104,2.104]},"r":{"a":0,"k":0},"sa":{"a":0,"k":0},"o":{"a":0,"k":100}}]}],"ind":11},{"ty":4,"nm":"D","sr":1,"st":0,"op":110,"ip":0,"hasMask":false,"ao":0,"ks":{"a":{"a":0,"k":[2.104,2.104,0]},"s":{"a":1,"k":[{"o":{"x":0.167,"y":0.167},"i":{"x":0.833,"y":0.833},"s":[100,100,100],"t":0},{"o":{"x":0.167,"y":0.167},"i":{"x":0.833,"y":1},"s":[191.02,191.02,100],"t":17},{"o":{"x":0.167,"y":0.167},"i":{"x":0.833,"y":0.833},"s":[100,100,100],"t":19},{"o":{"x":0.167,"y":0.167},"i":{"x":0.833,"y":0.833},"s":[100,100,100],"t":43},{"o":{"x":0.167,"y":0.167},"i":{"x":0.833,"y":1},"s":[191.02,191.02,100],"t":45},{"s":[100,100,100],"t":60}]},"sk":{"a":0,"k":0},"p":{"a":0,"k":[110.994,58.621,0]},"r":{"a":0,"k":0},"sa":{"a":0,"k":0},"o":{"a":1,"k":[{"o":{"x":0.167,"y":0.167},"i":{"x":0.833,"y":0.833},"s":[100],"t":19},{"o":{"x":0.167,"y":0.167},"i":{"x":0.833,"y":0.833},"s":[0],"t":21},{"o":{"x":0.167,"y":0.167},"i":{"x":0.833,"y":0.833},"s":[0],"t":43},{"s":[100],"t":45}]}},"ef":[],"shapes":[{"ty":"gr","nm":"Ã","it":[{"ty":"sh","nm":"Ã","d":1,"ks":{"a":0,"k":{"c":true,"i":[[0,-1.023],[1.024,0],[0,1.024],[-1.025,0]],"o":[[0,1.024],[-1.025,0],[0,-1.023],[1.024,0]],"v":[[1.855,0],[0.001,1.854],[-1.855,0],[0.001,-1.854]]}}},{"ty":"fl","nm":"Ã","c":{"a":0,"k":[1,0.894,0.537,0.91]},"r":1,"o":{"a":0,"k":100}},{"ty":"tr","a":{"a":0,"k":[0,0]},"s":{"a":0,"k":[100,100]},"sk":{"a":0,"k":0},"p":{"a":0,"k":[2.104,2.104]},"r":{"a":0,"k":0},"sa":{"a":0,"k":0},"o":{"a":0,"k":100}}]}],"ind":12},{"ty":4,"nm":"D","sr":1,"st":0,"op":110,"ip":0,"hasMask":false,"ao":0,"ks":{"a":{"a":0,"k":[2.972,2.972,0]},"s":{"a":0,"k":[100,100,100]},"sk":{"a":0,"k":0},"p":{"a":0,"k":[17.495,-7.312,0]},"r":{"a":0,"k":0},"sa":{"a":0,"k":0},"o":{"a":1,"k":[{"o":{"x":0.167,"y":0.167},"i":{"x":0.667,"y":1},"s":[100],"t":0},{"o":{"x":0.333,"y":0},"i":{"x":0.667,"y":1},"s":[0],"t":6},{"o":{"x":0.333,"y":0},"i":{"x":0.667,"y":1},"s":[0],"t":12},{"o":{"x":0.333,"y":0},"i":{"x":0.667,"y":1},"s":[100],"t":13},{"o":{"x":0.333,"y":0},"i":{"x":0.667,"y":1},"s":[100],"t":25},{"o":{"x":0.333,"y":0},"i":{"x":0.667,"y":1},"s":[0],"t":26},{"o":{"x":0.333,"y":0},"i":{"x":0.667,"y":1},"s":[0],"t":43},{"s":[100],"t":60}]}},"ef":[],"shapes":[{"ty":"gr","nm":"Ã","it":[{"ty":"sh","nm":"Ã","d":1,"ks":{"a":0,"k":{"c":true,"i":[[0,-1.502],[1.503,0],[0,1.503],[-1.503,0]],"o":[[0,1.503],[-1.503,0],[0,-1.502],[1.503,0]],"v":[[2.721,-0.001],[-0.001,2.721],[-2.721,-0.001],[-0.001,-2.721]]}}},{"ty":"mm","nm":"Ã","mm":4},{"ty":"fl","nm":"Ã","c":{"a":0,"k":[1,0.894,0.537,0.91]},"r":1,"o":{"a":0,"k":100}},{"ty":"tr","a":{"a":0,"k":[0,0]},"s":{"a":0,"k":[100,100]},"sk":{"a":0,"k":0},"p":{"a":0,"k":[2.972,2.972]},"r":{"a":0,"k":0},"sa":{"a":0,"k":0},"o":{"a":0,"k":100}}]}],"ind":13,"parent":16},{"ty":4,"nm":"D","sr":1,"st":0,"op":110,"ip":0,"hasMask":false,"ao":0,"ks":{"a":{"a":0,"k":[2.261,2.262,0]},"s":{"a":0,"k":[100,100,100]},"sk":{"a":0,"k":0},"p":{"a":0,"k":[16.016,-16.886,0]},"r":{"a":0,"k":0},"sa":{"a":0,"k":0},"o":{"a":1,"k":[{"o":{"x":0.167,"y":0.167},"i":{"x":0.667,"y":1},"s":[100],"t":0},{"o":{"x":0.333,"y":0},"i":{"x":0.667,"y":1},"s":[0],"t":6},{"o":{"x":0.333,"y":0},"i":{"x":0.667,"y":1},"s":[0],"t":24},{"o":{"x":0.333,"y":0},"i":{"x":0.667,"y":1},"s":[100],"t":25},{"o":{"x":0.333,"y":0},"i":{"x":0.667,"y":1},"s":[100],"t":37},{"o":{"x":0.333,"y":0},"i":{"x":0.667,"y":1},"s":[0],"t":38},{"o":{"x":0.333,"y":0},"i":{"x":0.667,"y":1},"s":[0],"t":48},{"s":[100],"t":60}]}},"ef":[],"shapes":[{"ty":"gr","nm":"Ã","it":[{"ty":"sh","nm":"Ã","d":1,"ks":{"a":0,"k":{"c":true,"i":[[0,-1.111],[1.112,0],[0,1.11],[-1.11,0]],"o":[[0,1.11],[-1.11,0],[0,-1.111],[1.112,0]],"v":[[2.011,0],[-0.001,2.012],[-2.011,0],[-0.001,-2.012]]}}},{"ty":"mm","nm":"Ã","mm":4},{"ty":"fl","nm":"Ã","c":{"a":0,"k":[1,0.894,0.537,0.91]},"r":1,"o":{"a":0,"k":100}},{"ty":"tr","a":{"a":0,"k":[0,0]},"s":{"a":0,"k":[100,100]},"sk":{"a":0,"k":0},"p":{"a":0,"k":[2.261,2.262]},"r":{"a":0,"k":0},"sa":{"a":0,"k":0},"o":{"a":0,"k":100}}]}],"ind":14,"parent":16},{"ty":4,"nm":"D","sr":1,"st":0,"op":110,"ip":0,"hasMask":false,"ao":0,"ks":{"a":{"a":0,"k":[2.021,2.021,0]},"s":{"a":0,"k":[100,100,100]},"sk":{"a":0,"k":0},"p":{"a":0,"k":[9.828,-11.203,0]},"r":{"a":0,"k":0},"sa":{"a":0,"k":0},"o":{"a":1,"k":[{"o":{"x":0.167,"y":0.167},"i":{"x":0.667,"y":1},"s":[100],"t":0},{"o":{"x":0.333,"y":0},"i":{"x":0.667,"y":1},"s":[0],"t":6},{"o":{"x":0.333,"y":0},"i":{"x":0.667,"y":1},"s":[0],"t":18},{"o":{"x":0.333,"y":0},"i":{"x":0.667,"y":1},"s":[100],"t":19},{"o":{"x":0.333,"y":0},"i":{"x":0.667,"y":1},"s":[100],"t":32},{"o":{"x":0.333,"y":0},"i":{"x":0.667,"y":1},"s":[0],"t":33},{"o":{"x":0.333,"y":0},"i":{"x":0.667,"y":1},"s":[0],"t":53},{"s":[100],"t":60}]}},"ef":[],"shapes":[{"ty":"gr","nm":"Ã","it":[{"ty":"sh","nm":"Ã","d":1,"ks":{"a":0,"k":{"c":true,"i":[[0,-0.978],[0.978,0],[0,0.979],[-0.977,0]],"o":[[0,0.979],[-0.977,0],[0,-0.978],[0.978,0]],"v":[[1.771,0],[-0.001,1.771],[-1.771,0],[-0.001,-1.771]]}}},{"ty":"mm","nm":"Ã","mm":4},{"ty":"fl","nm":"Ã","c":{"a":0,"k":[1,0.894,0.537,0.91]},"r":1,"o":{"a":0,"k":100}},{"ty":"tr","a":{"a":0,"k":[0,0]},"s":{"a":0,"k":[100,100]},"sk":{"a":0,"k":0},"p":{"a":0,"k":[2.021,2.021]},"r":{"a":0,"k":0},"sa":{"a":0,"k":0},"o":{"a":0,"k":100}}]}],"ind":15,"parent":16},{"ty":4,"nm":"K","sr":1,"st":0,"op":110,"ip":110,"hasMask":false,"ao":0,"ks":{"a":{"a":0,"k":[14.774,15.395,0]},"s":{"a":1,"k":[{"o":{"x":0.167,"y":0.167},"i":{"x":0.833,"y":0.833},"s":[100,100,100],"t":0},{"o":{"x":0.167,"y":0.167},"i":{"x":0.667,"y":1},"s":[100,100,100],"t":6},{"o":{"x":0.167,"y":0.167},"i":{"x":0.833,"y":0.833},"s":[120.655,120.655,100],"t":13},{"o":{"x":0.333,"y":0},"i":{"x":0.667,"y":1},"s":[120.655,120.655,100],"t":36},{"s":[100,100,100],"t":51}]},"sk":{"a":0,"k":0},"p":{"a":1,"k":[{"o":{"x":0.167,"y":0.167},"i":{"x":0.667,"y":1},"s":[62.727,247.468,0],"t":0,"ti":[2.333,-1.5,0],"to":[-2.333,1.5,0]},{"o":{"x":0.167,"y":0.167},"i":{"x":0.833,"y":0.833},"s":[48.727,256.468,0],"t":10,"ti":[0,0,0],"to":[0,0,0]},{"o":{"x":0.333,"y":0},"i":{"x":0.667,"y":1},"s":[48.727,256.468,0],"t":36,"ti":[-2.333,1.5,0],"to":[2.333,-1.5,0]},{"s":[62.727,247.468,0],"t":60}]},"r":{"a":0,"k":0},"sa":{"a":0,"k":0},"o":{"a":0,"k":100}},"ef":[],"shapes":[{"ty":"gr","nm":"Ã","it":[{"ty":"sh","nm":"Ã","d":1,"ks":{"a":0,"k":{"c":true,"i":[[0,-1.529],[0,0],[0.192,-0.286],[0,0],[-0.765,1.433],[0,0],[0,0.573],[0,0]],"o":[[0,0],[0,0.479],[0,0],[-0.669,1.433],[0,0],[0.095,-0.192],[0,0],[0,-1.529]],"v":[[14.296,3.213],[14.296,7.703],[14.2,9.041],[5.696,26.145],[3.595,25.19],[11.812,8.564],[11.907,7.703],[11.907,3.213]]}}},{"ty":"fl","nm":"Ã","c":{"a":0,"k":[1,0.894,0.537,0.91]},"r":1,"o":{"a":0,"k":100}},{"ty":"tr","a":{"a":0,"k":[0,0]},"s":{"a":0,"k":[100,100]},"sk":{"a":0,"k":0},"p":{"a":0,"k":[0,0]},"r":{"a":0,"k":0},"sa":{"a":0,"k":0},"o":{"a":0,"k":100}}]},{"ty":"gr","nm":"Ã","it":[{"ty":"sh","nm":"Ã","d":1,"ks":{"a":0,"k":{"c":true,"i":[[0,0],[0,0],[0,0],[0,0],[0,0],[0,0],[0,0],[0,0],[0,0],[0,0],[0,0],[0,0]],"o":[[0,0],[0,0],[0,0],[0,0],[0,0],[0,0],[0,0],[0,0],[0,0],[0,0],[0,0],[0,0]],"v":[[-7.835,-15.145],[7.74,-15.145],[7.74,-13.329],[5.924,-13.329],[6.116,-7.5],[14.524,10.654],[11.752,15.145],[-11.848,15.145],[-14.524,10.654],[-6.21,-7.5],[-6.02,-13.329],[-7.835,-13.329]]}}},{"ty":"mm","nm":"Ã","mm":1},{"ty":"fl","nm":"Ã","c":{"a":0,"k":[1,0.894,0.537,0.91]},"r":1,"o":{"a":0,"k":100}},{"ty":"tr","a":{"a":0,"k":[0,0]},"s":{"a":0,"k":[100,100]},"sk":{"a":0,"k":0},"p":{"a":0,"k":[14.774,15.395]},"r":{"a":0,"k":0},"sa":{"a":0,"k":0},"o":{"a":0,"k":100}}]}],"ind":16},{"ty":4,"nm":"V","sr":1,"st":0,"op":110,"ip":110,"hasMask":false,"ao":0,"ks":{"a":{"a":0,"k":[5.367,1.476,0]},"s":{"a":1,"k":[{"o":{"x":0.167,"y":0.167},"i":{"x":0.667,"y":1},"s":[100,100,100],"t":0},{"o":{"x":0.167,"y":0.167},"i":{"x":0.833,"y":0.833},"s":[100,1078.898,100],"t":20},{"o":{"x":0.333,"y":0},"i":{"x":0.667,"y":1},"s":[100,1078.898,100],"t":35},{"s":[100,100,100],"t":60}]},"sk":{"a":0,"k":0},"p":{"a":0,"k":[22.757,19.431,0]},"r":{"a":0,"k":0},"sa":{"a":0,"k":0},"o":{"a":0,"k":100}},"ef":[],"shapes":[{"ty":"gr","nm":"Ã","it":[{"ty":"sh","nm":"Ã","d":1,"ks":{"a":0,"k":{"c":true,"i":[[0,0],[0,0],[0,0],[0,0]],"o":[[0,0],[0,0],[0,0],[0,0]],"v":[[5.117,0.617],[-5.117,0.617],[-5.117,-0.617],[5.117,-0.617]]}}},{"ty":"fl","nm":"Ã","c":{"a":0,"k":[1,0.894,0.537,0.91]},"r":1,"o":{"a":0,"k":100}},{"ty":"tr","a":{"a":0,"k":[0,0]},"s":{"a":0,"k":[100,100]},"sk":{"a":0,"k":0},"p":{"a":0,"k":[5.367,0.867]},"r":{"a":0,"k":0},"sa":{"a":0,"k":0},"o":{"a":0,"k":100}}]}],"ind":17,"parent":19},{"ty":4,"nm":"V","sr":1,"st":0,"op":110,"ip":0,"hasMask":false,"ao":0,"ks":{"a":{"a":0,"k":[5.367,1.461,0]},"s":{"a":1,"k":[{"o":{"x":0.167,"y":0.167},"i":{"x":0.667,"y":1},"s":[100,100,100],"t":6},{"o":{"x":0.167,"y":0.167},"i":{"x":0.833,"y":0.833},"s":[100,418.149,100],"t":27},{"o":{"x":0.333,"y":0},"i":{"x":0.667,"y":1},"s":[100,418.149,100],"t":43},{"s":[100,100,100],"t":60}]},"sk":{"a":0,"k":0},"p":{"a":0,"k":[7.272,26.898,0]},"r":{"a":0,"k":0},"sa":{"a":0,"k":0},"o":{"a":0,"k":100}},"ef":[],"shapes":[{"ty":"gr","nm":"Ã","it":[{"ty":"sh","nm":"Ã","d":1,"ks":{"a":0,"k":{"c":true,"i":[[0,0],[0,0],[0,0],[0,0]],"o":[[0,0],[0,0],[0,0],[0,0]],"v":[[5.117,0.617],[-5.117,0.617],[-5.117,-0.617],[5.117,-0.617]]}}},{"ty":"fl","nm":"Ã","c":{"a":0,"k":[1,0.894,0.537,0.91]},"r":1,"o":{"a":0,"k":100}},{"ty":"tr","a":{"a":0,"k":[0,0]},"s":{"a":0,"k":[100,100]},"sk":{"a":0,"k":0},"p":{"a":0,"k":[5.367,0.867]},"r":{"a":0,"k":0},"sa":{"a":0,"k":0},"o":{"a":0,"k":100}}]}],"ind":18,"parent":19},{"ty":4,"nm":"K","sr":1,"st":0,"op":110,"ip":110,"hasMask":false,"ao":0,"ks":{"a":{"a":0,"k":[15.187,18.072,0]},"s":{"a":0,"k":[100,100,100]},"sk":{"a":0,"k":0},"p":{"a":1,"k":[{"o":{"x":0.167,"y":0.167},"i":{"x":0.667,"y":1},"s":[395.386,224.919,0],"t":0,"ti":[0,0,0],"to":[0,4.083,0]},{"o":{"x":0.333,"y":0},"i":{"x":0.667,"y":1},"s":[395.386,249.419,0],"t":20,"ti":[0,4.083,0],"to":[0,0,0]},{"s":[395.386,224.919,0],"t":60}]},"r":{"a":0,"k":0},"sa":{"a":0,"k":0},"o":{"a":0,"k":100}},"ef":[],"shapes":[{"ty":"gr","nm":"Ã","it":[{"ty":"sh","nm":"Ã","d":1,"ks":{"a":0,"k":{"c":true,"i":[[0,0],[0,0],[0,0],[0,0],[0,0],[0,0.284],[-0.303,0],[0,0],[0,-0.305],[0.105,-0.106],[0.147,0]],"o":[[0,0],[0,0],[0,0],[0,0],[-0.285,-0.026],[0,-0.304],[0,0],[0.303,0],[0,0.148],[-0.103,0.104],[0,0]],"v":[[4.582,-8.004],[4.582,0.559],[-4.883,0.559],[-4.883,-7.958],[-5.445,-8.012],[-5.944,-8.557],[-5.394,-9.109],[5.395,-9.109],[5.944,-8.557],[5.783,-8.165],[5.395,-8.004]]}}},{"ty":"sh","nm":"Ã","d":1,"ks":{"a":0,"k":{"c":true,"i":[[0.988,0],[0,0],[0,-0.988],[-0.639,-0.281],[0,0],[-2.995,0],[0,0],[0,2.995],[0,0],[0,0.843]],"o":[[0,0],[-0.988,0],[0,0.725],[0,0],[0,2.995],[0,0],[2.995,0],[0,0],[0.781,-0.192],[0,-0.988]],"v":[[5.395,-10.35],[-5.393,-10.35],[-7.186,-8.557],[-6.124,-6.922],[-6.124,4.919],[-0.693,10.35],[0.392,10.35],[5.823,4.919],[5.823,-6.814],[7.186,-8.557]]}}},{"ty":"mm","nm":"Ã","mm":1},{"ty":"fl","nm":"Ã","c":{"a":0,"k":[1,0.894,0.537,0.91]},"r":1,"o":{"a":0,"k":100}},{"ty":"tr","a":{"a":0,"k":[0,0]},"s":{"a":0,"k":[100,100]},"sk":{"a":0,"k":0},"p":{"a":0,"k":[7.435,25.543]},"r":{"a":0,"k":0},"sa":{"a":0,"k":0},"o":{"a":0,"k":100}}]},{"ty":"gr","nm":"Ã","it":[{"ty":"sh","nm":"Ã","d":1,"ks":{"a":0,"k":{"c":true,"i":[[0,0],[0,0],[0,0],[0,0],[0,0],[0,0.283],[-0.302,0],[0,0],[0,-0.304],[0.303,0]],"o":[[0,0],[0,0],[0,0],[0,0],[-0.286,-0.027],[0,-0.304],[0,0],[0.302,0],[0,0.305],[0,0]],"v":[[4.583,-15.475],[4.583,0.419],[-4.882,0.419],[-4.882,-15.428],[-5.444,-15.482],[-5.944,-16.027],[-5.395,-16.579],[5.395,-16.579],[5.944,-16.027],[5.395,-15.475]]}}},{"ty":"sh","nm":"Ã","d":1,"ks":{"a":0,"k":{"c":true,"i":[[0.988,0],[0,0],[0,-0.989],[-0.64,-0.28],[0,0],[-2.994,0],[0,0],[0,2.995],[0,0],[0,0.842]],"o":[[0,0],[-0.988,0],[0,0.724],[0,0],[0,2.995],[0,0],[2.995,0],[0,0],[0.78,-0.193],[0,-0.988]],"v":[[5.395,-17.822],[-5.394,-17.822],[-7.186,-16.027],[-6.123,-14.393],[-6.123,12.389],[-0.693,17.822],[0.393,17.822],[5.824,12.389],[5.824,-14.285],[7.186,-16.027]]}}},{"ty":"mm","nm":"Ã","mm":1},{"ty":"fl","nm":"Ã","c":{"a":0,"k":[1,0.894,0.537,0.91]},"r":1,"o":{"a":0,"k":100}},{"ty":"tr","a":{"a":0,"k":[0,0]},"s":{"a":0,"k":[100,100]},"sk":{"a":0,"k":0},"p":{"a":0,"k":[22.938,18.072]},"r":{"a":0,"k":0},"sa":{"a":0,"k":0},"o":{"a":0,"k":100}}]}],"ind":19},{"ty":4,"nm":"D","sr":1,"st":0,"op":110,"ip":0,"hasMask":false,"ao":0,"ks":{"a":{"a":0,"k":[10.19,12.988,0]},"s":{"a":1,"k":[{"o":{"x":0.167,"y":0.167},"i":{"x":0.833,"y":1},"s":[100,100,100],"t":0},{"o":{"x":0.167,"y":0.167},"i":{"x":0.667,"y":1},"s":[74.85,74.85,100],"t":23},{"o":{"x":0.333,"y":0},"i":{"x":0.667,"y":1},"s":[135.209,135.209,100],"t":41},{"s":[100,100,100],"t":60}]},"sk":{"a":0,"k":0},"p":{"a":0,"k":[48.204,68.089,0]},"r":{"a":0,"k":0},"sa":{"a":0,"k":0},"o":{"a":0,"k":100}},"ef":[],"shapes":[{"ty":"gr","nm":"Ã","it":[{"ty":"sh","nm":"Ã","d":1,"ks":{"a":0,"k":{"c":true,"i":[[0,0],[0,0],[0.157,-0.157],[0,-0.222],[0,0],[0,0],[0,0],[0,0]],"o":[[0,0],[-0.222,0],[-0.157,0.157],[0,0],[0,0],[0,0],[0,0],[0,0]],"v":[[8.253,3.149],[2.839,3.149],[2.242,3.396],[1.994,3.993],[1.994,11.05],[-8.253,11.05],[-8.253,-11.049],[8.253,-11.049]]}}},{"ty":"sh","nm":"Ã","d":1,"ks":{"a":0,"k":{"c":true,"i":[[0,0],[0,0],[0,0]],"o":[[0,0],[0,0],[0,0]],"v":[[3.684,9.468],[3.684,4.837],[7.352,4.837]]}}},{"ty":"sh","nm":"Ã","d":1,"ks":{"a":0,"k":{"c":true,"i":[[0.158,0.158],[0.222,0],[0,0],[0.157,-0.157],[0,-0.223],[0,0],[-0.158,-0.157],[-0.222,0],[0,0],[-0.071,0.019],[-0.017,0.006],[-0.052,0.032],[-0.017,0.012],[-0.051,0.062],[0,0],[-0.03,0.08],[-0.006,0.028],[-0.003,0.058],[0,0.014],[0,0]],"o":[[-0.157,-0.157],[0,0],[-0.222,0],[-0.158,0.158],[0,0],[0,0.223],[0.157,0.157],[0,0],[0.075,0],[0.018,-0.004],[0.058,-0.019],[0.018,-0.011],[0.064,-0.046],[0,0],[0.055,-0.069],[0.011,-0.028],[0.015,-0.057],[0,-0.014],[0,0],[0,-0.223]],"v":[[9.693,-12.49],[9.096,-12.738],[-9.098,-12.738],[-9.693,-12.49],[-9.941,-11.893],[-9.941,11.894],[-9.693,12.491],[-9.098,12.738],[2.839,12.738],[3.057,12.707],[3.109,12.689],[3.273,12.612],[3.326,12.579],[3.501,12.419],[9.758,4.517],[9.883,4.29],[9.904,4.205],[9.934,4.034],[9.941,3.993],[9.941,-11.893]]}}},{"ty":"sh","nm":"Ã","d":1,"ks":{"a":0,"k":{"c":true,"i":[[0,0],[0,0],[0,0],[0,0]],"o":[[0,0],[0,0],[0,0],[0,0]],"v":[[5.969,-5.268],[-5.771,-5.268],[-5.771,-3.58],[5.969,-3.58]]}}},{"ty":"sh","nm":"Ã","d":1,"ks":{"a":0,"k":{"c":true,"i":[[0,0],[0,0],[0,0],[0,0]],"o":[[0,0],[0,0],[0,0],[0,0]],"v":[[3.529,-2.05],[-5.771,-2.05],[-5.771,-0.362],[3.529,-0.362]]}}},{"ty":"sh","nm":"Ã","d":1,"ks":{"a":0,"k":{"c":true,"i":[[0,0],[0,0],[0,0],[0,0]],"o":[[0,0],[0,0],[0,0],[0,0]],"v":[[5.969,-8.486],[-5.771,-8.486],[-5.771,-6.799],[5.969,-6.799]]}}},{"ty":"mm","nm":"Ã","mm":1},{"ty":"fl","nm":"Ã","c":{"a":0,"k":[1,0.894,0.537,0.91]},"r":1,"o":{"a":0,"k":100}},{"ty":"tr","a":{"a":0,"k":[0,0]},"s":{"a":0,"k":[100,100]},"sk":{"a":0,"k":0},"p":{"a":0,"k":[10.191,12.988]},"r":{"a":0,"k":0},"sa":{"a":0,"k":0},"o":{"a":0,"k":100}}]}],"ind":20},{"ty":4,"nm":"P","sr":1,"st":0,"op":110,"ip":0,"hasMask":false,"ao":0,"ks":{"a":{"a":0,"k":[56.755,37.279,0]},"s":{"a":0,"k":[100,100,100]},"sk":{"a":0,"k":0},"p":{"a":1,"k":[{"o":{"x":0.167,"y":0.167},"i":{"x":0.667,"y":1},"s":[119.231,132.774,0],"t":0,"ti":[-7.708,4.875,0],"to":[-15.917,15.75,0]},{"o":{"x":0.333,"y":0},"i":{"x":0.667,"y":1},"s":[105.981,134.274,0],"t":31,"ti":[0.292,-2.625,0],"to":[7.708,-4.875,0]},{"s":[119.231,132.774,0],"t":60}]},"r":{"a":0,"k":0},"sa":{"a":0,"k":0},"o":{"a":0,"k":100}},"ef":[],"shapes":[{"ty":"gr","nm":"Ã","it":[{"ty":"sh","nm":"Ã","d":1,"ks":{"a":0,"k":{"c":true,"i":[[0,0],[0,0],[0,0],[0,0]],"o":[[0,0],[0,0],[0,0],[0,0]],"v":[[46.803,1.702],[-46.803,1.702],[-46.803,-1.702],[46.803,-1.702]]}}},{"ty":"fl","nm":"Ã","c":{"a":0,"k":[1,1,1]},"r":1,"o":{"a":0,"k":100}},{"ty":"tr","a":{"a":0,"k":[0,0]},"s":{"a":0,"k":[100,100]},"sk":{"a":0,"k":0},"p":{"a":0,"k":[57.606,13.039]},"r":{"a":0,"k":0},"sa":{"a":0,"k":0},"o":{"a":0,"k":100}}]},{"ty":"gr","nm":"Ã","it":[{"ty":"sh","nm":"Ã","d":1,"ks":{"a":0,"k":{"c":true,"i":[[0,0],[0,0],[0,0],[0,0]],"o":[[0,0],[0,0],[0,0],[0,0]],"v":[[10.893,9.701],[-10.893,9.701],[-10.893,-9.701],[10.893,-9.701]]}}},{"ty":"fl","nm":"Ã","c":{"a":0,"k":[1,1,1]},"r":1,"o":{"a":0,"k":100}},{"ty":"tr","a":{"a":0,"k":[0,0]},"s":{"a":0,"k":[100,100]},"sk":{"a":0,"k":0},"p":{"a":0,"k":[93.517,56.098]},"r":{"a":0,"k":0},"sa":{"a":0,"k":0},"o":{"a":0,"k":100}}]},{"ty":"gr","nm":"Ã","it":[{"ty":"sh","nm":"Ã","d":1,"ks":{"a":0,"k":{"c":true,"i":[[0,0],[0,0],[0,0],[0,0]],"o":[[0,0],[0,0],[0,0],[0,0]],"v":[[10.893,9.701],[-10.893,9.701],[-10.893,-9.701],[10.893,-9.701]]}}},{"ty":"fl","nm":"Ã","c":{"a":0,"k":[1,1,1]},"r":1,"o":{"a":0,"k":100}},{"ty":"tr","a":{"a":0,"k":[0,0]},"s":{"a":0,"k":[100,100]},"sk":{"a":0,"k":0},"p":{"a":0,"k":[93.517,29.888]},"r":{"a":0,"k":0},"sa":{"a":0,"k":0},"o":{"a":0,"k":100}}]},{"ty":"gr","nm":"Ã","it":[{"ty":"sh","nm":"Ã","d":1,"ks":{"a":0,"k":{"c":true,"i":[[0.313,0],[0,0],[0,0.313],[0,0],[-0.312,0],[0,0],[0,-0.313],[0,0]],"o":[[0,0],[-0.313,0],[0,0],[0,-0.313],[0,0],[0.313,0],[0,0],[0,0.313]],"v":[[19.378,0.68],[-19.378,0.68],[-19.948,0.112],[-19.948,-0.111],[-19.379,-0.68],[19.378,-0.68],[19.948,-0.111],[19.948,0.112]]}}},{"ty":"fl","nm":"Ã","c":{"a":0,"k":[1,1,1]},"r":1,"o":{"a":0,"k":100}},{"ty":"tr","a":{"a":0,"k":[0,0]},"s":{"a":0,"k":[100,100]},"sk":{"a":0,"k":0},"p":{"a":0,"k":[30.68,62.736]},"r":{"a":0,"k":0},"sa":{"a":0,"k":0},"o":{"a":0,"k":100}}]},{"ty":"gr","nm":"Ã","it":[{"ty":"sh","nm":"Ã","d":1,"ks":{"a":0,"k":{"c":true,"i":[[0.313,0],[0,0],[0,0.313],[0,0],[-0.313,0],[0,0],[0,-0.312],[0,0]],"o":[[0,0],[-0.313,0],[0,0],[0,-0.313],[0,0],[0.313,0],[0,0],[0,0.313]],"v":[[19.378,0.68],[-19.378,0.68],[-19.948,0.112],[-19.948,-0.11],[-19.378,-0.68],[19.378,-0.68],[19.948,-0.111],[19.948,0.112]]}}},{"ty":"fl","nm":"Ã","c":{"a":0,"k":[1,1,1]},"r":1,"o":{"a":0,"k":100}},{"ty":"tr","a":{"a":0,"k":[0,0]},"s":{"a":0,"k":[100,100]},"sk":{"a":0,"k":0},"p":{"a":0,"k":[30.68,57.97]},"r":{"a":0,"k":0},"sa":{"a":0,"k":0},"o":{"a":0,"k":100}}]},{"ty":"gr","nm":"Ã","it":[{"ty":"sh","nm":"Ã","d":1,"ks":{"a":0,"k":{"c":true,"i":[[0.348,0],[0,0],[0,0.348],[0,0],[-0.349,0],[0,0],[0,-0.347],[0,0]],"o":[[0,0],[-0.349,0],[0,0],[0,-0.347],[0,0],[0.348,0],[0,0],[0,0.348]],"v":[[29.188,0.678],[-29.186,0.678],[-29.82,0.045],[-29.82,-0.047],[-29.186,-0.678],[29.188,-0.678],[29.82,-0.047],[29.82,0.045]]}}},{"ty":"fl","nm":"Ã","c":{"a":0,"k":[1,1,1]},"r":1,"o":{"a":0,"k":100}},{"ty":"tr","a":{"a":0,"k":[0,0]},"s":{"a":0,"k":[100,100]},"sk":{"a":0,"k":0},"p":{"a":0,"k":[40.551,49.799]},"r":{"a":0,"k":0},"sa":{"a":0,"k":0},"o":{"a":0,"k":100}}]},{"ty":"gr","nm":"Ã","it":[{"ty":"sh","nm":"Ã","d":1,"ks":{"a":0,"k":{"c":true,"i":[[0.348,0],[0,0],[0,0.348],[0,0],[-0.349,0],[0,0],[0,-0.347],[0,0]],"o":[[0,0],[-0.349,0],[0,0],[0,-0.347],[0,0],[0.348,0],[0,0],[0,0.348]],"v":[[29.188,0.678],[-29.186,0.678],[-29.82,0.045],[-29.82,-0.046],[-29.186,-0.678],[29.188,-0.678],[29.82,-0.046],[29.82,0.045]]}}},{"ty":"fl","nm":"Ã","c":{"a":0,"k":[1,1,1]},"r":1,"o":{"a":0,"k":100}},{"ty":"tr","a":{"a":0,"k":[0,0]},"s":{"a":0,"k":[100,100]},"sk":{"a":0,"k":0},"p":{"a":0,"k":[40.551,53.883]},"r":{"a":0,"k":0},"sa":{"a":0,"k":0},"o":{"a":0,"k":100}}]},{"ty":"gr","nm":"Ã","it":[{"ty":"sh","nm":"Ã","d":1,"ks":{"a":0,"k":{"c":true,"i":[[0.313,0],[0,0],[0,0.313],[0,0],[-0.312,0],[0,0],[0,-0.313],[0,0]],"o":[[0,0],[-0.313,0],[0,0],[0,-0.313],[0,0],[0.313,0],[0,0],[0,0.313]],"v":[[19.378,0.68],[-19.378,0.68],[-19.948,0.112],[-19.948,-0.111],[-19.379,-0.68],[19.378,-0.68],[19.948,-0.111],[19.948,0.112]]}}},{"ty":"fl","nm":"Ã","c":{"a":0,"k":[1,1,1]},"r":1,"o":{"a":0,"k":100}},{"ty":"tr","a":{"a":0,"k":[0,0]},"s":{"a":0,"k":[100,100]},"sk":{"a":0,"k":0},"p":{"a":0,"k":[30.68,38.228]},"r":{"a":0,"k":0},"sa":{"a":0,"k":0},"o":{"a":0,"k":100}}]},{"ty":"gr","nm":"Ã","it":[{"ty":"sh","nm":"Ã","d":1,"ks":{"a":0,"k":{"c":true,"i":[[0.348,0],[0,0],[0,0.348],[0,0],[-0.349,0],[0,0],[0,-0.348],[0,0]],"o":[[0,0],[-0.349,0],[0,0],[0,-0.348],[0,0],[0.348,0],[0,0],[0,0.348]],"v":[[29.188,0.678],[-29.186,0.678],[-29.82,0.046],[-29.82,-0.046],[-29.186,-0.678],[29.188,-0.678],[29.82,-0.046],[29.82,0.046]]}}},{"ty":"fl","nm":"Ã","c":{"a":0,"k":[1,1,1]},"r":1,"o":{"a":0,"k":100}},{"ty":"tr","a":{"a":0,"k":[0,0]},"s":{"a":0,"k":[100,100]},"sk":{"a":0,"k":0},"p":{"a":0,"k":[40.551,45.714]},"r":{"a":0,"k":0},"sa":{"a":0,"k":0},"o":{"a":0,"k":100}}]},{"ty":"gr","nm":"Ã","it":[{"ty":"sh","nm":"Ã","d":1,"ks":{"a":0,"k":{"c":true,"i":[[0.313,0],[0,0],[0,0.313],[0,0],[-0.313,0],[0,0],[0,-0.313],[0,0]],"o":[[0,0],[-0.313,0],[0,0],[0,-0.313],[0,0],[0.313,0],[0,0],[0,0.313]],"v":[[19.378,0.68],[-19.378,0.68],[-19.948,0.112],[-19.948,-0.11],[-19.378,-0.68],[19.378,-0.68],[19.948,-0.11],[19.948,0.112]]}}},{"ty":"fl","nm":"Ã","c":{"a":0,"k":[1,1,1]},"r":1,"o":{"a":0,"k":100}},{"ty":"tr","a":{"a":0,"k":[0,0]},"s":{"a":0,"k":[100,100]},"sk":{"a":0,"k":0},"p":{"a":0,"k":[30.68,34.824]},"r":{"a":0,"k":0},"sa":{"a":0,"k":0},"o":{"a":0,"k":100}}]},{"ty":"gr","nm":"Ã","it":[{"ty":"sh","nm":"Ã","d":1,"ks":{"a":0,"k":{"c":true,"i":[[0.348,0],[0,0],[0,0.348],[0,0],[-0.349,0],[0,0],[0,-0.347],[0,0]],"o":[[0,0],[-0.349,0],[0,0],[0,-0.347],[0,0],[0.348,0],[0,0],[0,0.348]],"v":[[29.188,0.678],[-29.186,0.678],[-29.82,0.045],[-29.82,-0.047],[-29.186,-0.678],[29.188,-0.678],[29.82,-0.047],[29.82,0.045]]}}},{"ty":"fl","nm":"Ã","c":{"a":0,"k":[1,1,1]},"r":1,"o":{"a":0,"k":100}},{"ty":"tr","a":{"a":0,"k":[0,0]},"s":{"a":0,"k":[100,100]},"sk":{"a":0,"k":0},"p":{"a":0,"k":[40.551,30.737]},"r":{"a":0,"k":0},"sa":{"a":0,"k":0},"o":{"a":0,"k":100}}]},{"ty":"gr","nm":"Ã","it":[{"ty":"sh","nm":"Ã","d":1,"ks":{"a":0,"k":{"c":true,"i":[[0.313,0],[0,0],[0,0.313],[0,0],[-0.313,0],[0,0],[0,-0.313],[0,0]],"o":[[0,0],[-0.313,0],[0,0],[0,-0.313],[0,0],[0.313,0],[0,0],[0,0.313]],"v":[[19.378,0.68],[-19.378,0.68],[-19.948,0.112],[-19.948,-0.111],[-19.378,-0.68],[19.378,-0.68],[19.948,-0.111],[19.948,0.112]]}}},{"ty":"fl","nm":"Ã","c":{"a":0,"k":[1,1,1]},"r":1,"o":{"a":0,"k":100}},{"ty":"tr","a":{"a":0,"k":[0,0]},"s":{"a":0,"k":[100,100]},"sk":{"a":0,"k":0},"p":{"a":0,"k":[30.68,26.655]},"r":{"a":0,"k":0},"sa":{"a":0,"k":0},"o":{"a":0,"k":100}}]},{"ty":"gr","nm":"Ã","it":[{"ty":"sh","nm":"Ã","d":1,"ks":{"a":0,"k":{"c":true,"i":[[0.348,0],[0,0],[0,0.348],[0,0],[-0.349,0],[0,0],[0,-0.347],[0,0]],"o":[[0,0],[-0.349,0],[0,0],[0,-0.347],[0,0],[0.348,0],[0,0],[0,0.348]],"v":[[29.188,0.678],[-29.186,0.678],[-29.82,0.046],[-29.82,-0.046],[-29.186,-0.678],[29.188,-0.678],[29.82,-0.046],[29.82,0.046]]}}},{"ty":"fl","nm":"Ã","c":{"a":0,"k":[1,1,1]},"r":1,"o":{"a":0,"k":100}},{"ty":"tr","a":{"a":0,"k":[0,0]},"s":{"a":0,"k":[100,100]},"sk":{"a":0,"k":0},"p":{"a":0,"k":[40.551,22.567]},"r":{"a":0,"k":0},"sa":{"a":0,"k":0},"o":{"a":0,"k":100}}]},{"ty":"gr","nm":"Ã","it":[{"ty":"sh","nm":"Ã","d":1,"ks":{"a":0,"k":{"c":true,"i":[[1.767,0],[0,0],[0,-1.767],[0,0],[0,0],[0,0]],"o":[[0,0],[-1.767,0],[0,0],[0,0],[0,0],[0,-1.767]],"v":[[53.306,-2.795],[-53.303,-2.795],[-56.505,0.405],[-56.505,2.795],[56.505,2.795],[56.505,0.405]]}}},{"ty":"fl","nm":"Ã","c":{"a":0,"k":[1,1,1]},"r":1,"o":{"a":0,"k":100}},{"ty":"tr","a":{"a":0,"k":[0,0]},"s":{"a":0,"k":[100,100]},"sk":{"a":0,"k":0},"p":{"a":0,"k":[56.754,3.045]},"r":{"a":0,"k":0},"sa":{"a":0,"k":0},"o":{"a":0,"k":100}}]},{"ty":"gr","nm":"Ã","it":[{"ty":"sh","nm":"Ã","d":1,"ks":{"a":0,"k":{"c":true,"i":[[1.767,0],[0,0],[0,1.767],[0,0],[-1.768,0],[0,0],[0,-1.768],[0,0]],"o":[[0,0],[-1.767,0],[0,0],[0,-1.768],[0,0],[1.767,0],[0,0],[0,1.767]],"v":[[53.306,37.029],[-53.303,37.029],[-56.505,33.829],[-56.505,-33.829],[-53.303,-37.029],[53.306,-37.029],[56.505,-33.829],[56.505,33.829]]}}},{"ty":"fl","nm":"Ã","c":{"a":0,"k":[0.828,0.894,0.933]},"r":1,"o":{"a":0,"k":40}},{"ty":"tr","a":{"a":0,"k":[0,0]},"s":{"a":0,"k":[100,100]},"sk":{"a":0,"k":0},"p":{"a":0,"k":[56.754,37.279]},"r":{"a":0,"k":0},"sa":{"a":0,"k":0},"o":{"a":0,"k":100}}]}],"ind":21},{"ty":4,"nm":"K","sr":1,"st":0,"op":110,"ip":0,"hasMask":false,"ao":0,"ks":{"a":{"a":0,"k":[21.154,21,0]},"s":{"a":0,"k":[100,100,100]},"sk":{"a":0,"k":0},"p":{"a":0,"k":[85.884,26.241,0]},"r":{"a":1,"k":[{"o":{"x":0.167,"y":0.167},"i":{"x":0.667,"y":1},"s":[0],"t":0},{"o":{"x":0.167,"y":0},"i":{"x":0.667,"y":1},"s":[540],"t":20},{"s":[0],"t":55}]},"sa":{"a":0,"k":0},"o":{"a":0,"k":100}},"ef":[],"shapes":[{"ty":"gr","nm":"Ã","it":[{"ty":"sh","nm":"Ã","d":1,"ks":{"a":0,"k":{"c":true,"i":[[-9.997,-2.773],[-0.04,-0.01],[0,0],[0.039,0.011],[-2.555,9.213],[-9.213,-2.558],[2.556,-9.213],[0.392,-0.847],[0,0],[-0.258,0.927],[9.997,2.775],[2.775,-9.997]],"o":[[0.04,0.012],[0,0],[-0.039,-0.009],[-9.213,-2.557],[2.557,-9.212],[9.213,2.556],[-0.258,0.929],[0,0],[0.382,-0.852],[2.774,-9.997],[-9.998,-2.773],[-2.773,9.997]],"v":[[-5.031,19.503],[-4.912,19.532],[-4.517,18.109],[-4.636,18.081],[-16.709,-3.265],[4.636,-15.336],[16.708,6.008],[15.726,8.672],[17.168,9.072],[18.13,6.402],[5.031,-16.759],[-18.131,-3.659]]}}},{"ty":"fl","nm":"Ã","c":{"a":0,"k":[1,1,1]},"r":1,"o":{"a":0,"k":100}},{"ty":"tr","a":{"a":0,"k":[0,0]},"s":{"a":0,"k":[100,100]},"sk":{"a":0,"k":0},"p":{"a":0,"k":[21.154,19.782]},"r":{"a":0,"k":0},"sa":{"a":0,"k":0},"o":{"a":0,"k":100}}]},{"ty":"gr","nm":"Ã","it":[{"ty":"sh","nm":"Ã","d":1,"ks":{"a":0,"k":{"c":true,"i":[[-2.215,10.135],[-0.008,0.04],[0,0],[0.008,-0.04],[9.341,2.041],[-2.041,9.34],[-9.341,-2.041],[-0.867,-0.346],[0,0],[0.938,0.205],[2.215,-10.136],[-10.136,-2.216]],"o":[[0.009,-0.041],[0,0],[-0.009,0.041],[-2.042,9.34],[-9.341,-2.042],[2.042,-9.341],[0.942,0.206],[0,0],[-0.872,-0.334],[-10.136,-2.216],[-2.215,10.136],[10.134,2.216]],"v":[[19.478,4.018],[19.501,3.897],[18.059,3.581],[18.036,3.703],[-2.606,16.94],[-15.843,-3.702],[4.799,-16.94],[7.512,-16.106],[7.831,-17.569],[5.115,-18.381],[-17.285,-4.017],[-2.921,18.381]]}}},{"ty":"fl","nm":"Ã","c":{"a":0,"k":[1,1,1]},"r":1,"o":{"a":0,"k":100}},{"ty":"tr","a":{"a":0,"k":[0,0]},"s":{"a":0,"k":[100,100]},"sk":{"a":0,"k":0},"p":{"a":0,"k":[20.058,21.154]},"r":{"a":0,"k":0},"sa":{"a":0,"k":0},"o":{"a":0,"k":100}}]}],"ind":22,"parent":24},{"ty":4,"nm":"K","sr":1,"st":0,"op":110,"ip":0,"hasMask":false,"ao":0,"ks":{"a":{"a":0,"k":[21.712,21.735,0]},"s":{"a":0,"k":[100,100,100]},"sk":{"a":0,"k":0},"p":{"a":0,"k":[25.681,26.393,0]},"r":{"a":1,"k":[{"o":{"x":0.167,"y":0.167},"i":{"x":0.667,"y":1},"s":[0],"t":0},{"o":{"x":0.167,"y":0},"i":{"x":0.667,"y":1},"s":[540],"t":20},{"s":[0],"t":55}]},"sa":{"a":0,"k":0},"o":{"a":0,"k":100}},"ef":[],"shapes":[{"ty":"gr","nm":"Ã","it":[{"ty":"sh","nm":"Ã","d":1,"ks":{"a":0,"k":{"c":true,"i":[[4.407,9.393],[0.018,0.037],[0,0],[-0.018,-0.037],[8.655,-4.062],[4.061,8.656],[-8.657,4.062],[-0.899,0.254],[0,0],[0.87,-0.409],[-4.408,-9.391],[-9.393,4.409]],"o":[[-0.019,-0.037],[0,0],[0.018,0.037],[4.061,8.656],[-8.656,4.061],[-4.062,-8.655],[0.872,-0.408],[0,0],[-0.896,0.265],[-9.393,4.407],[4.407,9.393],[9.392,-4.407]],"v":[[17.034,-9.694],[16.977,-9.803],[15.641,-9.176],[15.697,-9.066],[7.367,13.997],[-15.697,5.665],[-7.366,-17.398],[-4.706,-18.387],[-5.342,-19.742],[-7.993,-18.732],[-17.033,6.292],[7.993,15.333]]}}},{"ty":"fl","nm":"Ã","c":{"a":0,"k":[1,1,1]},"r":1,"o":{"a":0,"k":100}},{"ty":"tr","a":{"a":0,"k":[0,0]},"s":{"a":0,"k":[100,100]},"sk":{"a":0,"k":0},"p":{"a":0,"k":[21.69,23.435]},"r":{"a":0,"k":0},"sa":{"a":0,"k":0},"o":{"a":0,"k":100}}]},{"ty":"gr","nm":"Ã","it":[{"ty":"sh","nm":"Ã","d":1,"ks":{"a":0,"k":{"c":true,"i":[[9.134,-4.921],[0.036,-0.02],[0,0],[-0.036,0.02],[-4.535,-8.417],[8.417,-4.535],[4.535,8.417],[0.304,0.884],[0,0],[-0.456,-0.846],[-9.133,4.921],[4.921,9.132]],"o":[[-0.036,0.02],[0,0],[0.036,-0.019],[8.417,-4.535],[4.537,8.416],[-8.417,4.536],[-0.457,-0.849],[0,0],[0.314,0.879],[4.922,9.133],[9.133,-4.922],[-4.922,-9.134]],"v":[[-10.809,-16.564],[-10.915,-16.502],[-10.215,-15.204],[-10.109,-15.265],[13.38,-8.225],[6.341,15.264],[-17.148,8.225],[-18.284,5.623],[-19.601,6.334],[-18.448,8.925],[7.042,16.564],[14.68,-8.925]]}}},{"ty":"fl","nm":"Ã","c":{"a":0,"k":[1,1,1]},"r":1,"o":{"a":0,"k":100}},{"ty":"tr","a":{"a":0,"k":[0,0]},"s":{"a":0,"k":[100,100]},"sk":{"a":0,"k":0},"p":{"a":0,"k":[23.574,21.735]},"r":{"a":0,"k":0},"sa":{"a":0,"k":0},"o":{"a":0,"k":100}}]}],"ind":23,"parent":24},{"ty":4,"nm":"Ã","sr":1,"st":0,"op":110,"ip":0,"hasMask":false,"ao":0,"ks":{"a":{"a":0,"k":[56.958,26.157,0]},"s":{"a":0,"k":[100,100,100]},"sk":{"a":0,"k":0},"p":{"a":1,"k":[{"o":{"x":0.167,"y":0.167},"i":{"x":0.833,"y":0.833},"s":[163.224,207.161,0],"t":0,"ti":[-1.193,-5.621,0],"to":[-3.786,0.776,0]},{"o":{"x":0.167,"y":0.167},"i":{"x":0.667,"y":1},"s":[153.099,217.161,0],"t":16,"ti":[3.661,-0.401,0],"to":[-1.057,-9.129,0]},{"s":[163.224,207.161,0],"t":60}]},"r":{"a":0,"k":0},"sa":{"a":0,"k":0},"o":{"a":0,"k":100}},"ef":[],"shapes":[{"ty":"gr","nm":"Ã","it":[{"ty":"sh","nm":"Ã","d":1,"ks":{"a":0,"k":{"c":true,"i":[[0,0],[0,0],[0,0],[0,0]],"o":[[0,0],[0,0],[0,0],[0,0]],"v":[[56.708,25.907],[-56.708,25.907],[-56.708,-25.907],[56.708,-25.907]]}}},{"ty":"fl","nm":"Ã","c":{"a":0,"k":[1,1,1]},"r":1,"o":{"a":0,"k":40}},{"ty":"tr","a":{"a":0,"k":[0,0]},"s":{"a":0,"k":[100,100]},"sk":{"a":0,"k":0},"p":{"a":0,"k":[56.958,26.157]},"r":{"a":0,"k":0},"sa":{"a":0,"k":0},"o":{"a":0,"k":100}}]}],"ind":24},{"ty":4,"nm":"Ã","sr":1,"st":0,"op":110,"ip":0,"hasMask":false,"ao":0,"ks":{"a":{"a":0,"k":[132.229,86.74,0]},"s":{"a":1,"k":[{"o":{"x":0.167,"y":0.167},"i":{"x":0.667,"y":1},"s":[100,100,100],"t":0},{"o":{"x":0.167,"y":0},"i":{"x":0.667,"y":1},"s":[106.062,106.062,100],"t":16},{"s":[100,100,100],"t":60}]},"sk":{"a":0,"k":0},"p":{"a":0,"k":[218.433,161.613,0]},"r":{"a":0,"k":0},"sa":{"a":0,"k":0},"o":{"a":0,"k":100}},"ef":[],"shapes":[{"ty":"gr","nm":"Ã","it":[{"ty":"sh","nm":"Ã","d":1,"ks":{"a":0,"k":{"c":true,"i":[[-0.535,-0.535],[0.535,-0.535],[0.535,0.536],[-0.536,0.535]],"o":[[0.535,0.535],[-0.535,0.536],[-0.536,-0.535],[0.535,-0.535]],"v":[[0.969,-0.969],[0.969,0.968],[-0.968,0.968],[-0.968,-0.969]]}}},{"ty":"mm","nm":"Ã","mm":4},{"ty":"fl","nm":"Ã","c":{"a":0,"k":[0.722,0.914,0.526]},"r":1,"o":{"a":0,"k":100}},{"ty":"tr","a":{"a":0,"k":[0,0]},"s":{"a":0,"k":[100,100]},"sk":{"a":0,"k":0},"p":{"a":0,"k":[21.566,7.186]},"r":{"a":0,"k":0},"sa":{"a":0,"k":0},"o":{"a":0,"k":100}}]},{"ty":"gr","nm":"Ã","it":[{"ty":"sh","nm":"Ã","d":1,"ks":{"a":0,"k":{"c":true,"i":[[-0.535,-0.535],[0.535,-0.535],[0.535,0.536],[-0.536,0.535]],"o":[[0.535,0.535],[-0.535,0.536],[-0.536,-0.535],[0.535,-0.535]],"v":[[0.969,-0.969],[0.969,0.968],[-0.968,0.968],[-0.968,-0.969]]}}},{"ty":"mm","nm":"Ã","mm":4},{"ty":"fl","nm":"Ã","c":{"a":0,"k":[1,0.757,0.028]},"r":1,"o":{"a":0,"k":100}},{"ty":"tr","a":{"a":0,"k":[0,0]},"s":{"a":0,"k":[100,100]},"sk":{"a":0,"k":0},"p":{"a":0,"k":[15.967,7.186]},"r":{"a":0,"k":0},"sa":{"a":0,"k":0},"o":{"a":0,"k":100}}]},{"ty":"gr","nm":"Ã","it":[{"ty":"sh","nm":"Ã","d":1,"ks":{"a":0,"k":{"c":true,"i":[[-0.535,-0.535],[0.535,-0.535],[0.535,0.536],[-0.536,0.535]],"o":[[0.535,0.535],[-0.535,0.536],[-0.536,-0.535],[0.535,-0.535]],"v":[[0.97,-0.969],[0.97,0.968],[-0.969,0.968],[-0.969,-0.969]]}}},{"ty":"mm","nm":"Ã","mm":4},{"ty":"fl","nm":"Ã","c":{"a":0,"k":[1,0.757,0.028]},"r":1,"o":{"a":0,"k":100}},{"ty":"tr","a":{"a":0,"k":[0,0]},"s":{"a":0,"k":[100,100]},"sk":{"a":0,"k":0},"p":{"a":0,"k":[9.938,7.186]},"r":{"a":0,"k":0},"sa":{"a":0,"k":0},"o":{"a":0,"k":100}}]},{"ty":"gr","nm":"Ã","it":[{"ty":"sh","nm":"Ã","d":1,"ks":{"a":0,"k":{"c":true,"i":[[4.128,0],[0,0],[0,-4.128],[0,0],[0,0],[0,0]],"o":[[0,0],[-4.128,0],[0,0],[0,0],[0,0],[0,-4.128]],"v":[[124.505,-6.528],[-124.506,-6.528],[-131.979,0.947],[-131.979,6.528],[131.979,6.528],[131.979,0.947]]}}},{"ty":"mm","nm":"Ã","mm":4},{"ty":"fl","nm":"Ã","c":{"a":0,"k":[1,1,1]},"r":1,"o":{"a":0,"k":100}},{"ty":"tr","a":{"a":0,"k":[0,0]},"s":{"a":0,"k":[100,100]},"sk":{"a":0,"k":0},"p":{"a":0,"k":[132.229,6.778]},"r":{"a":0,"k":0},"sa":{"a":0,"k":0},"o":{"a":0,"k":100}}]},{"ty":"gr","nm":"Ã","it":[{"ty":"sh","nm":"Ã","d":1,"ks":{"a":0,"k":{"c":true,"i":[[4.128,0],[0,0],[0,4.128],[0,0],[-4.128,0],[0,0],[0,-4.128],[0,0]],"o":[[0,0],[-4.128,0],[0,0],[0,-4.128],[0,0],[4.128,0],[0,0],[0,4.128]],"v":[[124.505,86.49],[-124.506,86.49],[-131.979,79.016],[-131.979,-79.017],[-124.506,-86.49],[124.505,-86.49],[131.979,-79.017],[131.979,79.016]]}}},{"ty":"mm","nm":"Ã","mm":4},{"ty":"fl","nm":"Ã","c":{"a":0,"k":[1,0.757,0.028]},"r":1,"o":{"a":0,"k":100}},{"ty":"tr","a":{"a":0,"k":[0,0]},"s":{"a":0,"k":[100,100]},"sk":{"a":0,"k":0},"p":{"a":0,"k":[132.229,86.74]},"r":{"a":0,"k":0},"sa":{"a":0,"k":0},"o":{"a":0,"k":100}}]}],"ind":25},{"ty":4,"nm":"Ã","sr":1,"st":0,"op":110,"ip":110,"hasMask":false,"ao":0,"ks":{"a":{"a":0,"k":[220.895,151.605,0]},"s":{"a":0,"k":[100,100,100]},"sk":{"a":0,"k":0},"p":{"a":0,"k":[220.645,151.355,0]},"r":{"a":0,"k":0},"sa":{"a":0,"k":0},"o":{"a":0,"k":100}},"ef":[],"shapes":[{"ty":"gr","nm":"Ã","it":[{"ty":"sh","nm":"Ã","d":1,"ks":{"a":0,"k":{"c":true,"i":[[0,0],[0,0],[0,0],[0,0]],"o":[[0,0],[0,0],[0,0],[0,0]],"v":[[-220.645,151.355],[220.645,151.355],[220.645,-151.355],[-220.645,-151.355]]}}},{"ty":"fl","nm":"Ã","c":{"a":0,"k":[0.416,0.196,0.62]},"r":1,"o":{"a":0,"k":100}},{"ty":"tr","a":{"a":0,"k":[0,0]},"s":{"a":0,"k":[100,100]},"sk":{"a":0,"k":0},"p":{"a":0,"k":[220.895,151.605]},"r":{"a":0,"k":0},"sa":{"a":0,"k":0},"o":{"a":0,"k":100}}]}],"ind":26}],"v":"5.5.8","fr":29.97,"op":60,"ip":0,"assets":[]}