{"nm":"9","h":2300,"w":2300,"meta":{"g":"@lottiefiles/toolkit-js 0.33.2"},"layers":[{"ty":4,"nm":"L","sr":1,"st":0,"op":156,"ip":86,"hasMask":false,"ao":0,"ks":{"a":{"a":0,"k":[454.064,547.477,0]},"s":{"a":0,"k":[100,100,100]},"sk":{"a":0,"k":0},"p":{"a":1,"k":[{"o":{"x":0.333,"y":0},"i":{"x":0.667,"y":1},"s":[-451.628,1329.788,0],"t":87,"ti":[-162.667,0,0],"to":[162.667,0,0]},{"s":[524.372,1329.788,0],"t":142}]},"r":{"a":0,"k":0},"sa":{"a":0,"k":0},"o":{"a":0,"k":100}},"ef":[],"shapes":[{"ty":"gr","nm":"G","it":[{"ty":"sh","nm":"P","d":1,"ks":{"a":0,"k":{"c":true,"i":[[46.436,-26.245],[-18.068,-31.971],[-46.436,26.244],[18.068,31.969]],"o":[[-46.436,26.245],[18.068,31.969],[46.436,-26.245],[-18.069,-31.97]],"v":[[-32.77,-57.98],[-84.215,47.597],[32.767,57.98],[84.214,-47.595]]}}},{"ty":"sh","nm":"P","d":1,"ks":{"a":0,"k":{"c":true,"i":[[-48.118,27.195],[-19.019,-33.653],[48.118,-27.195],[19.02,33.652]],"o":[[48.118,-27.195],[19.02,33.652],[-48.118,27.195],[-19.019,-33.652]],"v":[[-34.494,-61.03],[87.265,-49.319],[34.492,61.03],[-87.266,49.321]]}}},{"ty":"mm","nm":"M","mm":1},{"ty":"fl","nm":"F","c":{"a":0,"k":[0.949,0.659,0.028]},"r":1,"o":{"a":0,"k":100}},{"ty":"tr","a":{"a":0,"k":[0,0]},"s":{"a":0,"k":[100,100]},"sk":{"a":0,"k":0},"p":{"a":0,"k":[787.537,459.785]},"r":{"a":0,"k":0},"sa":{"a":0,"k":0},"o":{"a":0,"k":100}}]},{"ty":"gr","nm":"G","it":[{"ty":"sh","nm":"P","d":1,"ks":{"a":0,"k":{"c":true,"i":[[-10.801,6.104],[-5.622,-9.946],[10.831,-6.122],[5.639,9.977]],"o":[[10.831,-6.122],[5.638,9.977],[-10.801,6.104],[-5.621,-9.946]],"v":[[5.02,8.924],[34.782,15.855],[25.385,44.957],[-4.394,37.996]]}}},{"ty":"sh","nm":"P","d":1,"ks":{"a":0,"k":{"c":true,"i":[[54.095,-30.573],[-22.382,-39.603],[-54.095,30.573],[22.382,39.602]],"o":[[-54.095,30.573],[22.383,39.602],[54.095,-30.573],[-22.382,-39.603]],"v":[[-40.555,-71.715],[-97.954,55.368],[40.508,71.715],[97.954,-55.354]]}}},{"ty":"mm","nm":"M","mm":1},{"ty":"fl","nm":"F","c":{"a":0,"k":[1,0.726,0.008]},"r":1,"o":{"a":0,"k":100}},{"ty":"tr","a":{"a":0,"k":[0,0]},"s":{"a":0,"k":[100,100]},"sk":{"a":0,"k":0},"p":{"a":0,"k":[787.543,459.789]},"r":{"a":0,"k":0},"sa":{"a":0,"k":0},"o":{"a":0,"k":100}}]},{"ty":"gr","nm":"G","it":[{"ty":"sh","nm":"P","d":1,"ks":{"a":0,"k":{"c":true,"i":[[0,0],[0,0],[-8.936,5.051],[0,0],[-5.051,-8.936],[0,0]],"o":[[0,0],[-5.051,-8.937],[0,0],[8.936,-5.05],[0,0],[0,0]],"v":[[90.819,200.039],[-118.128,-169.664],[-111.094,-194.989],[-111.092,-194.989],[-85.767,-187.953],[123.18,181.75]]}}},{"ty":"fl","nm":"F","c":{"a":0,"k":[1,0.726,0.008]},"r":1,"o":{"a":0,"k":100}},{"ty":"tr","a":{"a":0,"k":[0,0]},"s":{"a":0,"k":[100,100]},"sk":{"a":0,"k":0},"p":{"a":0,"k":[646.875,209.329]},"r":{"a":0,"k":0},"sa":{"a":0,"k":0},"o":{"a":0,"k":100}}]},{"ty":"gr","nm":"G","it":[{"ty":"sh","nm":"P","d":1,"ks":{"a":0,"k":{"c":true,"i":[[0,0],[0,0],[0,0],[0,0],[0,0],[0,0],[0,0],[0,0],[0,0],[0,0],[0,0],[0,0],[0,0],[0,0],[0,0],[0,0]],"o":[[0,0],[0,0],[0,0],[0,0],[0,0],[0,0],[0,0],[0,0],[0,0],[0,0],[0,0],[0,0],[0,0],[0,0],[0,0],[0,0]],"v":[[-3.054,-65.639],[-59.559,-33.704],[-3.414,65.639],[59.56,30.048],[46.317,6.616],[19.742,21.635],[15.062,13.354],[31.842,3.87],[25.911,-6.626],[9.466,2.668],[4.317,-6.442],[30.556,-21.271],[17.054,-45.161],[-1.466,-34.694],[-10.157,-50.072],[1.895,-56.883]]}}},{"ty":"fl","nm":"F","c":{"a":0,"k":[1,0.726,0.008]},"r":1,"o":{"a":0,"k":100}},{"ty":"tr","a":{"a":0,"k":[0,0]},"s":{"a":0,"k":[100,100]},"sk":{"a":0,"k":0},"p":{"a":0,"k":[620.88,65.889]},"r":{"a":0,"k":0},"sa":{"a":0,"k":0},"o":{"a":0,"k":100}}]},{"ty":"gr","nm":"G","it":[{"ty":"sh","nm":"P","d":1,"ks":{"a":0,"k":{"c":true,"i":[[0,0],[0,0],[0,0],[0,0],[0,0],[0,0]],"o":[[0,0],[0,0],[0,0],[0,0],[0,0],[0,0]],"v":[[-13.056,-21.817],[-20.384,4.189],[15.583,21.817],[20.384,11.05],[7.616,-7.553],[-9.124,-7.191]]}}},{"ty":"fl","nm":"F","c":{"a":0,"k":[0.996,0.71,0.51]},"r":1,"o":{"a":0,"k":100}},{"ty":"tr","a":{"a":0,"k":[0,0]},"s":{"a":0,"k":[100,100]},"sk":{"a":0,"k":0},"p":{"a":0,"k":[673.845,262.344]},"r":{"a":0,"k":0},"sa":{"a":0,"k":0},"o":{"a":0,"k":100}}]},{"ty":"gr","nm":"G","it":[{"ty":"sh","nm":"P","d":1,"ks":{"a":0,"k":{"c":true,"i":[[0,0],[0,0],[0,0],[0,0],[15.079,7.172],[0,0],[0,0]],"o":[[0,0],[0,0],[0,0],[-8.628,14.336],[0,0],[0,0],[0,0]],"v":[[6.124,0.147],[26.532,-77.435],[73.271,-64.204],[38.996,57.66],[-2.805,70.263],[-73.271,39.935],[-63.962,-48.326]]}}},{"ty":"fl","nm":"F","c":{"a":0,"k":[1,0.757,0.028]},"r":1,"o":{"a":0,"k":100}},{"ty":"tr","a":{"a":0,"k":[0,0]},"s":{"a":0,"k":[100,100]},"sk":{"a":0,"k":0},"p":{"a":0,"k":[618,355.238]},"r":{"a":0,"k":0},"sa":{"a":0,"k":0},"o":{"a":0,"k":100}}]},{"ty":"gr","nm":"G","it":[{"ty":"sh","nm":"P","d":1,"ks":{"a":0,"k":{"c":true,"i":[[0,0],[22.28,-46.334],[0,0],[0,0],[2.083,5.997]],"o":[[0,0],[0,0],[0,0],[0,0],[0,0]],"v":[[-0.373,-101.587],[-24.107,66.719],[-3.363,101.719],[24.107,71.037],[15.554,-101.719]]}}},{"ty":"fl","nm":"F","c":{"a":0,"k":[1,1,1]},"r":1,"o":{"a":0,"k":100}},{"ty":"tr","a":{"a":0,"k":[0,0]},"s":{"a":0,"k":[100,100]},"sk":{"a":0,"k":0},"p":{"a":0,"k":[441.032,410.953]},"r":{"a":0,"k":0},"sa":{"a":0,"k":0},"o":{"a":0,"k":100}}]},{"ty":"gr","nm":"G","it":[{"ty":"sh","nm":"P","d":1,"ks":{"a":0,"k":{"c":true,"i":[[0,0],[0,0],[0,0],[0,0]],"o":[[0,0],[0,0],[0,0],[0,0]],"v":[[11.069,-0.417],[0.327,8.678],[-11.069,0.418],[-0.327,-8.678]]}}},{"ty":"fl","nm":"F","c":{"a":0,"k":[1,1,1]},"r":1,"o":{"a":0,"k":100}},{"ty":"tr","a":{"a":0,"k":[0,0]},"s":{"a":0,"k":[100,100]},"sk":{"a":0,"k":0},"p":{"a":0,"k":[448.876,308.118]},"r":{"a":0,"k":0},"sa":{"a":0,"k":0},"o":{"a":0,"k":100}}]},{"ty":"gr","nm":"G","it":[{"ty":"sh","nm":"P","d":1,"ks":{"a":0,"k":{"c":true,"i":[[0,0],[0,0],[0,0],[0,0],[-3.177,0.276]],"o":[[0,0],[0,0],[0,0],[3.172,-0.432],[0,0]],"v":[[19.649,14.656],[4.046,18.833],[-19.649,-16.009],[-9.617,-17.769],[0.046,-18.833]]}}},{"ty":"fl","nm":"F","c":{"a":0,"k":[0,0,0]},"r":1,"o":{"a":0,"k":100}},{"ty":"tr","a":{"a":0,"k":[0,0]},"s":{"a":0,"k":[100,100]},"sk":{"a":0,"k":0},"p":{"a":0,"k":[422.156,294.872]},"r":{"a":0,"k":0},"sa":{"a":0,"k":0},"o":{"a":0,"k":100}}]},{"ty":"gr","nm":"G","it":[{"ty":"sh","nm":"P","d":1,"ks":{"a":0,"k":{"c":true,"i":[[0,0],[0,0],[0,0],[0,0],[-5.202,-1.386]],"o":[[0,0],[0,0],[0,0],[5.275,0.961],[0,0]],"v":[[18.173,-13.182],[-2.299,16.816],[-18.173,13.826],[2.183,-16.816],[17.947,-13.263]]}}},{"ty":"fl","nm":"F","c":{"a":0,"k":[0,0,0]},"r":1,"o":{"a":0,"k":100}},{"ty":"tr","a":{"a":0,"k":[0,0]},"s":{"a":0,"k":[100,100]},"sk":{"a":0,"k":0},"p":{"a":0,"k":[472,295.251]},"r":{"a":0,"k":0},"sa":{"a":0,"k":0},"o":{"a":0,"k":100}}]},{"ty":"gr","nm":"G","it":[{"ty":"sh","nm":"P","d":1,"ks":{"a":0,"k":{"c":true,"i":[[-1.373,-6.373],[4.785,-1.031],[1.373,6.373],[-4.786,1.032]],"o":[[1.374,6.372],[-4.786,1.031],[-1.374,-6.372],[4.786,-1.032]],"v":[[8.666,-1.867],[2.487,11.539],[-8.666,1.868],[-2.487,-11.538]]}}},{"ty":"fl","nm":"F","c":{"a":0,"k":[0.996,0.71,0.51]},"r":1,"o":{"a":0,"k":100}},{"ty":"tr","a":{"a":0,"k":[0,0]},"s":{"a":0,"k":[100,100]},"sk":{"a":0,"k":0},"p":{"a":0,"k":[409.927,221.694]},"r":{"a":0,"k":0},"sa":{"a":0,"k":0},"o":{"a":0,"k":100}}]},{"ty":"gr","nm":"G","it":[{"ty":"sh","nm":"P","d":1,"ks":{"a":0,"k":{"c":true,"i":[[0,0],[2.426,9.656],[6.508,15.354],[-23.424,12.984],[8.219,11.455],[11.337,0.975],[0,0],[16.893,-7.264],[3.626,-11.994],[-5.55,-21.749],[0,0],[0,0]],"o":[[0,0],[10.23,-5.129],[0,0],[0,0],[-1.531,-14.112],[0,0],[0,0],[0,0],[0,0],[0,0],[0,0],[0,0]],"v":[[-33.437,42.489],[-30.126,28.233],[-21.909,-0.882],[50.413,11.306],[53.179,-7.346],[35.521,-32.179],[21.453,-29.147],[-15.403,-37.132],[-42.931,-17.57],[-55.848,5.743],[-43.986,35.965],[-42.284,44.395]]}}},{"ty":"fl","nm":"F","c":{"a":0,"k":[0.133,0.157,0.141]},"r":1,"o":{"a":0,"k":100}},{"ty":"tr","a":{"a":0,"k":[0,0]},"s":{"a":0,"k":[100,100]},"sk":{"a":0,"k":0},"p":{"a":0,"k":[447.07,175.991]},"r":{"a":0,"k":0},"sa":{"a":0,"k":0},"o":{"a":0,"k":100}}]},{"ty":"gr","nm":"G","it":[{"ty":"sh","nm":"P","d":1,"ks":{"a":0,"k":{"c":true,"i":[[0,0],[0,0],[-13.854,-0.601],[0.763,15.339],[0,0]],"o":[[0,0],[0.13,13.867],[15.344,0.666],[0,0],[0,0]],"v":[[-26.585,-28.76],[-26.296,2.287],[-1.35,28.094],[25.822,0.747],[24.731,-21.189]]}}},{"ty":"fl","nm":"F","c":{"a":0,"k":[0.996,0.71,0.51]},"r":1,"o":{"a":0,"k":100}},{"ty":"tr","a":{"a":0,"k":[0,0]},"s":{"a":0,"k":[100,100]},"sk":{"a":0,"k":0},"p":{"a":0,"k":[448.576,282.013]},"r":{"a":0,"k":0},"sa":{"a":0,"k":0},"o":{"a":0,"k":100}}]},{"ty":"gr","nm":"G","it":[{"ty":"sh","nm":"P","d":1,"ks":{"a":0,"k":{"c":true,"i":[[0,0],[-11.681,-18.75],[-13.508,1.174],[11.056,62.397],[0,0],[0,0]],"o":[[0,0],[7.17,11.508],[28.032,-2.438],[0,0],[0,0],[0,0]],"v":[[-38.631,-3.334],[-29.455,39.343],[4.352,55.616],[34.888,-35.222],[-13.924,-56.789],[-45.943,-37.26]]}}},{"ty":"fl","nm":"F","c":{"a":0,"k":[0.996,0.71,0.51]},"r":1,"o":{"a":0,"k":100}},{"ty":"tr","a":{"a":0,"k":[0,0]},"s":{"a":0,"k":[100,100]},"sk":{"a":0,"k":0},"p":{"a":0,"k":[452.556,219.163]},"r":{"a":0,"k":0},"sa":{"a":0,"k":0},"o":{"a":0,"k":100}}]},{"ty":"gr","nm":"G","it":[{"ty":"sh","nm":"P","d":1,"ks":{"a":0,"k":{"c":true,"i":[[0,0],[-5.242,-5.753],[0,0],[0,0]],"o":[[0,0],[0,0],[0,0],[0,0]],"v":[[-3.672,-6.72],[3.672,11.347],[3.007,-4.012],[-1.985,-11.347]]}}},{"ty":"fl","nm":"F","c":{"a":0,"k":[0.133,0.157,0.141]},"r":1,"o":{"a":0,"k":100}},{"ty":"tr","a":{"a":0,"k":[0,0]},"s":{"a":0,"k":[100,100]},"sk":{"a":0,"k":0},"p":{"a":0,"k":[414.755,237.646]},"r":{"a":0,"k":0},"sa":{"a":0,"k":0},"o":{"a":0,"k":100}}]},{"ty":"gr","nm":"G","it":[{"ty":"sh","nm":"P","d":1,"ks":{"a":0,"k":{"c":true,"i":[[-6.692,-5.258],[0,0],[9.473,-111.447],[70.032,21.657],[3.847,119.176],[-0.493,8.854],[0,0],[0,0],[0,0],[-13.264,10.172],[0,0],[-10.695,1.876],[0,0],[0,0],[-3.197,0.274],[-17.194,-3.086],[-5.193,-1.376],[0,0],[0,0]],"o":[[0,0],[-0.33,4.581],[-73.348,11.311],[0,0],[-0.288,-8.858],[0,0],[0,0],[0,0],[0,0],[0,0],[8.919,-6.215],[0,0],[0,0],[3.179,-0.43],[17.414,-1.52],[5.273,0.977],[0,0],[0,0],[8.14,2.564]],"v":[[180.28,-144.92],[172.443,-63.443],[155.601,165.984],[-43.466,147.76],[-31.213,-43.259],[-30.894,-69.839],[-84.844,-26.52],[-138.409,109.203],[-180.28,87.447],[-126.3,-65.219],[-33.792,-154.924],[-4.01,-167.204],[28.745,-172.967],[38.789,-174.73],[48.341,-175.775],[100.485,-173.364],[116.196,-169.858],[116.415,-169.762],[157.869,-156.759]]}}},{"ty":"fl","nm":"F","c":{"a":0,"k":[1,0.757,0.028]},"r":1,"o":{"a":0,"k":100}},{"ty":"tr","a":{"a":0,"k":[0,0]},"s":{"a":0,"k":[100,100]},"sk":{"a":0,"k":0},"p":{"a":0,"k":[373.758,451.832]},"r":{"a":0,"k":0},"sa":{"a":0,"k":0},"o":{"a":0,"k":100}}]},{"ty":"gr","nm":"G","it":[{"ty":"sh","nm":"P","d":1,"ks":{"a":0,"k":{"c":false,"i":[[0,0],[0,0]],"o":[[0,0],[0,0]],"v":[[50.213,-5.982],[-50.213,5.982]]}}},{"ty":"fl","nm":"F","c":{"a":0,"k":[0.161,0.196,0.412]},"r":1,"o":{"a":0,"k":100}},{"ty":"tr","a":{"a":0,"k":[0,0]},"s":{"a":0,"k":[100,100]},"sk":{"a":0,"k":0},"p":{"a":0,"k":[468.219,578.583]},"r":{"a":0,"k":0},"sa":{"a":0,"k":0},"o":{"a":0,"k":100}}]},{"ty":"gr","nm":"G","it":[{"ty":"sh","nm":"P","d":1,"ks":{"a":0,"k":{"c":true,"i":[[0,0],[0,0],[32.398,6.229],[0,0],[0,0],[0,0],[0,0]],"o":[[0,0],[-18.194,27.52],[0,0],[0,0],[0,0],[0,0],[0,0]],"v":[[200.261,-148.567],[70.63,120.993],[-12.923,156.158],[-200.262,120.146],[-182.994,58.837],[-0.777,80.991],[59.919,-162.387]]}}},{"ty":"fl","nm":"F","c":{"a":0,"k":[0.161,0.196,0.255]},"r":1,"o":{"a":0,"k":100}},{"ty":"tr","a":{"a":0,"k":[0,0]},"s":{"a":0,"k":[100,100]},"sk":{"a":0,"k":0},"p":{"a":0,"k":[283.339,736.848]},"r":{"a":0,"k":0},"sa":{"a":0,"k":0},"o":{"a":0,"k":100}}]},{"ty":"gr","nm":"G","it":[{"ty":"sh","nm":"P","d":1,"ks":{"a":0,"k":{"c":true,"i":[[0,0],[0,0],[-2.704,-11.785],[0,0],[0,0],[0,0],[4.891,5.083],[0,0]],"o":[[0,0],[7.487,9.494],[0,0],[0,0],[0,0],[-1.054,-6.975],[0,0],[0,0]],"v":[[-34.126,-218.758],[82.994,-67.056],[98.471,-34.74],[109.502,217.203],[55.404,218.758],[22.141,-1.591],[13.003,-20.126],[-109.501,-147.443]]}}},{"ty":"fl","nm":"F","c":{"a":0,"k":[0.161,0.196,0.255]},"r":1,"o":{"a":0,"k":100}},{"ty":"tr","a":{"a":0,"k":[0,0]},"s":{"a":0,"k":[100,100]},"sk":{"a":0,"k":0},"p":{"a":0,"k":[535.659,806.079]},"r":{"a":0,"k":0},"sa":{"a":0,"k":0},"o":{"a":0,"k":100}}]},{"ty":"gr","nm":"G","it":[{"ty":"sh","nm":"P","d":1,"ks":{"a":0,"k":{"c":true,"i":[[0,0],[-1.464,5.295],[0,0],[-0.724,-0.092],[-2.482,-0.442]],"o":[[-4.61,-1.88],[0,0],[0.205,-0.7],[2.889,0.355],[0,0]],"v":[[-12.055,54.539],[-18.098,42.116],[9.896,-53.391],[11.51,-54.447],[19.562,-53.243]]}}},{"ty":"fl","nm":"F","c":{"a":0,"k":[0.11,0.137,0.177]},"r":1,"o":{"a":0,"k":100}},{"ty":"tr","a":{"a":0,"k":[0,0]},"s":{"a":0,"k":[100,100]},"sk":{"a":0,"k":0},"p":{"a":0,"k":[19.812,834.256]},"r":{"a":0,"k":0},"sa":{"a":0,"k":0},"o":{"a":0,"k":100}}]},{"ty":"gr","nm":"G","it":[{"ty":"sh","nm":"P","d":1,"ks":{"a":0,"k":{"c":true,"i":[[0.821,-0.974],[3.518,-2.202],[1.507,0.612],[-1.464,5.295],[0,0],[-0.724,-0.092],[-2.483,-0.442],[-5.07,-4.319],[0.701,-0.099],[-13.467,-12.634]],"o":[[0,0],[-3.833,2.4],[-4.61,-1.88],[0,0],[0.205,-0.7],[2.888,0.354],[18.33,3.256],[0.539,0.46],[-20.261,2.842],[0.929,0.872]],"v":[[26.54,8.232],[-25.545,52.887],[-32.651,53.79],[-38.695,41.367],[-10.702,-54.14],[-9.086,-55.195],[-1.034,-53.992],[39.62,-38.301],[39.191,-36.874],[26.33,4.948]]}}},{"ty":"fl","nm":"F","c":{"a":0,"k":[0.161,0.196,0.255]},"r":1,"o":{"a":0,"k":100}},{"ty":"tr","a":{"a":0,"k":[0,0]},"s":{"a":0,"k":[100,100]},"sk":{"a":0,"k":0},"p":{"a":0,"k":[40.409,835.004]},"r":{"a":0,"k":0},"sa":{"a":0,"k":0},"o":{"a":0,"k":100}}]},{"ty":"gr","nm":"G","it":[{"ty":"sh","nm":"P","d":1,"ks":{"a":0,"k":{"c":true,"i":[[0,0],[0,0],[0,0],[0,0]],"o":[[0,0],[0,0],[0,0],[0,0]],"v":[[19.697,29.012],[33.048,-11.727],[-19.697,-29.012],[-33.048,11.727]]}}},{"ty":"fl","nm":"F","c":{"a":0,"k":[0.996,0.71,0.51]},"r":1,"o":{"a":0,"k":100}},{"ty":"tr","a":{"a":0,"k":[0,0]},"s":{"a":0,"k":[100,100]},"sk":{"a":0,"k":0},"p":{"a":0,"k":[76.968,820.94]},"r":{"a":0,"k":0},"sa":{"a":0,"k":0},"o":{"a":0,"k":100}}]},{"ty":"gr","nm":"G","it":[{"ty":"sh","nm":"P","d":1,"ks":{"a":0,"k":{"c":true,"i":[[0,0],[0.018,-5.471],[-0.677,-3.777],[1.668,-2.105],[2.04,1.299],[0,0],[0,0],[0,0],[0,0],[0,0],[0,0],[0,0],[0,0],[0,0],[0,0],[0,0],[-1.342,1.461],[0,0]],"o":[[-1.098,3.429],[-0.054,7.665],[0.413,3.635],[-0.765,-2.145],[0,0],[0,0],[0,0],[0,0],[0,0],[0,0],[0,0],[0,0],[0,0],[0,0],[0,0],[1.015,-1.705],[0,0],[0,0]],"v":[[32.107,-11.064],[30.516,3.152],[31.805,22.557],[31.255,31.69],[26.964,26.326],[18.146,20.63],[16.807,14.214],[14.441,18.253],[10.61,24.738],[6.056,32.497],[-23.297,13.553],[-23.305,13.508],[-32.922,7.337],[-28.322,-0.429],[-24.491,-6.916],[-18.417,-17.124],[-14.871,-21.885],[-5.11,-32.497]]}}},{"ty":"fl","nm":"F","c":{"a":0,"k":[0.996,0.71,0.51]},"r":1,"o":{"a":0,"k":100}},{"ty":"tr","a":{"a":0,"k":[0,0]},"s":{"a":0,"k":[100,100]},"sk":{"a":0,"k":0},"p":{"a":0,"k":[202.966,568.759]},"r":{"a":0,"k":0},"sa":{"a":0,"k":0},"o":{"a":0,"k":100}}]},{"ty":"gr","nm":"G","it":[{"ty":"sh","nm":"P","d":1,"ks":{"a":0,"k":{"c":true,"i":[[-0.765,-2.146],[0.168,-0.126],[0.888,-0.35],[1.447,0.643],[0.381,0.265],[0,0],[0.287,0.804],[0,0],[0,0]],"o":[[-0.105,0.209],[-0.73,0.7],[-1.563,0.564],[-0.251,-0.336],[0,0],[-0.5,-0.672],[0,0],[0,0],[2.04,1.299]],"v":[[6.554,4.234],[6.167,4.732],[3.731,6.262],[-0.919,6.049],[-1.838,5.166],[-3.56,4.049],[-4.755,1.886],[-6.554,-6.826],[2.264,-1.131]]}}},{"ty":"fl","nm":"F","c":{"a":0,"k":[0.522,0.239,0.173]},"r":1,"o":{"a":0,"k":100}},{"ty":"tr","a":{"a":0,"k":[0,0]},"s":{"a":0,"k":[100,100]},"sk":{"a":0,"k":0},"p":{"a":0,"k":[227.667,596.216]},"r":{"a":0,"k":0},"sa":{"a":0,"k":0},"o":{"a":0,"k":100}}]},{"ty":"gr","nm":"G","it":[{"ty":"sh","nm":"P","d":1,"ks":{"a":0,"k":{"c":true,"i":[[2.01,-3.118],[0,0],[1.751,1.13],[-1.13,1.75],[0,0],[0.877,1.174],[-1.563,0.565],[-0.73,0.701],[-0.106,0.209]],"o":[[0,0],[-1.128,1.753],[-1.751,-1.13],[0,0],[0.853,-1.341],[1.447,0.644],[0.887,-0.35],[0.168,-0.126],[1.293,3.239]],"v":[[6.461,-2.088],[-1.277,9.943],[-6.493,11.073],[-7.617,5.858],[0.163,-6.19],[-0.02,-10.388],[4.632,-10.175],[7.068,-11.705],[7.454,-12.203]]}}},{"ty":"fl","nm":"F","c":{"a":0,"k":[0.522,0.239,0.173]},"r":1,"o":{"a":0,"k":100}},{"ty":"tr","a":{"a":0,"k":[0,0]},"s":{"a":0,"k":[100,100]},"sk":{"a":0,"k":0},"p":{"a":0,"k":[226.767,612.653]},"r":{"a":0,"k":0},"sa":{"a":0,"k":0},"o":{"a":0,"k":100}}]},{"ty":"gr","nm":"G","it":[{"ty":"sh","nm":"P","d":1,"ks":{"a":0,"k":{"c":true,"i":[[0,0],[0,0],[0,0],[1.08,-1.668],[0,0],[1.751,1.13],[-1.132,1.752],[0,0],[-5.211,-3.345],[0,0],[0,0],[0,0],[0,0],[-0.5,-0.671]],"o":[[0,0],[0,0],[-1.714,-1.071],[0,0],[-1.131,1.751],[-1.752,-1.131],[0,0],[3.355,-5.166],[0,0],[0,0],[0,0],[0,0],[0.287,0.804],[0,0]],"v":[[27.408,16.016],[-11.524,-9.151],[-17.65,-13.094],[-22.685,-12.001],[-30.465,0.045],[-35.683,1.168],[-36.807,-4.052],[-29.03,-16.094],[-13.557,-19.438],[-7.693,-15.639],[31.239,9.53],[34.945,11.907],[36.744,20.62],[37.939,22.782]]}}},{"ty":"fl","nm":"F","c":{"a":0,"k":[0.522,0.239,0.173]},"r":1,"o":{"a":0,"k":100}},{"ty":"tr","a":{"a":0,"k":[0,0]},"s":{"a":0,"k":[100,100]},"sk":{"a":0,"k":0},"p":{"a":0,"k":[186.168,577.482]},"r":{"a":0,"k":0},"sa":{"a":0,"k":0},"o":{"a":0,"k":100}}]},{"ty":"gr","nm":"G","it":[{"ty":"sh","nm":"P","d":1,"ks":{"a":0,"k":{"c":true,"i":[[0,0],[0,0],[0,0],[0,0]],"o":[[0,0],[0,0],[0,0],[0,0]],"v":[[3.67,9.144],[-9.843,0.42],[-3.671,-9.144],[9.843,-0.419]]}}},{"ty":"fl","nm":"F","c":{"a":0,"k":[0.404,0.18,0.137]},"r":1,"o":{"a":0,"k":100}},{"ty":"tr","a":{"a":0,"k":[0,0]},"s":{"a":0,"k":[100,100]},"sk":{"a":0,"k":0},"p":{"a":0,"k":[220.252,623.712]},"r":{"a":0,"k":0},"sa":{"a":0,"k":0},"o":{"a":0,"k":100}}]},{"ty":"gr","nm":"G","it":[{"ty":"sh","nm":"P","d":1,"ks":{"a":0,"k":{"c":true,"i":[[0,0],[0,0],[0,0],[0,0]],"o":[[0,0],[0,0],[0,0],[0,0]],"v":[[3.669,9.144],[-9.844,0.42],[-3.671,-9.144],[9.843,-0.419]]}}},{"ty":"fl","nm":"F","c":{"a":0,"k":[0.404,0.18,0.137]},"r":1,"o":{"a":0,"k":100}},{"ty":"tr","a":{"a":0,"k":[0,0]},"s":{"a":0,"k":[100,100]},"sk":{"a":0,"k":0},"p":{"a":0,"k":[150.467,578.659]},"r":{"a":0,"k":0},"sa":{"a":0,"k":0},"o":{"a":0,"k":100}}]},{"ty":"gr","nm":"G","it":[{"ty":"sh","nm":"P","d":1,"ks":{"a":0,"k":{"c":true,"i":[[0.317,-0.49],[0,0],[0.49,0.317],[0,0],[0.314,-0.486],[0,0],[-0.491,-0.316],[0,0]],"o":[[0,0],[0.313,-0.486],[0,0],[-0.49,-0.316],[0,0],[0.317,-0.491],[0,0],[0.49,0.317]],"v":[[21.4,10.814],[18.283,15.641],[17.966,14.184],[-20.258,-10.493],[-21.717,-10.183],[-18.6,-15.01],[-17.139,-15.325],[21.085,9.353]]}}},{"ty":"fl","nm":"F","c":{"a":0,"k":[1,0.726,0.008]},"r":1,"o":{"a":0,"k":100}},{"ty":"tr","a":{"a":0,"k":[0,0]},"s":{"a":0,"k":[100,100]},"sk":{"a":0,"k":0},"p":{"a":0,"k":[160.225,640.119]},"r":{"a":0,"k":0},"sa":{"a":0,"k":0},"o":{"a":0,"k":100}}]},{"ty":"gr","nm":"G","it":[{"ty":"sh","nm":"P","d":1,"ks":{"a":0,"k":{"c":true,"i":[[0.49,0.316],[0,0],[-0.315,0.49],[0,0],[-0.489,-0.316],[0,0],[0.315,-0.49],[0,0]],"o":[[0,0],[-0.489,-0.316],[0,0],[0.316,-0.489],[0,0],[0.489,0.316],[0,0],[-0.316,0.489]],"v":[[14.983,18.736],[-23.243,-5.943],[-23.557,-7.401],[-16.44,-18.422],[-14.983,-18.736],[23.243,5.943],[23.557,7.401],[16.441,18.422]]}}},{"ty":"fl","nm":"F","c":{"a":0,"k":[0.949,0.659,0.028]},"r":1,"o":{"a":0,"k":100}},{"ty":"tr","a":{"a":0,"k":[0,0]},"s":{"a":0,"k":[100,100]},"sk":{"a":0,"k":0},"p":{"a":0,"k":[158.067,643.53]},"r":{"a":0,"k":0},"sa":{"a":0,"k":0},"o":{"a":0,"k":100}}]},{"ty":"gr","nm":"G","it":[{"ty":"sh","nm":"P","d":1,"ks":{"a":0,"k":{"c":true,"i":[[1.126,0.015],[0,0],[0,0],[0,0],[-0.655,1.015],[-1.57,-1.014],[1.014,-1.57]],"o":[[0,0],[0,0],[0,0],[-0.475,-1.024],[1.014,-1.571],[1.57,1.013],[-0.655,1.015]],"v":[[1.31,1.37],[-0.137,5.871],[-5.215,2.592],[-1.71,-0.579],[-1.484,-3.85],[3.191,-4.857],[4.202,-0.179]]}}},{"ty":"fl","nm":"F","c":{"a":0,"k":[1,1,1]},"r":1,"o":{"a":0,"k":100}},{"ty":"tr","a":{"a":0,"k":[0,0]},"s":{"a":0,"k":[100,100]},"sk":{"a":0,"k":0},"p":{"a":0,"k":[192.685,695.061]},"r":{"a":0,"k":0},"sa":{"a":0,"k":0},"o":{"a":0,"k":100}}]},{"ty":"gr","nm":"G","it":[{"ty":"sh","nm":"P","d":1,"ks":{"a":0,"k":{"c":true,"i":[[4.318,2.788],[0,0],[-2.788,4.318],[0,0],[-0.937,-0.605],[0,0],[0.604,-0.937],[0,0]],"o":[[0,0],[-4.318,-2.788],[0,0],[0.606,-0.936],[0,0],[0.936,0.605],[0,0],[-2.788,4.318]],"v":[[-10.708,16.102],[-10.708,16.102],[-13.48,3.236],[0.025,-17.684],[2.817,-18.285],[15.062,-10.38],[15.663,-7.588],[2.158,13.331]]}}},{"ty":"fl","nm":"F","c":{"a":0,"k":[0.404,0.18,0.137]},"r":1,"o":{"a":0,"k":100}},{"ty":"tr","a":{"a":0,"k":[0,0]},"s":{"a":0,"k":[100,100]},"sk":{"a":0,"k":0},"p":{"a":0,"k":[196.708,689.404]},"r":{"a":0,"k":0},"sa":{"a":0,"k":0},"o":{"a":0,"k":100}}]},{"ty":"gr","nm":"G","it":[{"ty":"sh","nm":"P","d":1,"ks":{"a":0,"k":{"c":true,"i":[[4.318,2.788],[0,0],[-2.788,4.317],[0,0],[-0.937,-0.605],[0,0],[0.605,-0.937],[0,0]],"o":[[0,0],[-4.319,-2.788],[0,0],[0.606,-0.937],[0,0],[0.937,0.605],[0,0],[-2.788,4.318]],"v":[[-10.709,16.102],[-10.709,16.102],[-13.48,3.236],[0.025,-17.684],[2.817,-18.285],[15.061,-10.38],[15.663,-7.588],[2.157,13.331]]}}},{"ty":"fl","nm":"F","c":{"a":0,"k":[0.541,0.239,0.118]},"r":1,"o":{"a":0,"k":100}},{"ty":"tr","a":{"a":0,"k":[0,0]},"s":{"a":0,"k":[100,100]},"sk":{"a":0,"k":0},"p":{"a":0,"k":[194.649,692.594]},"r":{"a":0,"k":0},"sa":{"a":0,"k":0},"o":{"a":0,"k":100}}]},{"ty":"gr","nm":"G","it":[{"ty":"sh","nm":"P","d":1,"ks":{"a":0,"k":{"c":true,"i":[[1.126,0.014],[0,0],[0,0],[0,0],[-0.656,1.015],[-1.57,-1.013],[1.014,-1.57]],"o":[[0,0],[0,0],[0,0],[-0.475,-1.023],[1.014,-1.57],[1.571,1.014],[-0.656,1.016]],"v":[[1.31,1.37],[-0.136,5.871],[-5.216,2.591],[-1.709,-0.579],[-1.484,-3.851],[3.192,-4.858],[4.202,-0.18]]}}},{"ty":"fl","nm":"F","c":{"a":0,"k":[1,1,1]},"r":1,"o":{"a":0,"k":100}},{"ty":"tr","a":{"a":0,"k":[0,0]},"s":{"a":0,"k":[100,100]},"sk":{"a":0,"k":0},"p":{"a":0,"k":[97.591,633.668]},"r":{"a":0,"k":0},"sa":{"a":0,"k":0},"o":{"a":0,"k":100}}]},{"ty":"gr","nm":"G","it":[{"ty":"sh","nm":"P","d":1,"ks":{"a":0,"k":{"c":true,"i":[[4.318,2.788],[0,0],[-2.787,4.318],[0,0],[-0.936,-0.605],[0,0],[0.605,-0.936],[0,0]],"o":[[0,0],[-4.318,-2.787],[0,0],[0.605,-0.937],[0,0],[0.937,0.605],[0,0],[-2.787,4.319]],"v":[[-10.709,16.102],[-10.709,16.102],[-13.48,3.236],[0.025,-17.684],[2.816,-18.284],[15.062,-10.379],[15.663,-7.588],[2.157,13.331]]}}},{"ty":"fl","nm":"F","c":{"a":0,"k":[0.404,0.18,0.137]},"r":1,"o":{"a":0,"k":100}},{"ty":"tr","a":{"a":0,"k":[0,0]},"s":{"a":0,"k":[100,100]},"sk":{"a":0,"k":0},"p":{"a":0,"k":[101.615,628.012]},"r":{"a":0,"k":0},"sa":{"a":0,"k":0},"o":{"a":0,"k":100}}]},{"ty":"gr","nm":"G","it":[{"ty":"sh","nm":"P","d":1,"ks":{"a":0,"k":{"c":true,"i":[[4.318,2.788],[0,0],[-2.788,4.318],[0,0],[-0.936,-0.606],[0,0],[0.605,-0.937],[0,0]],"o":[[0,0],[-4.318,-2.788],[0,0],[0.605,-0.936],[0,0],[0.936,0.604],[0,0],[-2.787,4.318]],"v":[[-10.71,16.102],[-10.71,16.102],[-13.48,3.236],[0.025,-17.684],[2.816,-18.284],[15.061,-10.379],[15.662,-7.588],[2.156,13.331]]}}},{"ty":"fl","nm":"F","c":{"a":0,"k":[0.541,0.239,0.118]},"r":1,"o":{"a":0,"k":100}},{"ty":"tr","a":{"a":0,"k":[0,0]},"s":{"a":0,"k":[100,100]},"sk":{"a":0,"k":0},"p":{"a":0,"k":[99.556,631.201]},"r":{"a":0,"k":0},"sa":{"a":0,"k":0},"o":{"a":0,"k":100}}]},{"ty":"gr","nm":"G","it":[{"ty":"sh","nm":"P","d":1,"ks":{"a":0,"k":{"c":true,"i":[[2.481,-3.842],[0,0],[7.698,4.968],[0,0],[-4.969,7.697],[0,0],[-3.846,-2.483],[0,0]],"o":[[0,0],[-4.97,7.697],[0,0],[-7.698,-4.97],[0,0],[2.481,-3.842],[0,0],[3.843,2.481]],"v":[[104.27,29.587],[72.876,78.215],[49.935,83.156],[-96.841,-11.606],[-101.782,-34.545],[-70.388,-83.172],[-58.932,-85.64],[101.802,18.131]]}}},{"ty":"fl","nm":"F","c":{"a":0,"k":[0.667,0.373,0.149]},"r":1,"o":{"a":0,"k":100}},{"ty":"tr","a":{"a":0,"k":[0,0]},"s":{"a":0,"k":[100,100]},"sk":{"a":0,"k":0},"p":{"a":0,"k":[171.108,624.38]},"r":{"a":0,"k":0},"sa":{"a":0,"k":0},"o":{"a":0,"k":100}}]},{"ty":"gr","nm":"G","it":[{"ty":"sh","nm":"P","d":1,"ks":{"a":0,"k":{"c":true,"i":[[2.481,-3.842],[0,0],[7.697,4.97],[0,0],[-4.973,7.701],[0,0],[-3.846,-2.483],[0,0]],"o":[[0,0],[-4.972,7.701],[0,0],[-7.697,-4.969],[0,0],[2.481,-3.842],[0,0],[3.843,2.481]],"v":[[105.492,27.697],[71.658,80.103],[48.717,85.044],[-98.059,-9.716],[-102.999,-32.656],[-69.166,-85.062],[-57.71,-87.53],[103.024,16.241]]}}},{"ty":"fl","nm":"F","c":{"a":0,"k":[0.541,0.239,0.118]},"r":1,"o":{"a":0,"k":100}},{"ty":"tr","a":{"a":0,"k":[0,0]},"s":{"a":0,"k":[100,100]},"sk":{"a":0,"k":0},"p":{"a":0,"k":[169.887,626.27]},"r":{"a":0,"k":0},"sa":{"a":0,"k":0},"o":{"a":0,"k":100}}]},{"ty":"gr","nm":"G","it":[{"ty":"sh","nm":"P","d":1,"ks":{"a":0,"k":{"c":true,"i":[[2.481,-3.842],[0,0],[8.673,5.6],[0,0],[-5.6,8.674],[0,0],[-3.846,-2.483],[0,0]],"o":[[0,0],[-5.6,8.673],[0,0],[-8.673,-5.6],[0,0],[2.481,-3.842],[0,0],[3.843,2.481]],"v":[[123.07,0.328],[54.707,106.218],[28.866,111.783],[-114.386,19.299],[-119.951,-6.543],[-51.588,-112.431],[-40.132,-114.899],[120.602,-11.128]]}}},{"ty":"fl","nm":"F","c":{"a":0,"k":[0.667,0.373,0.149]},"r":1,"o":{"a":0,"k":100}},{"ty":"tr","a":{"a":0,"k":[0,0]},"s":{"a":0,"k":[100,100]},"sk":{"a":0,"k":0},"p":{"a":0,"k":[152.308,653.639]},"r":{"a":0,"k":0},"sa":{"a":0,"k":0},"o":{"a":0,"k":100}}]},{"ty":"gr","nm":"G","it":[{"ty":"sh","nm":"P","d":1,"ks":{"a":0,"k":{"c":true,"i":[[0,0],[-2.553,-0.713],[-0.576,-1.181],[0.342,-1.181],[0,0],[-2.84,-0.797],[-0.654,-1.342],[0.373,-1.321],[0,0],[-2.642,-0.746],[-0.644,-1.322],[0.372,-1.321],[0,0],[-2.671,-0.755],[-0.605,-1.241],[0,0],[0.361,-1.242],[0,0],[0,0],[0,0],[1.206,4.715],[1.443,3.114],[-1.389,2.287],[-0.683,0.481],[-1.844,-2.72],[0,0]],"o":[[0.724,-2.533],[1.351,0.383],[0.487,1.001],[0,0],[0.807,-2.871],[1.521,0.424],[0.546,1.121],[0,0],[1.013,-2.501],[1.55,0.434],[0.556,1.142],[0,0],[0.745,-2.692],[1.461,0.404],[0,0],[0.527,1.082],[0,0],[0,0],[0,0],[0.162,-3.226],[-1.686,-6.564],[-1.301,-3.231],[0.446,-0.763],[2.679,-1.875],[0,0],[0,0]],"v":[[-7.644,-26.046],[-1.742,-29.341],[1.242,-26.83],[1.544,-23.46],[1.679,-23.896],[8.292,-27.612],[11.672,-24.798],[12,-21.018],[11.307,-18.524],[17.727,-21.675],[21.104,-18.862],[21.443,-15.062],[20.977,-13.372],[27.201,-16.875],[30.401,-14.221],[30.411,-14.201],[30.714,-10.631],[23.099,16.419],[15.911,30.055],[-20.909,20.185],[-22.781,7.592],[-28.32,-8.766],[-29.685,-17.219],[-27.963,-19.074],[-19.693,-17.253],[-13.554,-5.005]]}}},{"ty":"fl","nm":"F","c":{"a":0,"k":[0.996,0.71,0.51]},"r":1,"o":{"a":0,"k":100}},{"ty":"tr","a":{"a":0,"k":[0,0]},"s":{"a":0,"k":[100,100]},"sk":{"a":0,"k":0},"p":{"a":0,"k":[670.131,260.531]},"r":{"a":0,"k":0},"sa":{"a":0,"k":0},"o":{"a":0,"k":100}}]},{"ty":"gr","nm":"G","it":[{"ty":"sh","nm":"P","d":1,"ks":{"a":0,"k":{"c":true,"i":[[0,0],[5.254,-0.662],[0,0],[0.187,0.678],[0.527,2.373]],"o":[[0.037,4.798],[0,0],[-0.699,0.078],[-0.756,-2.702],[0,0]],"v":[[53.787,-10.287],[44.976,-0.303],[-50.372,10.209],[-51.91,9.164],[-53.825,1.554]]}}},{"ty":"fl","nm":"F","c":{"a":0,"k":[0.11,0.137,0.177]},"r":1,"o":{"a":0,"k":100}},{"ty":"tr","a":{"a":0,"k":[0,0]},"s":{"a":0,"k":[100,100]},"sk":{"a":0,"k":0},"p":{"a":0,"k":[652.893,1084.417]},"r":{"a":0,"k":0},"sa":{"a":0,"k":0},"o":{"a":0,"k":100}}]},{"ty":"gr","nm":"G","it":[{"ty":"sh","nm":"P","d":1,"ks":{"a":0,"k":{"c":true,"i":[[-1.171,-0.369],[-3.264,-2.313],[-0.014,-1.567],[5.253,-0.661],[0,0],[0.187,0.679],[0.527,2.373],[-1.963,6.112],[-0.347,-0.588],[-6.247,16.667]],"o":[[0,0],[3.555,2.52],[0.037,4.799],[0,0],[-0.699,0.077],[-0.755,-2.702],[-3.9,-17.514],[0.208,-0.65],[10.043,16.97],[0.431,-1.15]],"v":[[-6.784,-27.984],[52.259,1.793],[55.697,7.78],[46.887,17.764],[-48.462,28.277],[-50,27.231],[-51.915,19.621],[-53.031,-22.365],[-51.604,-22.512],[-9.626,-26.58]]}}},{"ty":"fl","nm":"F","c":{"a":0,"k":[0.161,0.196,0.255]},"r":1,"o":{"a":0,"k":100}},{"ty":"tr","a":{"a":0,"k":[0,0]},"s":{"a":0,"k":[100,100]},"sk":{"a":0,"k":0},"p":{"a":0,"k":[650.983,1066.35]},"r":{"a":0,"k":0},"sa":{"a":0,"k":0},"o":{"a":0,"k":100}}]},{"ty":"gr","nm":"G","it":[{"ty":"sh","nm":"P","d":1,"ks":{"a":0,"k":{"c":true,"i":[[0,0],[0,0],[0,0],[0,0]],"o":[[0,0],[0,0],[0,0],[0,0]],"v":[[18.506,-28.282],[-22.688,-25.052],[-18.507,28.282],[22.688,25.052]]}}},{"ty":"fl","nm":"F","c":{"a":0,"k":[0.996,0.71,0.51]},"r":1,"o":{"a":0,"k":100}},{"ty":"tr","a":{"a":0,"k":[0,0]},"s":{"a":0,"k":[100,100]},"sk":{"a":0,"k":0},"p":{"a":0,"k":[620.649,1037.72]},"r":{"a":0,"k":0},"sa":{"a":0,"k":0},"o":{"a":0,"k":100}}]}],"ind":1},{"ty":4,"nm":"L","sr":1,"st":0,"op":156,"ip":-4,"hasMask":false,"ao":0,"ks":{"a":{"a":0,"k":[600.507,756.919,0]},"s":{"a":1,"k":[{"o":{"x":0.333,"y":0},"i":{"x":0.667,"y":1},"s":[0,0,100],"t":0},{"s":[100,100,100],"t":87}]},"sk":{"a":0,"k":0},"p":{"a":0,"k":[1605.671,1121.047,0]},"r":{"a":0,"k":0},"sa":{"a":0,"k":0},"o":{"a":0,"k":100}},"ef":[],"shapes":[{"ty":"gr","nm":"G","it":[{"ty":"sh","nm":"P","d":1,"ks":{"a":0,"k":{"c":true,"i":[[12.377,-6.35],[0,0],[0,0],[0,0],[0,14.862],[-21.162,0],[0,-21.154]],"o":[[0,0],[0,0],[0,0],[-12.376,-6.359],[0,-21.154],[21.154,0],[0,14.862]],"v":[[17.464,8.785],[35.957,63.628],[-35.959,63.628],[-17.472,8.785],[-38.31,-25.318],[-0.001,-63.628],[38.31,-25.318]]}}},{"ty":"fl","nm":"F","c":{"a":0,"k":[0.161,0.196,0.255]},"r":1,"o":{"a":0,"k":100}},{"ty":"tr","a":{"a":0,"k":[0,0]},"s":{"a":0,"k":[100,100]},"sk":{"a":0,"k":0},"p":{"a":0,"k":[600.498,600.498]},"r":{"a":0,"k":0},"sa":{"a":0,"k":0},"o":{"a":0,"k":100}}]},{"ty":"gr","nm":"G","it":[{"ty":"sh","nm":"P","d":1,"ks":{"a":0,"k":{"c":true,"i":[[0,-64.21],[24.865,-21.324],[0,25.341],[64.21,0],[20.329,-17.504],[-38.908,0]],"o":[[0,35.328],[13.805,-19.097],[0,-64.211],[-28.923,0],[21.085,-29.32],[64.211,0]],"v":[[105.327,13.983],[64.708,102.263],[86.628,34.354],[-29.619,-81.894],[-105.327,-53.847],[-10.921,-102.263]]}}},{"ty":"fl","nm":"F","c":{"a":0,"k":[0,0,0]},"r":1,"o":{"a":0,"k":100}},{"ty":"tr","a":{"a":0,"k":[0,0]},"s":{"a":0,"k":[100,100]},"sk":{"a":0,"k":0},"p":{"a":0,"k":[611.432,586.519]},"r":{"a":0,"k":0},"sa":{"a":0,"k":0},"o":{"a":0,"k":100}}]},{"ty":"gr","nm":"G","it":[{"ty":"sh","nm":"P","d":1,"ks":{"a":0,"k":{"c":true,"i":[[0,-64.208],[64.208,0],[0,64.208],[-64.209,0]],"o":[[0,64.208],[-64.209,0],[0,-64.208],[64.208,0]],"v":[[116.26,0],[0,116.259],[-116.26,0],[0,-116.259]]}}},{"ty":"fl","nm":"F","c":{"a":0,"k":[1,0.757,0.028]},"r":1,"o":{"a":0,"k":100}},{"ty":"tr","a":{"a":0,"k":[0,0]},"s":{"a":0,"k":[100,100]},"sk":{"a":0,"k":0},"p":{"a":0,"k":[600.498,600.498]},"r":{"a":0,"k":0},"sa":{"a":0,"k":0},"o":{"a":0,"k":100}}]},{"ty":"gr","nm":"G","it":[{"ty":"sh","nm":"P","d":1,"ks":{"a":0,"k":{"c":true,"i":[[0,-132.04],[132.04,0],[0,132.04],[-132.039,0]],"o":[[0,132.04],[-132.039,0],[0,-132.04],[132.04,0]],"v":[[239.079,0],[0,239.079],[-239.079,0],[0,-239.079]]}}},{"ty":"fl","nm":"F","c":{"a":0,"k":[1,1,1]},"r":1,"o":{"a":0,"k":100}},{"ty":"tr","a":{"a":0,"k":[0,0]},"s":{"a":0,"k":[100,100]},"sk":{"a":0,"k":0},"p":{"a":0,"k":[600.498,600.498]},"r":{"a":0,"k":0},"sa":{"a":0,"k":0},"o":{"a":0,"k":100}}]},{"ty":"gr","nm":"G","it":[{"ty":"sh","nm":"P","d":1,"ks":{"a":0,"k":{"c":true,"i":[[60.312,-64.17],[0,85.694],[198.042,0],[65.404,-69.581],[-112.349,0],[0,-198.082]],"o":[[50.167,-61.664],[0,-198.041],[-103.078,0],[65.762,-80.88],[198.041,0],[0,95.003]],"v":[[221.236,302.076],[301.478,75.987],[-57.129,-282.622],[-318.507,-169.556],[-40.102,-302.076],[318.507,56.533]]}}},{"ty":"fl","nm":"F","c":{"a":0,"k":[0,0,0]},"r":1,"o":{"a":0,"k":100}},{"ty":"tr","a":{"a":0,"k":[0,0]},"s":{"a":0,"k":[100,100]},"sk":{"a":0,"k":0},"p":{"a":0,"k":[640.614,543.971]},"r":{"a":0,"k":0},"sa":{"a":0,"k":0},"o":{"a":0,"k":100}}]},{"ty":"gr","nm":"G","it":[{"ty":"sh","nm":"P","d":1,"ks":{"a":0,"k":{"c":true,"i":[[0,-198.059],[198.059,0],[0,198.059],[-198.059,0]],"o":[[0,198.059],[-198.059,0],[0,-198.059],[198.059,0]],"v":[[358.618,0],[0,358.618],[-358.618,0],[0,-358.618]]}}},{"ty":"fl","nm":"F","c":{"a":0,"k":[1,0.757,0.028]},"r":1,"o":{"a":0,"k":100}},{"ty":"tr","a":{"a":0,"k":[0,0]},"s":{"a":0,"k":[100,100]},"sk":{"a":0,"k":0},"p":{"a":0,"k":[600.498,600.498]},"r":{"a":0,"k":0},"sa":{"a":0,"k":0},"o":{"a":0,"k":100}}]},{"ty":"gr","nm":"G","it":[{"ty":"sh","nm":"P","d":1,"ks":{"a":0,"k":{"c":true,"i":[[0,-264.884],[264.884,0],[0,264.884],[-264.885,0]],"o":[[0,264.884],[-264.885,0],[0,-264.884],[264.884,0]],"v":[[479.616,0],[0.001,479.615],[-479.616,0],[0.001,-479.615]]}}},{"ty":"fl","nm":"F","c":{"a":0,"k":[1,1,1]},"r":1,"o":{"a":0,"k":100}},{"ty":"tr","a":{"a":0,"k":[0,0]},"s":{"a":0,"k":[100,100]},"sk":{"a":0,"k":0},"p":{"a":0,"k":[600.498,600.498]},"r":{"a":0,"k":0},"sa":{"a":0,"k":0},"o":{"a":0,"k":100}}]},{"ty":"gr","nm":"G","it":[{"ty":"sh","nm":"P","d":1,"ks":{"a":0,"k":{"c":true,"i":[[0,-331.515],[269.572,-58.959],[0,275.062],[331.476,0],[41.494,-9.071],[-56.453,0]],"o":[[0,287.276],[252.346,-71.014],[0,-331.515],[-44.239,0],[51.797,-14.56],[331.475,0]],"v":[[381.562,6.922],[-89.871,593.33],[347.468,15.436],[-252.745,-584.817],[-381.562,-570.972],[-218.69,-593.33]]}}},{"ty":"fl","nm":"F","c":{"a":0,"k":[0,0,0]},"r":1,"o":{"a":0,"k":100}},{"ty":"tr","a":{"a":0,"k":[0,0]},"s":{"a":0,"k":[100,100]},"sk":{"a":0,"k":0},"p":{"a":0,"k":[819.202,593.581]},"r":{"a":0,"k":0},"sa":{"a":0,"k":0},"o":{"a":0,"k":100}}]},{"ty":"gr","nm":"G","it":[{"ty":"sh","nm":"P","d":1,"ks":{"a":0,"k":{"c":true,"i":[[-324.155,-8.474],[5.331,0],[0,331.516],[-331.515,0],[-5.291,-0.119],[0,-326.184]],"o":[[-5.291,0.119],[-331.515,0],[0,-331.515],[5.331,0],[-324.155,8.474],[0,326.185]],"v":[[308.102,600.053],[292.149,600.252],[-308.102,-0.001],[292.149,-600.252],[308.102,-600.054],[-276.197,-0.001]]}}},{"ty":"fl","nm":"F","c":{"a":0,"k":[0,0,0]},"r":1,"o":{"a":0,"k":100}},{"ty":"tr","a":{"a":0,"k":[0,0]},"s":{"a":0,"k":[100,100]},"sk":{"a":0,"k":0},"p":{"a":0,"k":[308.363,600.503]},"r":{"a":0,"k":0},"sa":{"a":0,"k":0},"o":{"a":0,"k":100}}]},{"ty":"gr","nm":"G","it":[{"ty":"sh","nm":"P","d":1,"ks":{"a":0,"k":{"c":true,"i":[[0,-331.508],[331.508,0],[0,331.508],[-331.508,0]],"o":[[0,331.508],[-331.508,0],[0,-331.508],[331.508,0]],"v":[[600.248,0],[0,600.248],[-600.248,0],[0,-600.248]]}}},{"ty":"fl","nm":"F","c":{"a":0,"k":[1,0.757,0.028]},"r":1,"o":{"a":0,"k":100}},{"ty":"tr","a":{"a":0,"k":[0,0]},"s":{"a":0,"k":[100,100]},"sk":{"a":0,"k":0},"p":{"a":0,"k":[600.498,600.498]},"r":{"a":0,"k":0},"sa":{"a":0,"k":0},"o":{"a":0,"k":100}}]},{"ty":"gr","nm":"G","it":[{"ty":"sh","nm":"P","d":1,"ks":{"a":0,"k":{"c":true,"i":[[0,-8.295],[8.295,0],[0,8.295],[-8.295,0]],"o":[[0,8.295],[-8.295,0],[0,-8.295],[8.295,0]],"v":[[15.02,0],[0,15.019],[-15.02,0],[0,-15.019]]}}},{"ty":"fl","nm":"F","c":{"a":0,"k":[0.122,0.153,0.2]},"r":1,"o":{"a":0,"k":100}},{"ty":"tr","a":{"a":0,"k":[0,0]},"s":{"a":0,"k":[100,100]},"sk":{"a":0,"k":0},"p":{"a":0,"k":[600.507,1232.778]},"r":{"a":0,"k":0},"sa":{"a":0,"k":0},"o":{"a":0,"k":100}}]},{"ty":"gr","nm":"G","it":[{"ty":"sh","nm":"P","d":1,"ks":{"a":0,"k":{"c":true,"i":[[0,-8.295],[8.295,0],[0,8.295],[-8.295,0]],"o":[[0,8.295],[-8.295,0],[0,-8.295],[8.295,0]],"v":[[15.02,0],[0,15.019],[-15.02,0],[0,-15.019]]}}},{"ty":"fl","nm":"F","c":{"a":0,"k":[0.122,0.153,0.2]},"r":1,"o":{"a":0,"k":100}},{"ty":"tr","a":{"a":0,"k":[0,0]},"s":{"a":0,"k":[100,100]},"sk":{"a":0,"k":0},"p":{"a":0,"k":[600.507,1339.999]},"r":{"a":0,"k":0},"sa":{"a":0,"k":0},"o":{"a":0,"k":100}}]},{"ty":"gr","nm":"G","it":[{"ty":"sh","nm":"P","d":1,"ks":{"a":0,"k":{"c":true,"i":[[0,-8.295],[8.295,0],[0,8.295],[-8.295,0]],"o":[[0,8.295],[-8.295,0],[0,-8.295],[8.295,0]],"v":[[15.02,0],[0,15.019],[-15.02,0],[0,-15.019]]}}},{"ty":"fl","nm":"F","c":{"a":0,"k":[0.122,0.153,0.2]},"r":1,"o":{"a":0,"k":100}},{"ty":"tr","a":{"a":0,"k":[0,0]},"s":{"a":0,"k":[100,100]},"sk":{"a":0,"k":0},"p":{"a":0,"k":[600.507,1444.951]},"r":{"a":0,"k":0},"sa":{"a":0,"k":0},"o":{"a":0,"k":100}}]},{"ty":"gr","nm":"G","it":[{"ty":"sh","nm":"P","d":1,"ks":{"a":0,"k":{"c":true,"i":[[7.674,0],[0,0],[0,7.674],[0,0],[0,0],[0,0]],"o":[[0,0],[-7.674,0],[0,0],[0,0],[0,0],[0,7.674]],"v":[[42.26,173.589],[-42.259,173.589],[-56.154,159.694],[-56.154,-173.589],[56.154,-173.589],[56.154,159.694]]}}},{"ty":"fl","nm":"F","c":{"a":0,"k":[0.161,0.196,0.255]},"r":1,"o":{"a":0,"k":100}},{"ty":"tr","a":{"a":0,"k":[0,0]},"s":{"a":0,"k":[100,100]},"sk":{"a":0,"k":0},"p":{"a":0,"k":[600.507,1339.999]},"r":{"a":0,"k":0},"sa":{"a":0,"k":0},"o":{"a":0,"k":100}}]},{"ty":"gr","nm":"G","it":[{"ty":"sh","nm":"P","d":1,"ks":{"a":0,"k":{"c":true,"i":[[0,-8.295],[-8.295,0],[0,8.295],[8.295,0]],"o":[[0,8.295],[8.295,0],[0,-8.295],[-8.295,0]],"v":[[-15.019,0],[-0.001,15.019],[15.019,0],[-0.001,-15.019]]}}},{"ty":"fl","nm":"F","c":{"a":0,"k":[0.122,0.153,0.2]},"r":1,"o":{"a":0,"k":100}},{"ty":"tr","a":{"a":0,"k":[0,0]},"s":{"a":0,"k":[100,100]},"sk":{"a":0,"k":0},"p":{"a":0,"k":[853.642,1224.418]},"r":{"a":0,"k":0},"sa":{"a":0,"k":0},"o":{"a":0,"k":100}}]},{"ty":"gr","nm":"G","it":[{"ty":"sh","nm":"P","d":1,"ks":{"a":0,"k":{"c":true,"i":[[0,-8.295],[-8.295,0],[0,8.295],[8.295,0]],"o":[[0,8.295],[8.295,0],[0,-8.295],[-8.295,0]],"v":[[-15.019,0],[-0.001,15.019],[15.019,0],[-0.001,-15.019]]}}},{"ty":"fl","nm":"F","c":{"a":0,"k":[0.122,0.153,0.2]},"r":1,"o":{"a":0,"k":100}},{"ty":"tr","a":{"a":0,"k":[0,0]},"s":{"a":0,"k":[100,100]},"sk":{"a":0,"k":0},"p":{"a":0,"k":[910.102,1352.114]},"r":{"a":0,"k":0},"sa":{"a":0,"k":0},"o":{"a":0,"k":100}}]},{"ty":"gr","nm":"G","it":[{"ty":"sh","nm":"P","d":1,"ks":{"a":0,"k":{"c":true,"i":[[0,-8.295],[-8.295,0],[0,8.295],[8.295,0]],"o":[[0,8.295],[8.295,0],[0,-8.295],[-8.295,0]],"v":[[-15.019,0],[-0.001,15.019],[15.019,0],[-0.001,-15.019]]}}},{"ty":"fl","nm":"F","c":{"a":0,"k":[0.122,0.153,0.2]},"r":1,"o":{"a":0,"k":100}},{"ty":"tr","a":{"a":0,"k":[0,0]},"s":{"a":0,"k":[100,100]},"sk":{"a":0,"k":0},"p":{"a":0,"k":[960.555,1464.79]},"r":{"a":0,"k":0},"sa":{"a":0,"k":0},"o":{"a":0,"k":100}}]},{"ty":"gr","nm":"G","it":[{"ty":"sh","nm":"P","d":1,"ks":{"a":0,"k":{"c":true,"i":[[0,0],[0,0],[9.978,0],[0,0],[2.178,5.134],[0,0]],"o":[[0,0],[3.935,9.17],[0,0],[-5.577,0],[0,0],[0,0]],"v":[[-34.403,-202.303],[130.896,182.928],[118.126,202.303],[27.762,202.303],[14.97,193.834],[-134.83,-159.267]]}}},{"ty":"fl","nm":"F","c":{"a":0,"k":[0.161,0.196,0.255]},"r":1,"o":{"a":0,"k":100}},{"ty":"tr","a":{"a":0,"k":[0,0]},"s":{"a":0,"k":[100,100]},"sk":{"a":0,"k":0},"p":{"a":0,"k":[898.834,1311.285]},"r":{"a":0,"k":0},"sa":{"a":0,"k":0},"o":{"a":0,"k":100}}]},{"ty":"gr","nm":"G","it":[{"ty":"sh","nm":"P","d":1,"ks":{"a":0,"k":{"c":true,"i":[[0,-8.295],[8.296,0],[0,8.295],[-8.295,0]],"o":[[0,8.295],[-8.295,0],[0,-8.295],[8.296,0]],"v":[[15.02,0],[0,15.019],[-15.02,0],[0,-15.019]]}}},{"ty":"fl","nm":"F","c":{"a":0,"k":[0.122,0.153,0.2]},"r":1,"o":{"a":0,"k":100}},{"ty":"tr","a":{"a":0,"k":[0,0]},"s":{"a":0,"k":[100,100]},"sk":{"a":0,"k":0},"p":{"a":0,"k":[347.372,1224.418]},"r":{"a":0,"k":0},"sa":{"a":0,"k":0},"o":{"a":0,"k":100}}]},{"ty":"gr","nm":"G","it":[{"ty":"sh","nm":"P","d":1,"ks":{"a":0,"k":{"c":true,"i":[[0,-8.295],[8.295,0],[0,8.295],[-8.295,0]],"o":[[0,8.295],[-8.295,0],[0,-8.295],[8.295,0]],"v":[[15.02,0],[0,15.019],[-15.02,0],[0,-15.019]]}}},{"ty":"fl","nm":"F","c":{"a":0,"k":[0.122,0.153,0.2]},"r":1,"o":{"a":0,"k":100}},{"ty":"tr","a":{"a":0,"k":[0,0]},"s":{"a":0,"k":[100,100]},"sk":{"a":0,"k":0},"p":{"a":0,"k":[290.911,1352.114]},"r":{"a":0,"k":0},"sa":{"a":0,"k":0},"o":{"a":0,"k":100}}]},{"ty":"gr","nm":"G","it":[{"ty":"sh","nm":"P","d":1,"ks":{"a":0,"k":{"c":true,"i":[[0,-8.295],[8.295,0],[0,8.295],[-8.295,0]],"o":[[0,8.295],[-8.295,0],[0,-8.295],[8.295,0]],"v":[[15.02,0],[0,15.019],[-15.02,0],[0,-15.019]]}}},{"ty":"fl","nm":"F","c":{"a":0,"k":[0.122,0.153,0.2]},"r":1,"o":{"a":0,"k":100}},{"ty":"tr","a":{"a":0,"k":[0,0]},"s":{"a":0,"k":[100,100]},"sk":{"a":0,"k":0},"p":{"a":0,"k":[240.458,1464.79]},"r":{"a":0,"k":0},"sa":{"a":0,"k":0},"o":{"a":0,"k":100}}]},{"ty":"gr","nm":"G","it":[{"ty":"sh","nm":"P","d":1,"ks":{"a":0,"k":{"c":true,"i":[[0,0],[0,0],[-9.978,0],[0,0],[-2.178,5.134],[0,0]],"o":[[0,0],[-3.935,9.17],[0,0],[5.576,0],[0,0],[0,0]],"v":[[34.404,-202.303],[-130.896,182.928],[-118.127,202.303],[-27.762,202.303],[-14.971,193.834],[134.831,-159.267]]}}},{"ty":"fl","nm":"F","c":{"a":0,"k":[0.161,0.196,0.255]},"r":1,"o":{"a":0,"k":100}},{"ty":"tr","a":{"a":0,"k":[0,0]},"s":{"a":0,"k":[100,100]},"sk":{"a":0,"k":0},"p":{"a":0,"k":[302.18,1311.285]},"r":{"a":0,"k":0},"sa":{"a":0,"k":0},"o":{"a":0,"k":100}}]}],"ind":2},{"ty":4,"nm":"L","sr":1,"st":0,"op":156,"ip":0,"hasMask":false,"ao":0,"ks":{"a":{"a":0,"k":[1150.25,67.275,0]},"s":{"a":0,"k":[100,100,100]},"sk":{"a":0,"k":0},"p":{"a":0,"k":[1150,1868.597,0]},"r":{"a":0,"k":0},"sa":{"a":0,"k":0},"o":{"a":0,"k":100}},"ef":[],"shapes":[{"ty":"gr","nm":"G","it":[{"ty":"sh","nm":"P","d":1,"ks":{"a":0,"k":{"c":true,"i":[[0,-37.017],[635.127,0],[0,37.017],[-635.127,0]],"o":[[0,37.017],[-635.127,0],[0,-37.017],[635.127,0]],"v":[[1150,0],[0,67.025],[-1150,0],[0,-67.025]]}}},{"ty":"fl","nm":"F","c":{"a":0,"k":[0.918,0.918,0.918]},"r":1,"o":{"a":0,"k":100}},{"ty":"tr","a":{"a":0,"k":[0,0]},"s":{"a":0,"k":[100,100]},"sk":{"a":0,"k":0},"p":{"a":0,"k":[1150.25,67.275]},"r":{"a":0,"k":0},"sa":{"a":0,"k":0},"o":{"a":0,"k":100}}]}],"ind":3}],"v":"5.9.0","fr":29.97,"op":155,"ip":0,"assets":[]}