{"nm":"7","h":1080,"w":1920,"meta":{"g":"@lottiefiles/toolkit-js 0.33.2"},"layers":[{"ty":4,"nm":"L","sr":1,"st":0,"op":180,"ip":0,"hasMask":false,"ao":0,"ks":{"a":{"a":0,"k":[203.369,177.081,0]},"s":{"a":0,"k":[100,100,100]},"sk":{"a":0,"k":0},"p":{"a":0,"k":[223.327,252.946,0]},"r":{"a":0,"k":0},"sa":{"a":0,"k":0},"o":{"a":0,"k":100}},"ef":[],"shapes":[{"ty":"gr","nm":"G","it":[{"ty":"sh","nm":"P","d":1,"ks":{"a":0,"k":{"c":true,"i":[[28.187,26.082],[-29.652,-24.358],[-29.457,-24.587],[-28.835,-25.319],[-28.181,-26.091],[29.655,24.354],[29.444,24.604],[28.822,25.335]],"o":[[30.299,23.596],[29.666,24.342],[29.043,25.075],[28.831,25.325],[-30.308,-23.586],[-29.652,-24.359],[-29.03,-25.09],[-28.834,-25.321]],"v":[[-175.462,-149.033],[-85.772,-76.823],[2.556,-3.009],[89.699,72.198],[175.462,149.034],[85.762,76.835],[-2.557,3.01],[-89.691,-72.209]]}}},{"ty":"fl","nm":"F","c":{"a":0,"k":[1,1,1]},"r":1,"o":{"a":0,"k":100}},{"ty":"tr","a":{"a":0,"k":[0,0]},"s":{"a":0,"k":[100,100]},"sk":{"a":0,"k":0},"p":{"a":0,"k":[231.025,204.879]},"r":{"a":0,"k":0},"sa":{"a":0,"k":0},"o":{"a":0,"k":100}}]},{"ty":"gr","nm":"G","it":[{"ty":"sh","nm":"P","d":1,"ks":{"a":0,"k":{"c":true,"i":[[-7.252,8.539],[-81.987,-69.638],[0,0],[81.988,69.639]],"o":[[7.252,-8.539],[81.987,69.639],[0,0],[-81.987,-69.638]],"v":[[-162.01,-136.418],[-10.383,-34.244],[169.262,144.957],[-36.647,-3.323]]}}},{"ty":"fl","nm":"F","c":{"a":0,"k":[0.828,0.631,0.098]},"r":1,"o":{"a":0,"k":100}},{"ty":"tr","a":{"a":0,"k":[0,0]},"s":{"a":0,"k":[100,100]},"sk":{"a":0,"k":0},"p":{"a":0,"k":[237.225,208.955]},"r":{"a":0,"k":0},"sa":{"a":0,"k":0},"o":{"a":0,"k":100}}]},{"ty":"gr","nm":"G","it":[{"ty":"sh","nm":"P","d":1,"ks":{"a":0,"k":{"c":true,"i":[[0,0],[0,0],[0,0],[0,0]],"o":[[0,0],[0,0],[0,0],[0,0]],"v":[[-0.422,26.255],[-54.891,-20.009],[0.422,-26.255],[54.891,20.01]]}}},{"ty":"fl","nm":"F","c":{"a":0,"k":[0.828,0.631,0.098]},"r":1,"o":{"a":0,"k":100}},{"ty":"tr","a":{"a":0,"k":[0,0]},"s":{"a":0,"k":[100,100]},"sk":{"a":0,"k":0},"p":{"a":0,"k":[55.141,82.101]},"r":{"a":0,"k":0},"sa":{"a":0,"k":0},"o":{"a":0,"k":100}}]},{"ty":"gr","nm":"G","it":[{"ty":"sh","nm":"P","d":1,"ks":{"a":0,"k":{"c":true,"i":[[0,0],[0,0],[0,0],[0,0]],"o":[[0,0],[0,0],[0,0],[0,0]],"v":[[25.841,-4.666],[-28.628,-50.93],[-25.841,4.666],[28.628,50.93]]}}},{"ty":"fl","nm":"F","c":{"a":0,"k":[0.828,0.631,0.098]},"r":1,"o":{"a":0,"k":100}},{"ty":"tr","a":{"a":0,"k":[0,0]},"s":{"a":0,"k":[100,100]},"sk":{"a":0,"k":0},"p":{"a":0,"k":[81.405,51.18]},"r":{"a":0,"k":0},"sa":{"a":0,"k":0},"o":{"a":0,"k":100}}]}],"ind":1,"parent":12},{"ty":4,"nm":"L","sr":1,"st":0,"op":180,"ip":0,"hasMask":false,"ao":0,"ks":{"a":{"a":0,"k":[227.13,140.775,0]},"s":{"a":0,"k":[100,100,100]},"sk":{"a":0,"k":0},"p":{"a":0,"k":[64.823,715.102,0]},"r":{"a":0,"k":0},"sa":{"a":0,"k":0},"o":{"a":0,"k":100}},"ef":[],"shapes":[{"ty":"gr","nm":"G","it":[{"ty":"sh","nm":"P","d":1,"ks":{"a":0,"k":{"c":true,"i":[[34.187,-17.495],[-33.072,19.463],[-33.22,19.201],[-33.693,18.366],[-34.193,17.484],[33.069,-19.468],[33.231,-19.183],[33.704,-18.348]],"o":[[32.58,-20.332],[33.063,-19.481],[33.536,-18.644],[33.698,-18.359],[-32.573,20.344],[-33.074,19.461],[-33.546,18.626],[-33.696,18.364]],"v":[[-200.299,113.482],[-101.642,54.108],[-1.947,-3.436],[98.65,-59.387],[200.299,-113.482],[101.649,-54.095],[1.946,3.436],[-98.657,59.375]]}}},{"ty":"fl","nm":"F","c":{"a":0,"k":[1,1,1]},"r":1,"o":{"a":0,"k":100}},{"ty":"tr","a":{"a":0,"k":[0,0]},"s":{"a":0,"k":[100,100]},"sk":{"a":0,"k":0},"p":{"a":0,"k":[253.71,113.732]},"r":{"a":0,"k":0},"sa":{"a":0,"k":0},"o":{"a":0,"k":100}}]},{"ty":"gr","nm":"G","it":[{"ty":"sh","nm":"P","d":1,"ks":{"a":0,"k":{"c":true,"i":[[5.522,9.746],[-93.593,53.026],[0,0],[93.593,-53.027]],"o":[[-5.523,-9.747],[93.592,-53.025],[0,0],[-93.592,53.026]],"v":[[-186.321,102.255],[-38.22,-4.968],[191.844,-112.001],[-18.223,30.329]]}}},{"ty":"fl","nm":"F","c":{"a":0,"k":[0.828,0.631,0.098]},"r":1,"o":{"a":0,"k":100}},{"ty":"tr","a":{"a":0,"k":[0,0]},"s":{"a":0,"k":[100,100]},"sk":{"a":0,"k":0},"p":{"a":0,"k":[262.165,112.251]},"r":{"a":0,"k":0},"sa":{"a":0,"k":0},"o":{"a":0,"k":100}}]},{"ty":"gr","nm":"G","it":[{"ty":"sh","nm":"P","d":1,"ks":{"a":0,"k":{"c":true,"i":[[0,0],[0,0],[0,0],[0,0]],"o":[[0,0],[0,0],[0,0],[0,0]],"v":[[24.508,9.428],[-37.672,44.658],[-24.507,-9.428],[37.672,-44.658]]}}},{"ty":"fl","nm":"F","c":{"a":0,"k":[0.828,0.631,0.098]},"r":1,"o":{"a":0,"k":100}},{"ty":"tr","a":{"a":0,"k":[0,0]},"s":{"a":0,"k":[100,100]},"sk":{"a":0,"k":0},"p":{"a":0,"k":[77.918,236.643]},"r":{"a":0,"k":0},"sa":{"a":0,"k":0},"o":{"a":0,"k":100}}]},{"ty":"gr","nm":"G","it":[{"ty":"sh","nm":"P","d":1,"ks":{"a":0,"k":{"c":true,"i":[[0,0],[0,0],[0,0],[0,0]],"o":[[0,0],[0,0],[0,0],[0,0]],"v":[[4.509,-25.869],[-57.67,9.359],[-4.509,25.869],[57.67,-9.36]]}}},{"ty":"fl","nm":"F","c":{"a":0,"k":[0.828,0.631,0.098]},"r":1,"o":{"a":0,"k":100}},{"ty":"tr","a":{"a":0,"k":[0,0]},"s":{"a":0,"k":[100,100]},"sk":{"a":0,"k":0},"p":{"a":0,"k":[57.92,201.346]},"r":{"a":0,"k":0},"sa":{"a":0,"k":0},"o":{"a":0,"k":100}}]}],"ind":2,"parent":12},{"ty":4,"nm":"L","sr":1,"st":0,"op":180,"ip":0,"hasMask":false,"ao":0,"ks":{"a":{"a":0,"k":[96.96,97.035,0]},"s":{"a":1,"k":[{"o":{"x":0.333,"y":0},"i":{"x":0.667,"y":1},"s":[0,0,100],"t":20},{"o":{"x":0.333,"y":0},"i":{"x":0.667,"y":1},"s":[110,110,100],"t":30},{"s":[100,100,100],"t":40}]},"sk":{"a":0,"k":0},"p":{"a":0,"k":[624.06,577.337,0]},"r":{"a":1,"k":[{"o":{"x":0.167,"y":0.167},"i":{"x":0.833,"y":0.833},"s":[0],"t":40},{"s":[720],"t":179}]},"sa":{"a":0,"k":0},"o":{"a":0,"k":100}},"ef":[],"shapes":[{"ty":"gr","nm":"G","it":[{"ty":"sh","nm":"P","d":1,"ks":{"a":0,"k":{"c":true,"i":[[0,0],[31.024,0],[2.978,50.815],[0,0]],"o":[[-17.718,22.731],[-51.53,0],[0,0],[0,0]],"v":[[86.494,8.199],[10.159,45.556],[-86.494,-45.556],[8.388,-45.556]]}}},{"ty":"fl","nm":"F","c":{"a":0,"k":[0.973,0.737,0.098]},"r":1,"o":{"a":0,"k":100}},{"ty":"tr","a":{"a":0,"k":[0,0]},"s":{"a":0,"k":[100,100]},"sk":{"a":0,"k":0},"p":{"a":0,"k":[86.744,148.264]},"r":{"a":0,"k":0},"sa":{"a":0,"k":0},"o":{"a":0,"k":100}}]},{"ty":"gr","nm":"G","it":[{"ty":"sh","nm":"P","d":1,"ks":{"a":0,"k":{"c":true,"i":[[0,-31.929],[8.896,-14.626],[0,0],[0,0]],"o":[[0,18.358],[0,0],[0,0],[23.899,17.604]],"v":[[44.52,13.891],[30.534,63.989],[-44.52,12.383],[5.127,-63.989]]}}},{"ty":"fl","nm":"F","c":{"a":0,"k":[0.828,0.631,0.098]},"r":1,"o":{"a":0,"k":100}},{"ty":"tr","a":{"a":0,"k":[0,0]},"s":{"a":0,"k":[100,100]},"sk":{"a":0,"k":0},"p":{"a":0,"k":[149.15,83.125]},"r":{"a":0,"k":0},"sa":{"a":0,"k":0},"o":{"a":0,"k":100}}]},{"ty":"gr","nm":"G","it":[{"ty":"sh","nm":"P","d":1,"ks":{"a":0,"k":{"c":true,"i":[[-14.136,-8.105],[0,0],[0,0],[-51.569,0]],"o":[[0,0],[0,0],[2.94,-50.814],[17.414,0]],"v":[[72.283,-32.834],[21.279,45.574],[-72.283,45.574],[24.371,-45.574]]}}},{"ty":"fl","nm":"F","c":{"a":0,"k":[0.973,0.737,0.098]},"r":1,"o":{"a":0,"k":100}},{"ty":"tr","a":{"a":0,"k":[0,0]},"s":{"a":0,"k":[100,100]},"sk":{"a":0,"k":0},"p":{"a":0,"k":[72.533,45.825]},"r":{"a":0,"k":0},"sa":{"a":0,"k":0},"o":{"a":0,"k":100}}]}],"ind":3},{"ty":4,"nm":"L","sr":1,"st":0,"op":180,"ip":0,"hasMask":false,"ao":0,"ks":{"a":{"a":0,"k":[30.874,30.874,0]},"s":{"a":1,"k":[{"o":{"x":0.333,"y":0},"i":{"x":0.667,"y":1},"s":[0,0,100],"t":40},{"o":{"x":0.333,"y":0},"i":{"x":0.667,"y":1},"s":[110,110,100],"t":50},{"s":[100,100,100],"t":60}]},"sk":{"a":0,"k":0},"p":{"a":0,"k":[584.429,790.407,0]},"r":{"a":0,"k":0},"sa":{"a":0,"k":0},"o":{"a":0,"k":100}},"ef":[],"shapes":[{"ty":"gr","nm":"G","it":[{"ty":"sh","nm":"P","d":1,"ks":{"a":0,"k":{"c":false,"i":[[0,0],[0,0],[0,0]],"o":[[0,0],[0,0],[0,0]],"v":[[-14.632,3.178],[-7.665,10.929],[14.632,-10.929]]}}},{"ty":"st","nm":"S","lc":2,"lj":2,"ml":1,"o":{"a":0,"k":100},"w":{"a":0,"k":2.218},"c":{"a":0,"k":[1,1,1]}},{"ty":"tr","a":{"a":0,"k":[0,0]},"s":{"a":0,"k":[100,100]},"sk":{"a":0,"k":0},"p":{"a":0,"k":[30.874,30.875]},"r":{"a":0,"k":0},"sa":{"a":0,"k":0},"o":{"a":0,"k":100}}]},{"ty":"gr","nm":"G","it":[{"ty":"sh","nm":"P","d":1,"ks":{"a":0,"k":{"c":true,"i":[[4.78,0],[0,0],[0,4.78],[0,0],[-4.781,0],[0,0],[0,-4.78],[0,0]],"o":[[0,0],[-4.781,0],[0,0],[0,-4.78],[0,0],[4.78,0],[0,0],[0,4.78]],"v":[[21.969,30.624],[-21.969,30.624],[-30.624,21.969],[-30.624,-21.969],[-21.969,-30.624],[21.969,-30.624],[30.624,-21.969],[30.624,21.969]]}}},{"ty":"fl","nm":"F","c":{"a":0,"k":[0.973,0.737,0.098]},"r":1,"o":{"a":0,"k":100}},{"ty":"tr","a":{"a":0,"k":[0,0]},"s":{"a":0,"k":[100,100]},"sk":{"a":0,"k":0},"p":{"a":0,"k":[30.874,30.875]},"r":{"a":0,"k":0},"sa":{"a":0,"k":0},"o":{"a":0,"k":100}}]}],"ind":4},{"ty":4,"nm":"L","sr":1,"st":0,"op":180,"ip":0,"hasMask":false,"ao":0,"ks":{"a":{"a":0,"k":[51.825,51.824,0]},"s":{"a":0,"k":[100,100,100]},"sk":{"a":0,"k":0},"p":{"a":0,"k":[624.829,266.902,0]},"r":{"a":1,"k":[{"o":{"x":0.167,"y":0.167},"i":{"x":0.833,"y":0.833},"s":[0],"t":0},{"s":[-1080],"t":179}]},"sa":{"a":0,"k":0},"o":{"a":0,"k":100}},"ef":[],"shapes":[{"ty":"gr","nm":"G","it":[{"ty":"sh","nm":"P","d":1,"ks":{"a":0,"k":{"c":true,"i":[[10.757,0],[0,10.755],[-10.756,0],[0,-10.757]],"o":[[-10.756,0],[0,-10.757],[10.757,0],[0,10.755]],"v":[[0.001,19.46],[-19.459,0.001],[0.001,-19.459],[19.46,0.001]]}}},{"ty":"sh","nm":"P","d":1,"ks":{"a":0,"k":{"c":true,"i":[[2.159,0],[0,0],[0.514,1.588],[0.868,1.701],[-1.182,1.182],[0,0],[1.526,1.527],[0,0],[1.526,-1.527],[0,0],[1.488,0.76],[1.844,0.597],[0,1.669],[0,0],[2.159,0],[0,0],[0,-2.16],[0,0],[1.588,-0.514],[1.701,-0.869],[1.183,1.181],[0,0],[1.526,-1.527],[0,0],[-1.526,-1.527],[0,0],[0.761,-1.488],[0.596,-1.843],[1.668,0],[0,0],[0,-2.159],[0,0],[-2.159,0],[0,0],[-0.514,-1.588],[-0.868,-1.701],[1.181,-1.182],[0,0],[-1.527,-1.527],[0,0],[-1.526,1.527],[0,0],[-1.489,-0.761],[-1.843,-0.596],[0,-1.67],[0,0],[-2.159,0],[0,0],[0,2.159],[0,0],[-1.588,0.514],[-1.702,0.87],[-1.181,-1.181],[0,0],[-1.526,1.527],[0,0],[1.527,1.526],[0,0],[-0.761,1.489],[-0.597,1.843],[-1.67,0],[0,0],[0,2.159],[0,0]],"o":[[0,0],[-1.67,0],[-0.596,-1.843],[-0.761,-1.489],[0,0],[1.527,-1.527],[0,0],[-1.527,-1.527],[0,0],[-1.181,1.182],[-1.702,-0.87],[-1.588,-0.514],[0,0],[0,-2.16],[0,0],[-2.159,0],[0,0],[0,1.67],[-1.843,0.596],[-1.489,0.76],[0,0],[-1.526,-1.527],[0,0],[-1.526,1.526],[0,0],[1.181,1.182],[-0.868,1.701],[-0.514,1.589],[0,0],[-2.159,0],[0,0],[0,2.159],[0,0],[1.668,0],[0.596,1.843],[0.761,1.488],[0,0],[-1.527,1.527],[0,0],[1.526,1.527],[0,0],[1.183,-1.182],[1.701,0.869],[1.588,0.514],[0,0],[0,2.159],[0,0],[2.159,0],[0,0],[0,-1.669],[1.844,-0.597],[1.488,-0.76],[0,0],[1.526,1.527],[0,0],[1.526,-1.526],[0,0],[-1.182,-1.182],[0.868,-1.701],[0.513,-1.588],[0,0],[2.159,0],[0,0],[0,-2.159]],"v":[[47.665,-8.596],[38.351,-8.596],[34.665,-11.238],[32.462,-16.559],[33.197,-21.038],[39.783,-27.624],[39.783,-33.153],[33.156,-39.781],[27.629,-39.781],[21.039,-33.195],[16.561,-32.459],[11.238,-34.664],[8.595,-38.35],[8.595,-47.664],[4.686,-51.574],[-4.686,-51.574],[-8.595,-47.664],[-8.595,-38.35],[-11.238,-34.663],[-16.561,-32.459],[-21.04,-33.194],[-27.626,-39.78],[-33.155,-39.78],[-39.78,-33.154],[-39.78,-27.625],[-33.194,-21.039],[-32.46,-16.56],[-34.663,-11.239],[-38.348,-8.596],[-47.665,-8.596],[-51.574,-4.686],[-51.574,4.686],[-47.665,8.596],[-38.348,8.596],[-34.663,11.239],[-32.46,16.561],[-33.194,21.04],[-39.78,27.627],[-39.78,33.156],[-33.155,39.781],[-27.626,39.781],[-21.04,33.195],[-16.561,32.46],[-11.238,34.664],[-8.595,38.351],[-8.595,47.664],[-4.686,51.574],[4.686,51.574],[8.595,47.664],[8.595,38.351],[11.238,34.665],[16.561,32.46],[21.039,33.195],[27.629,39.783],[33.156,39.782],[39.783,33.154],[39.783,27.626],[33.197,21.039],[32.462,16.56],[34.665,11.239],[38.351,8.596],[47.665,8.596],[51.574,4.686],[51.574,-4.686]]}}},{"ty":"mm","nm":"M","mm":1},{"ty":"fl","nm":"F","c":{"a":0,"k":[0.828,0.631,0.098]},"r":1,"o":{"a":0,"k":100}},{"ty":"tr","a":{"a":0,"k":[0,0]},"s":{"a":0,"k":[100,100]},"sk":{"a":0,"k":0},"p":{"a":0,"k":[51.825,51.824]},"r":{"a":0,"k":0},"sa":{"a":0,"k":0},"o":{"a":0,"k":100}}]}],"ind":5},{"ty":4,"nm":"L","sr":1,"st":0,"op":180,"ip":0,"hasMask":false,"ao":0,"ks":{"a":{"a":0,"k":[82.163,82.162,0]},"s":{"a":0,"k":[100,100,100]},"sk":{"a":0,"k":0},"p":{"a":0,"k":[491.341,204.709,0]},"r":{"a":1,"k":[{"o":{"x":0.167,"y":0.167},"i":{"x":0.833,"y":0.833},"s":[0],"t":0},{"s":[720],"t":179}]},"sa":{"a":0,"k":0},"o":{"a":0,"k":100}},"ef":[],"shapes":[{"ty":"gr","nm":"G","it":[{"ty":"sh","nm":"P","d":1,"ks":{"a":0,"k":{"c":true,"i":[[17.084,0],[0,17.083],[-17.083,0],[0,-17.083]],"o":[[-17.083,0],[0,-17.083],[17.084,0],[0,17.083]],"v":[[0.002,30.907],[-30.904,0],[0.002,-30.906],[30.909,0]]}}},{"ty":"sh","nm":"P","d":1,"ks":{"a":0,"k":{"c":true,"i":[[3.43,0],[0,0],[0.817,2.522],[1.38,2.702],[-1.877,1.877],[0,0],[2.425,2.425],[0,0],[2.425,-2.425],[0,0],[2.363,1.207],[2.929,0.948],[0,2.651],[0,0],[3.43,0],[0,0],[0,-3.43],[0,0],[2.522,-0.816],[2.702,-1.38],[1.877,1.876],[0,0],[2.424,-2.425],[0,0],[-2.425,-2.425],[0,0],[1.209,-2.364],[0.946,-2.927],[2.65,0],[0,0],[0,-3.429],[0,0],[-3.429,0],[0,0],[-0.817,-2.522],[-1.379,-2.701],[1.876,-1.878],[0,0],[-2.426,-2.425],[0,0],[-2.424,2.425],[0,0],[-2.364,-1.208],[-2.927,-0.948],[0,-2.651],[0,0],[-3.43,0],[0,0],[0,3.429],[0,0],[-2.522,0.817],[-2.702,1.38],[-1.877,-1.877],[0,0],[-2.425,2.425],[0,0],[2.426,2.425],[0,0],[-1.207,2.364],[-0.948,2.928],[-2.652,0],[0,0],[0,3.429],[0,0]],"o":[[0,0],[-2.651,0],[-0.948,-2.927],[-1.207,-2.364],[0,0],[2.426,-2.425],[0,0],[-2.426,-2.426],[0,0],[-1.877,1.877],[-2.703,-1.381],[-2.522,-0.816],[0,0],[0,-3.43],[0,0],[-3.43,0],[0,0],[0,2.651],[-2.927,0.947],[-2.364,1.208],[0,0],[-2.424,-2.426],[0,0],[-2.425,2.424],[0,0],[1.876,1.878],[-1.379,2.701],[-0.817,2.522],[0,0],[-3.429,0],[0,0],[0,3.429],[0,0],[2.65,0],[0.946,2.928],[1.209,2.364],[0,0],[-2.426,2.425],[0,0],[2.424,2.425],[0,0],[1.877,-1.878],[2.702,1.38],[2.522,0.816],[0,0],[0,3.429],[0,0],[3.43,0],[0,0],[0,-2.65],[2.929,-0.946],[2.364,-1.208],[0,0],[2.425,2.425],[0,0],[2.425,-2.425],[0,0],[-1.877,-1.877],[1.38,-2.701],[0.816,-2.522],[0,0],[3.43,0],[0,0],[0,-3.429]],"v":[[75.703,-13.653],[60.911,-13.653],[55.057,-17.849],[51.557,-26.3],[52.724,-33.414],[63.185,-43.875],[63.187,-52.656],[52.662,-63.182],[43.88,-63.184],[33.417,-52.721],[26.305,-51.554],[17.85,-55.055],[13.652,-60.911],[13.652,-75.703],[7.443,-81.912],[-7.442,-81.912],[-13.652,-75.703],[-13.652,-60.909],[-17.849,-55.055],[-26.302,-51.554],[-33.416,-52.721],[-43.876,-63.18],[-52.658,-63.182],[-63.18,-52.658],[-63.18,-43.877],[-52.719,-33.417],[-51.553,-26.302],[-55.052,-17.849],[-60.908,-13.653],[-75.703,-13.653],[-81.912,-7.443],[-81.912,7.443],[-75.703,13.653],[-60.908,13.653],[-55.052,17.849],[-51.553,26.302],[-52.719,33.417],[-63.18,43.878],[-63.18,52.659],[-52.658,63.182],[-43.876,63.182],[-33.416,52.722],[-26.302,51.555],[-17.849,55.055],[-13.652,60.911],[-13.652,75.703],[-7.442,81.912],[7.443,81.912],[13.652,75.703],[13.652,60.911],[17.85,55.055],[26.303,51.555],[33.417,52.722],[43.88,63.185],[52.662,63.185],[63.187,52.657],[63.185,43.877],[52.724,33.416],[51.557,26.302],[55.057,17.849],[60.912,13.653],[75.703,13.653],[81.912,7.443],[81.912,-7.443]]}}},{"ty":"mm","nm":"M","mm":1},{"ty":"fl","nm":"F","c":{"a":0,"k":[0.973,0.737,0.098]},"r":1,"o":{"a":0,"k":100}},{"ty":"tr","a":{"a":0,"k":[0,0]},"s":{"a":0,"k":[100,100]},"sk":{"a":0,"k":0},"p":{"a":0,"k":[82.162,82.163]},"r":{"a":0,"k":0},"sa":{"a":0,"k":0},"o":{"a":0,"k":100}}]}],"ind":6},{"ty":4,"nm":"L","sr":1,"st":0,"op":180,"ip":0,"hasMask":false,"ao":0,"ks":{"a":{"a":0,"k":[32.104,32.104,0]},"s":{"a":0,"k":[100,100,100]},"sk":{"a":0,"k":0},"p":{"a":0,"k":[552.777,97.943,0]},"r":{"a":1,"k":[{"o":{"x":0.167,"y":0.167},"i":{"x":0.833,"y":0.833},"s":[0],"t":0},{"s":[-1080],"t":179}]},"sa":{"a":0,"k":0},"o":{"a":0,"k":100}},"ef":[],"shapes":[{"ty":"gr","nm":"G","it":[{"ty":"sh","nm":"P","d":1,"ks":{"a":0,"k":{"c":true,"i":[[6.644,0],[0,6.644],[-6.643,0],[0,-6.643]],"o":[[-6.643,0],[0,-6.643],[6.644,0],[0,6.644]],"v":[[0.001,12.019],[-12.018,0],[0.001,-12.019],[12.02,0]]}}},{"ty":"sh","nm":"P","d":1,"ks":{"a":0,"k":{"c":true,"i":[[1.334,0],[0,0],[0.317,0.98],[0.536,1.05],[-0.73,0.73],[0,0],[0.943,0.943],[0,0],[0.942,-0.943],[0,0],[0.918,0.469],[1.139,0.368],[0,1.031],[0,0],[1.334,0],[0,0],[0,-1.333],[0,0],[0.981,-0.317],[1.051,-0.537],[0.73,0.73],[0,0],[0.943,-0.943],[0,0],[-0.943,-0.943],[0,0],[0.47,-0.92],[0.368,-1.138],[1.03,0],[0,0],[0,-1.333],[0,0],[-1.334,0],[0,0],[-0.317,-0.981],[-0.536,-1.05],[0.73,-0.73],[0,0],[-0.943,-0.943],[0,0],[-0.943,0.943],[0,0],[-0.919,-0.469],[-1.138,-0.369],[0,-1.031],[0,0],[-1.334,0],[0,0],[0,1.334],[0,0],[-0.981,0.317],[-1.051,0.536],[-0.73,-0.73],[0,0],[-0.943,0.943],[0,0],[0.943,0.944],[0,0],[-0.47,0.919],[-0.368,1.138],[-1.031,0],[0,0],[0,1.334],[0,0]],"o":[[0,0],[-1.031,0],[-0.369,-1.139],[-0.47,-0.919],[0,0],[0.943,-0.943],[0,0],[-0.943,-0.943],[0,0],[-0.73,0.73],[-1.052,-0.537],[-0.981,-0.317],[0,0],[0,-1.333],[0,0],[-1.334,0],[0,0],[0,1.031],[-1.138,0.369],[-0.919,0.469],[0,0],[-0.943,-0.943],[0,0],[-0.943,0.943],[0,0],[0.73,0.73],[-0.536,1.05],[-0.317,0.981],[0,0],[-1.334,0],[0,0],[0,1.334],[0,0],[1.03,0],[0.368,1.139],[0.47,0.92],[0,0],[-0.943,0.943],[0,0],[0.943,0.943],[0,0],[0.73,-0.731],[1.051,0.537],[0.981,0.317],[0,0],[0,1.334],[0,0],[1.334,0],[0,0],[0,-1.031],[1.139,-0.368],[0.919,-0.47],[0,0],[0.942,0.943],[0,0],[0.943,-0.943],[0,0],[-0.73,-0.731],[0.536,-1.051],[0.317,-0.981],[0,0],[1.334,0],[0,0],[0,-1.333]],"v":[[29.44,-5.309],[23.688,-5.309],[21.411,-6.941],[20.049,-10.228],[20.504,-12.994],[24.572,-17.062],[24.572,-20.477],[20.479,-24.571],[17.065,-24.571],[12.996,-20.503],[10.229,-20.048],[6.942,-21.41],[5.309,-23.687],[5.309,-29.44],[2.895,-31.854],[-2.894,-31.854],[-5.31,-29.44],[-5.31,-23.687],[-6.941,-21.41],[-10.228,-20.048],[-12.995,-20.502],[-17.062,-24.57],[-20.477,-24.57],[-24.569,-20.478],[-24.569,-17.063],[-20.501,-12.995],[-20.048,-10.228],[-21.409,-6.942],[-23.685,-5.309],[-29.439,-5.309],[-31.854,-2.895],[-31.854,2.894],[-29.439,5.309],[-23.685,5.309],[-21.409,6.941],[-20.048,10.228],[-20.501,12.995],[-24.569,17.063],[-24.569,20.478],[-20.477,24.57],[-17.062,24.57],[-12.995,20.503],[-10.228,20.048],[-6.941,21.41],[-5.31,23.687],[-5.31,29.439],[-2.894,31.854],[2.895,31.854],[5.309,29.439],[5.309,23.687],[6.942,21.41],[10.229,20.049],[12.996,20.503],[17.065,24.571],[20.479,24.571],[24.572,20.477],[24.572,17.062],[20.504,12.995],[20.049,10.228],[21.411,6.941],[23.688,5.309],[29.44,5.309],[31.854,2.894],[31.854,-2.895]]}}},{"ty":"mm","nm":"M","mm":1},{"ty":"fl","nm":"F","c":{"a":0,"k":[0.828,0.631,0.098]},"r":1,"o":{"a":0,"k":100}},{"ty":"tr","a":{"a":0,"k":[0,0]},"s":{"a":0,"k":[100,100]},"sk":{"a":0,"k":0},"p":{"a":0,"k":[32.104,32.104]},"r":{"a":0,"k":0},"sa":{"a":0,"k":0},"o":{"a":0,"k":100}}]}],"ind":7},{"ty":4,"nm":"L","sr":1,"st":0,"op":180,"ip":0,"hasMask":false,"ao":0,"ks":{"a":{"a":0,"k":[122.48,88.062,0]},"s":{"a":1,"k":[{"o":{"x":0.333,"y":0},"i":{"x":0.667,"y":1},"s":[0,0,100],"t":0},{"o":{"x":0.333,"y":0},"i":{"x":0.667,"y":1},"s":[110,110,100],"t":10},{"s":[100,100,100],"t":20}]},"sk":{"a":0,"k":0},"p":{"a":0,"k":[339.708,436.739,0]},"r":{"a":0,"k":0},"sa":{"a":0,"k":0},"o":{"a":0,"k":100}},"ef":[],"shapes":[{"ty":"gr","nm":"G","it":[{"ty":"sh","nm":"P","d":1,"ks":{"a":0,"k":{"c":true,"i":[[9.614,0],[0,0.992],[-0.991,0],[-4.199,5.741],[-9.614,0],[-4.239,10.224],[-9.902,0],[-3.175,-6.904],[-7.552,0],[-5.025,16.204],[-10.026,0],[-4.531,-8.187],[-7.646,0],[-4.213,7.612],[-9.763,0],[0,-0.992],[0.991,0],[4.212,-7.612],[9.763,0],[4.531,8.187],[7.646,0],[5.026,-16.204],[10.026,0],[3.175,6.904],[7.552,0],[4.239,-10.224],[9.902,0],[4.199,-5.742]],"o":[[-0.991,0],[0,-0.992],[7.791,0],[4.331,-5.924],[7.504,0],[4.504,-10.862],[9.853,0],[3.118,6.779],[7.38,0],[5.917,-19.078],[9.762,0],[4.213,7.612],[7.646,0],[4.531,-8.187],[0.991,0],[0,0.993],[-7.647,0],[-4.532,8.187],[-9.762,0],[-4.213,-7.612],[-7.381,0],[-5.916,19.078],[-9.853,0],[-3.118,-6.78],[-7.504,0],[-4.505,10.863],[-7.791,0],[-4.331,5.923]],"v":[[-104.44,56.837],[-106.236,55.042],[-104.44,53.247],[-88.484,42.081],[-69.631,29.445],[-53.882,9.564],[-34.818,-12.53],[-18.192,2.196],[-4.829,14.831],[13.273,-19.739],[34.806,-56.837],[53.785,-40.184],[69.623,-25.382],[85.461,-40.184],[104.441,-56.837],[106.236,-55.042],[104.441,-53.246],[88.603,-38.445],[69.623,-21.792],[50.644,-38.445],[34.806,-53.246],[16.703,-18.677],[-4.829,18.421],[-21.455,3.695],[-34.818,-8.94],[-50.566,10.94],[-69.631,33.035],[-85.587,44.201]]}}},{"ty":"fl","nm":"F","c":{"a":0,"k":[1,1,1]},"r":1,"o":{"a":0,"k":100}},{"ty":"tr","a":{"a":0,"k":[0,0]},"s":{"a":0,"k":[100,100]},"sk":{"a":0,"k":0},"p":{"a":0,"k":[122.481,98.798]},"r":{"a":0,"k":0},"sa":{"a":0,"k":0},"o":{"a":0,"k":100}}]},{"ty":"gr","nm":"G","it":[{"ty":"sh","nm":"P","d":1,"ks":{"a":0,"k":{"c":true,"i":[[7.085,0],[0,0],[0,7.085],[0,0],[-7.085,0],[0,0],[0,-7.086],[0,0]],"o":[[0,0],[-7.085,0],[0,0],[0,-7.086],[0,0],[7.085,0],[0,0],[0,7.085]],"v":[[109.402,87.812],[-109.401,87.812],[-122.23,74.984],[-122.23,-74.983],[-109.401,-87.812],[109.402,-87.812],[122.23,-74.983],[122.23,74.984]]}}},{"ty":"fl","nm":"F","c":{"a":0,"k":[0.973,0.737,0.098]},"r":1,"o":{"a":0,"k":100}},{"ty":"tr","a":{"a":0,"k":[0,0]},"s":{"a":0,"k":[100,100]},"sk":{"a":0,"k":0},"p":{"a":0,"k":[122.48,88.062]},"r":{"a":0,"k":0},"sa":{"a":0,"k":0},"o":{"a":0,"k":100}}]}],"ind":8},{"ty":4,"nm":"L","sr":1,"st":0,"op":180,"ip":0,"hasMask":false,"ao":0,"ks":{"a":{"a":0,"k":[48.809,126.773,0]},"s":{"a":0,"k":[100,100,100]},"sk":{"a":0,"k":0},"p":{"a":0,"k":[1569.421,260.506,0]},"r":{"a":1,"k":[{"o":{"x":0.333,"y":0},"i":{"x":0.667,"y":1},"s":[-10],"t":0},{"o":{"x":0.333,"y":0},"i":{"x":0.667,"y":1},"s":[0],"t":20},{"o":{"x":0.333,"y":0},"i":{"x":0.667,"y":1},"s":[-10],"t":40},{"o":{"x":0.333,"y":0},"i":{"x":0.667,"y":1},"s":[0],"t":60},{"o":{"x":0.333,"y":0},"i":{"x":0.667,"y":1},"s":[-10],"t":80},{"o":{"x":0.333,"y":0},"i":{"x":0.667,"y":1},"s":[0],"t":100},{"o":{"x":0.333,"y":0},"i":{"x":0.667,"y":1},"s":[-10],"t":120},{"o":{"x":0.333,"y":0},"i":{"x":0.667,"y":1},"s":[0],"t":140},{"o":{"x":0.333,"y":0},"i":{"x":0.667,"y":1},"s":[-10],"t":160},{"o":{"x":0.333,"y":0},"i":{"x":0.667,"y":1},"s":[0],"t":180},{"o":{"x":0.333,"y":0},"i":{"x":0.667,"y":1},"s":[-10],"t":200},{"s":[0],"t":220}]},"sa":{"a":0,"k":0},"o":{"a":0,"k":100}},"ef":[],"shapes":[{"ty":"gr","nm":"G","it":[{"ty":"sh","nm":"P","d":1,"ks":{"a":0,"k":{"c":true,"i":[[-0.233,0.292],[0.376,-0.78],[0.583,-1.055],[-1.085,1.232]],"o":[[-0.345,0.802],[-0.528,1.1],[-0.256,-2.162],[0.258,-0.293]],"v":[[1.504,-2.804],[0.421,-0.43],[-1.248,2.804],[0.761,-1.932]]}}},{"ty":"fl","nm":"F","c":{"a":0,"k":[1,1,1]},"r":1,"o":{"a":0,"k":100}},{"ty":"tr","a":{"a":0,"k":[0,0]},"s":{"a":0,"k":[100,100]},"sk":{"a":0,"k":0},"p":{"a":0,"k":[77.59,107.065]},"r":{"a":0,"k":0},"sa":{"a":0,"k":0},"o":{"a":0,"k":100}}]},{"ty":"gr","nm":"G","it":[{"ty":"sh","nm":"P","d":1,"ks":{"a":0,"k":{"c":true,"i":[[-0.19,-0.889],[0.045,0.105],[0.257,0.666],[0.123,0.336],[-0.046,-0.086]],"o":[[-0.046,-0.105],[-0.276,-0.654],[-0.128,-0.333],[0.043,0.084],[0.617,1.151]],"v":[[0.657,1.65],[0.522,1.336],[-0.279,-0.646],[-0.657,-1.65],[-0.523,-1.394]]}}},{"ty":"fl","nm":"F","c":{"a":0,"k":[1,1,1]},"r":1,"o":{"a":0,"k":100}},{"ty":"tr","a":{"a":0,"k":[0,0]},"s":{"a":0,"k":[100,100]},"sk":{"a":0,"k":0},"p":{"a":0,"k":[14.076,102.453]},"r":{"a":0,"k":0},"sa":{"a":0,"k":0},"o":{"a":0,"k":100}}]},{"ty":"gr","nm":"G","it":[{"ty":"sh","nm":"P","d":1,"ks":{"a":0,"k":{"c":true,"i":[[7.357,1.922],[14.304,-10.573],[3.012,-17.605],[0,0],[-9.082,13.777],[-0.413,0.503],[1.186,1.621],[0.849,6.69],[-26.549,-4.389],[-5.643,-7.425],[-2.034,-1.476],[-0.402,-0.339]],"o":[[-7.53,-1.968],[-24.097,17.812],[-3.012,17.605],[0,0],[0.354,-0.539],[1.558,-1.894],[-1.793,-2.447],[-1.683,-13.255],[28.424,4.698],[1.322,1.74],[0.432,0.314],[16.99,14.29]],"v":[[33.648,38.721],[12.475,5.79],[-32.618,17.181],[-41.123,39.342],[-41.477,0.725],[-40.326,-0.837],[-40.398,-5.684],[-46.527,-17.926],[-9.142,-36.254],[27.472,-15.022],[32.319,-10.158],[33.569,-9.181]]}}},{"ty":"fl","nm":"F","c":{"a":0,"k":[0.169,0.141,0.098]},"r":1,"o":{"a":0,"k":100}},{"ty":"tr","a":{"a":0,"k":[0,0]},"s":{"a":0,"k":[100,100]},"sk":{"a":0,"k":0},"p":{"a":0,"k":[50.809,40.894]},"r":{"a":0,"k":0},"sa":{"a":0,"k":0},"o":{"a":0,"k":100}}]},{"ty":"gr","nm":"G","it":[{"ty":"sh","nm":"P","d":1,"ks":{"a":0,"k":{"c":true,"i":[[0,0]],"o":[[0,0]],"v":[[0.001,-0.001]]}}},{"ty":"sh","nm":"P","d":1,"ks":{"a":0,"k":{"c":true,"i":[[0,0.001],[0,0]],"o":[[0,0.001],[0,0]],"v":[[0.001,-0.001],[-0.001,0.001]]}}},{"ty":"mm","nm":"M","mm":1},{"ty":"fl","nm":"F","c":{"a":0,"k":[0.169,0.141,0.098]},"r":1,"o":{"a":0,"k":100}},{"ty":"tr","a":{"a":0,"k":[0,0]},"s":{"a":0,"k":[100,100]},"sk":{"a":0,"k":0},"p":{"a":0,"k":[29.26,75.841]},"r":{"a":0,"k":0},"sa":{"a":0,"k":0},"o":{"a":0,"k":100}}]},{"ty":"gr","nm":"G","it":[{"ty":"sh","nm":"P","d":1,"ks":{"a":0,"k":{"c":true,"i":[[0,-27.462],[0.003,-0.261],[0.165,-1.834],[19.162,0],[2.318,25.53],[0.044,1.396],[0,0.725],[-20.735,0]],"o":[[0,0.26],[-0.021,1.824],[-2.286,25.565],[-19.138,0],[-0.127,-1.399],[-0.024,-0.728],[0,-27.462],[20.734,0]],"v":[[37.543,-3.87],[37.538,-3.087],[37.258,2.404],[0,53.595],[-37.248,2.504],[-37.507,-1.69],[-37.543,-3.87],[0,-53.595]]}}},{"ty":"fl","nm":"F","c":{"a":0,"k":[0.988,0.765,0.592]},"r":1,"o":{"a":0,"k":100}},{"ty":"tr","a":{"a":0,"k":[0,0]},"s":{"a":0,"k":[100,100]},"sk":{"a":0,"k":0},"p":{"a":0,"k":[46.947,77.702]},"r":{"a":0,"k":0},"sa":{"a":0,"k":0},"o":{"a":0,"k":100}}]},{"ty":"gr","nm":"G","it":[{"ty":"sh","nm":"P","d":1,"ks":{"a":0,"k":{"c":true,"i":[[0,-6.237],[5.335,0],[0,6.237],[-5.335,0]],"o":[[0,6.237],[-5.335,0],[0,-6.237],[5.335,0]],"v":[[9.66,0],[0,11.292],[-9.66,0],[0,-11.292]]}}},{"ty":"fl","nm":"F","c":{"a":0,"k":[0.988,0.765,0.592]},"r":1,"o":{"a":0,"k":100}},{"ty":"tr","a":{"a":0,"k":[0,0]},"s":{"a":0,"k":[100,100]},"sk":{"a":0,"k":0},"p":{"a":0,"k":[81.714,91.115]},"r":{"a":0,"k":0},"sa":{"a":0,"k":0},"o":{"a":0,"k":100}}]},{"ty":"gr","nm":"G","it":[{"ty":"sh","nm":"P","d":1,"ks":{"a":0,"k":{"c":true,"i":[[0,-6.237],[5.335,0],[0,6.237],[-5.335,0]],"o":[[0,6.237],[-5.335,0],[0,-6.237],[5.335,0]],"v":[[9.66,0],[0,11.292],[-9.66,0],[0,-11.292]]}}},{"ty":"fl","nm":"F","c":{"a":0,"k":[0.988,0.765,0.592]},"r":1,"o":{"a":0,"k":100}},{"ty":"tr","a":{"a":0,"k":[0,0]},"s":{"a":0,"k":[100,100]},"sk":{"a":0,"k":0},"p":{"a":0,"k":[12.377,91]},"r":{"a":0,"k":0},"sa":{"a":0,"k":0},"o":{"a":0,"k":100}}]}],"ind":9},{"ty":4,"nm":"L","sr":1,"st":0,"op":180,"ip":0,"hasMask":false,"ao":0,"ks":{"a":{"a":0,"k":[132.687,373.294,0]},"s":{"a":0,"k":[100,100,100]},"sk":{"a":0,"k":0},"p":{"a":0,"k":[1569.796,610.93,0]},"r":{"a":0,"k":0},"sa":{"a":0,"k":0},"o":{"a":0,"k":100}},"ef":[],"shapes":[{"ty":"gr","nm":"G","it":[{"ty":"sh","nm":"P","d":1,"ks":{"a":0,"k":{"c":true,"i":[[0,0],[11.335,0],[0,0],[0,0],[0,0],[0,0],[0,0]],"o":[[0,0],[-11.335,0],[0,0],[0,0],[0,0],[0,0],[0,0]],"v":[[18.29,11.493],[0.003,18.082],[-18.29,11.493],[-17.859,6.575],[-15.715,-18.082],[15.244,-18.082],[16.715,-3.805]]}}},{"ty":"fl","nm":"F","c":{"a":0,"k":[0.988,0.765,0.592]},"r":1,"o":{"a":0,"k":100}},{"ty":"tr","a":{"a":0,"k":[0,0]},"s":{"a":0,"k":[100,100]},"sk":{"a":0,"k":0},"p":{"a":0,"k":[131.799,24.25]},"r":{"a":0,"k":0},"sa":{"a":0,"k":0},"o":{"a":0,"k":100}}]},{"ty":"gr","nm":"G","it":[{"ty":"sh","nm":"P","d":1,"ks":{"a":0,"k":{"c":true,"i":[[0.033,-0.032],[0,0],[0,0],[-8.679,1.255],[-3.932,-2.912],[2.107,-2.065]],"o":[[0,0],[-7.627,-2.548],[3.544,-6.96],[0,0],[2.371,1.756],[-0.032,0.032]],"v":[[13.171,-0.379],[-3.489,15.587],[-15.375,-2.288],[2.078,-15.588],[12.73,-7.766],[13.268,-0.473]]}}},{"ty":"fl","nm":"F","c":{"a":0,"k":[0.988,0.765,0.592]},"r":1,"o":{"a":0,"k":100}},{"ty":"tr","a":{"a":0,"k":[0,0]},"s":{"a":0,"k":[100,100]},"sk":{"a":0,"k":0},"p":{"a":0,"k":[70.131,255.92]},"r":{"a":0,"k":0},"sa":{"a":0,"k":0},"o":{"a":0,"k":100}}]},{"ty":"gr","nm":"G","it":[{"ty":"sh","nm":"P","d":1,"ks":{"a":0,"k":{"c":true,"i":[[-0.824,-3.038],[0,0],[0,0],[0,0],[0,0],[-0.209,-0.526],[-0.432,-1.001],[-0.906,-1.904],[-1.984,-3.611],[-4.519,-6.696],[-2.362,-3.248],[-2.49,-3.123],[-5.33,-5.87],[-5.076,4.605],[3.529,5.043],[0,0],[3.785,6.283],[1.783,3.186],[1.622,3.241],[2.594,6.604],[1.065,3.274],[0.272,0.909],[0.102,0.362],[-0.172,0.517],[-2.622,6.045],[-4.161,8.037],[-10.838,12.935],[0,0],[8.486,5.438],[5.437,-8.486],[5.076,-8.227],[4.772,-8.674],[4.052,-9.351],[2.804,-10.023],[0,0]],"o":[[0,0],[0,0],[0,0],[0,0],[0.21,0.562],[0.419,1.063],[0.858,2.002],[1.812,3.814],[3.966,7.216],[2.249,3.354],[2.388,3.223],[4.962,6.263],[4.605,5.076],[4.676,-4.248],[0,0],[-4.235,-6.066],[-1.903,-3.141],[-1.747,-3.202],[-3.254,-6.477],[-1.294,-3.297],[-0.303,-0.919],[-0.107,-0.362],[0.161,-0.517],[1.97,-6.158],[3.484,-8.041],[8.4,-16.227],[0,0],[5.437,-8.486],[-8.487,-5.442],[-5.138,8.011],[-5.074,8.227],[-4.767,8.674],[-4.056,9.342],[0,0],[-0.908,3.248]],"v":[[-44.656,19.347],[-44.533,19.745],[-44.442,20.02],[-44.275,20.502],[-43.955,21.385],[-43.331,23.023],[-42.057,26.104],[-39.416,31.955],[-33.711,43.063],[-20.944,63.893],[-13.993,73.77],[-6.704,83.317],[8.742,101.518],[26.272,102.369],[28.11,86.076],[28.071,86.021],[16.029,67.482],[10.53,57.976],[5.439,48.32],[-3.388,28.667],[-6.955,18.786],[-7.816,16.039],[-8.133,14.953],[-7.639,13.401],[-0.721,-4.899],[11.612,-30.118],[40.092,-76.303],[40.102,-76.324],[34.584,-101.532],[9.376,-96.023],[-5.989,-71.714],[-20.836,-46.422],[-34.2,-19.432],[-44.622,9.659],[-44.632,9.695]]}}},{"ty":"fl","nm":"F","c":{"a":0,"k":[0.828,0.631,0.098]},"r":1,"o":{"a":0,"k":100}},{"ty":"tr","a":{"a":0,"k":[0,0]},"s":{"a":0,"k":[100,100]},"sk":{"a":0,"k":0},"p":{"a":0,"k":[45.789,156.086]},"r":{"a":0,"k":0},"sa":{"a":0,"k":0},"o":{"a":0,"k":100}}]},{"ty":"gr","nm":"G","it":[{"ty":"sh","nm":"P","d":1,"ks":{"a":0,"k":{"c":true,"i":[[0.446,0],[0.366,0.401],[-0.757,0.69],[0,0],[-0.69,-0.757],[0.756,-0.69],[0,0]],"o":[[-0.503,0],[-0.69,-0.757],[0,0],[0.756,-0.69],[0.69,0.757],[0,0],[-0.355,0.324]],"v":[[-15.167,15.791],[-16.539,15.186],[-16.417,12.566],[13.918,-15.101],[16.538,-14.98],[16.418,-12.36],[-13.919,15.307]]}}},{"ty":"fl","nm":"F","c":{"a":0,"k":[0.828,0.631,0.098]},"r":1,"o":{"a":0,"k":100}},{"ty":"tr","a":{"a":0,"k":[0,0]},"s":{"a":0,"k":[100,100]},"sk":{"a":0,"k":0},"p":{"a":0,"k":[80.405,260.792]},"r":{"a":0,"k":0},"sa":{"a":0,"k":0},"o":{"a":0,"k":100}}]},{"ty":"gr","nm":"G","it":[{"ty":"sh","nm":"P","d":1,"ks":{"a":0,"k":{"c":true,"i":[[10.767,-1.34],[0.895,-0.1],[0.143,7.074],[0.551,69.946],[1.06,12.712],[0,0],[-1.007,-27.725],[0,-32.064]],"o":[[-0.943,0.117],[0.015,-5.617],[-0.397,-19.325],[-0.499,-63.577],[3.063,-0.737],[0,0],[1.001,27.729],[0,44.823]],"v":[[2.743,140.962],[-0.012,141.286],[-0.182,121.924],[-6.111,8.743],[-13.51,-140.232],[-8.507,-141.286],[-3.484,-82.685],[-0.182,43.022]]}}},{"ty":"fl","nm":"F","c":{"a":0,"k":[0.828,0.631,0.098]},"r":1,"o":{"a":0,"k":100}},{"ty":"tr","a":{"a":0,"k":[0,0]},"s":{"a":0,"k":[100,100]},"sk":{"a":0,"k":0},"p":{"a":0,"k":[110.852,175.261]},"r":{"a":0,"k":0},"sa":{"a":0,"k":0},"o":{"a":0,"k":100}}]},{"ty":"gr","nm":"G","it":[{"ty":"sh","nm":"P","d":1,"ks":{"a":0,"k":{"c":true,"i":[[10.767,-1.34],[0.895,-0.1],[14.328,1.468],[-1.59,30.744],[-11.128,14.672],[-8.462,2.04],[0,0],[-1.007,-27.725],[0,-32.064]],"o":[[-0.943,0.117],[-19.426,2.099],[-19.108,-1.955],[1.595,-30.745],[8.171,-10.773],[3.063,-0.737],[0,0],[1.001,27.729],[0,44.823]],"v":[[26.869,139.913],[24.114,140.236],[-18.528,138.307],[-25.851,14.307],[-23.031,-123.19],[10.616,-141.281],[15.619,-142.335],[20.642,-83.734],[23.943,41.973]]}}},{"ty":"fl","nm":"F","c":{"a":0,"k":[0.828,0.631,0.098]},"r":1,"o":{"a":0,"k":100}},{"ty":"tr","a":{"a":0,"k":[0,0]},"s":{"a":0,"k":[100,100]},"sk":{"a":0,"k":0},"p":{"a":0,"k":[86.726,176.311]},"r":{"a":0,"k":0},"sa":{"a":0,"k":0},"o":{"a":0,"k":100}}]},{"ty":"gr","nm":"G","it":[{"ty":"sh","nm":"P","d":1,"ks":{"a":0,"k":{"c":true,"i":[[0.503,0],[0.355,0.324],[0,0],[-0.691,0.757],[-0.757,-0.69],[0,0],[0.69,-0.757]],"o":[[-0.446,0],[0,0],[-0.757,-0.69],[0.69,-0.757],[0,0],[0.757,0.69],[-0.366,0.401]],"v":[[15.168,15.791],[13.919,15.307],[-16.418,-12.36],[-16.538,-14.98],[-13.918,-15.101],[16.418,12.566],[16.539,15.186]]}}},{"ty":"fl","nm":"F","c":{"a":0,"k":[0.828,0.631,0.098]},"r":1,"o":{"a":0,"k":100}},{"ty":"tr","a":{"a":0,"k":[0,0]},"s":{"a":0,"k":[100,100]},"sk":{"a":0,"k":0},"p":{"a":0,"k":[191.332,260.792]},"r":{"a":0,"k":0},"sa":{"a":0,"k":0},"o":{"a":0,"k":100}}]},{"ty":"gr","nm":"G","it":[{"ty":"sh","nm":"P","d":1,"ks":{"a":0,"k":{"c":true,"i":[[5.347,-23.898],[-0.551,2.597],[3.037,36.367],[-1.007,27.73],[0,0],[-2.835,-0.519],[0.345,-28.366],[-1.494,-16.268]],"o":[[-3.858,-0.599],[4.652,-21.847],[-2.67,-31.952],[1.007,-27.724],[0,0],[2.172,8.712],[-0.445,36.827],[1.383,15.134]],"v":[[5.81,141.055],[0.278,136.471],[-1.312,45.325],[-4.751,-81.104],[-11.157,-141.055],[-6.584,-140.292],[-0.072,-81.013],[1.968,26.979]]}}},{"ty":"fl","nm":"F","c":{"a":0,"k":[0.828,0.631,0.098]},"r":1,"o":{"a":0,"k":100}},{"ty":"tr","a":{"a":0,"k":[0,0]},"s":{"a":0,"k":[100,100]},"sk":{"a":0,"k":0},"p":{"a":0,"k":[164.891,174.14]},"r":{"a":0,"k":0},"sa":{"a":0,"k":0},"o":{"a":0,"k":100}}]},{"ty":"gr","nm":"G","it":[{"ty":"sh","nm":"P","d":1,"ks":{"a":0,"k":{"c":true,"i":[[-0.034,-0.03],[0,0],[0,0],[8.714,0.986],[3.84,-3.032],[-2.17,-1.999]],"o":[[0,0],[7.545,-2.783],[-3.758,-6.847],[0,0],[-2.315,1.829],[0.033,0.031]],"v":[[-13.101,0.052],[4.045,15.494],[15.372,-2.742],[-2.486,-15.494],[-12.89,-7.346],[-13.202,-0.04]]}}},{"ty":"fl","nm":"F","c":{"a":0,"k":[0.988,0.765,0.592]},"r":1,"o":{"a":0,"k":100}},{"ty":"tr","a":{"a":0,"k":[0,0]},"s":{"a":0,"k":[100,100]},"sk":{"a":0,"k":0},"p":{"a":0,"k":[197.85,252.804]},"r":{"a":0,"k":0},"sa":{"a":0,"k":0},"o":{"a":0,"k":100}}]},{"ty":"gr","nm":"G","it":[{"ty":"sh","nm":"P","d":1,"ks":{"a":0,"k":{"c":true,"i":[[1.009,3.219],[0,0],[4.345,9.211],[5.034,8.522],[5.328,8.065],[5.384,7.847],[8.314,-5.703],[-5.698,-8.314],[0,0],[-8.899,-15.959],[-3.731,-7.928],[-2.16,-6.094],[-0.177,-0.512],[0.097,-0.364],[0.274,-0.928],[1.192,-3.336],[3.052,-6.575],[1.647,-3.254],[1.805,-3.199],[4.046,-6.195],[0,0],[-4.806,-4.101],[-4.445,5.216],[-4.766,6.413],[-2.286,3.295],[-2.144,3.422],[-3.741,7.335],[-1.693,3.868],[-0.796,2.028],[-0.386,1.075],[-0.192,0.568],[0,0],[0,0],[0,0],[0,0]],"o":[[0,0],[-3.113,-9.93],[-4.339,-9.221],[-5.039,-8.522],[-5.328,-8.066],[-5.698,-8.314],[-8.314,5.698],[0,0],[11.234,12.593],[4.408,7.903],[2.809,5.962],[0.187,0.511],[-0.091,0.366],[-0.243,0.918],[-0.963,3.306],[-2.387,6.681],[-1.521,3.29],[-1.684,3.24],[-3.589,6.397],[0,0],[-3.371,5.15],[5.216,4.445],[5.146,-6.033],[2.392,-3.198],[2.261,-3.321],[4.309,-6.833],[1.87,-3.671],[0.847,-1.932],[0.4,-1.013],[0.192,-0.533],[0,0],[0,0],[0,0],[0,0],[0.73,-3.062]],"v":[[46.002,7.574],[45.992,7.538],[34.672,-21.215],[20.478,-47.778],[4.854,-72.597],[-11.256,-96.418],[-36.623,-101.143],[-41.358,-75.776],[-41.348,-75.756],[-11.449,-30.476],[1.66,-5.652],[9.143,12.426],[9.685,13.961],[9.401,15.056],[8.626,17.829],[5.366,27.816],[-2.846,47.733],[-7.636,57.542],[-12.838,67.215],[-24.3,86.118],[-24.335,86.174],[-21.993,102.401],[-4.499,101.007],[10.375,82.336],[17.365,72.568],[24.006,62.48],[36.122,41.265],[41.48,29.986],[43.939,24.054],[45.115,20.937],[45.687,19.279],[45.982,18.387],[46.134,17.9],[46.215,17.621],[46.326,17.221]]}}},{"ty":"fl","nm":"F","c":{"a":0,"k":[0.828,0.631,0.098]},"r":1,"o":{"a":0,"k":100}},{"ty":"tr","a":{"a":0,"k":[0,0]},"s":{"a":0,"k":[100,100]},"sk":{"a":0,"k":0},"p":{"a":0,"k":[218.068,153.019]},"r":{"a":0,"k":0},"sa":{"a":0,"k":0},"o":{"a":0,"k":100}}]},{"ty":"gr","nm":"G","it":[{"ty":"sh","nm":"P","d":1,"ks":{"a":0,"k":{"c":true,"i":[[10.683,-1.574],[10.911,1.685],[-0.551,2.596],[3.037,36.366],[-1.007,27.73],[0,0],[-2.835,-0.519],[-8.728,-11.51],[-1.59,-30.744]],"o":[[-10.837,1.595],[-3.858,-0.599],[4.652,-21.848],[-2.67,-31.953],[1.007,-27.724],[0,0],[10.328,1.918],[11.127,14.678],[1.595,30.745]],"v":[[25.989,135.629],[-19.705,140.213],[-25.237,135.629],[-26.827,44.482],[-30.266,-81.946],[-36.672,-141.898],[-32.099,-141.135],[11.856,-122.027],[21.394,15.39]]}}},{"ty":"fl","nm":"F","c":{"a":0,"k":[0.828,0.631,0.098]},"r":1,"o":{"a":0,"k":100}},{"ty":"tr","a":{"a":0,"k":[0,0]},"s":{"a":0,"k":[100,100]},"sk":{"a":0,"k":0},"p":{"a":0,"k":[190.405,174.983]},"r":{"a":0,"k":0},"sa":{"a":0,"k":0},"o":{"a":0,"k":100}}]},{"ty":"gr","nm":"G","it":[{"ty":"sh","nm":"P","d":1,"ks":{"a":0,"k":{"c":true,"i":[[9.538,-7.933],[39.422,-2.773],[17.31,6.508],[0.391,11.719],[-1.055,31.82],[2.438,13.258],[0.302,1.579],[-6.02,10.614],[0,0],[0,0],[-10.068,-11.292],[-3.211,-32.944]],"o":[[-9.538,7.932],[-30.923,2.176],[-4.607,-1.731],[-0.964,-28.913],[0.35,-10.497],[-0.286,-1.574],[-4.833,-25.435],[9.538,-16.824],[0,0],[0,0],[10.068,11.297],[4.017,41.22]],"v":[[63.375,126.552],[0.527,138.404],[-54.672,134.873],[-66.893,116.959],[-57.355,-13.772],[-61.404,-50.483],[-62.288,-55.215],[-66.893,-116.847],[-24.035,-138.053],[4.139,-141.381],[56.217,-120.826],[57.632,-43.944]]}}},{"ty":"fl","nm":"F","c":{"a":0,"k":[0.953,0.957,0.957]},"r":1,"o":{"a":0,"k":100}},{"ty":"tr","a":{"a":0,"k":[0,0]},"s":{"a":0,"k":[100,100]},"sk":{"a":0,"k":0},"p":{"a":0,"k":[134.704,170.635]},"r":{"a":0,"k":0},"sa":{"a":0,"k":0},"o":{"a":0,"k":100}}]},{"ty":"gr","nm":"G","it":[{"ty":"sh","nm":"P","d":1,"ks":{"a":0,"k":{"c":true,"i":[[0,0],[-9.505,16.684],[-20.778,-1.351],[12.005,-8.302]],"o":[[0,0],[9.505,-16.683],[41.252,2.683],[-12.005,8.303]],"v":[[-33.879,20.537],[-44.241,-0.202],[3.131,-24.91],[41.741,17.958]]}}},{"ty":"fl","nm":"F","c":{"a":0,"k":[0.828,0.631,0.098]},"r":1,"o":{"a":0,"k":100}},{"ty":"tr","a":{"a":0,"k":[0,0]},"s":{"a":0,"k":[100,100]},"sk":{"a":0,"k":0},"p":{"a":0,"k":[129.352,26.511]},"r":{"a":0,"k":0},"sa":{"a":0,"k":0},"o":{"a":0,"k":100}}]},{"ty":"gr","nm":"G","it":[{"ty":"sh","nm":"P","d":1,"ks":{"a":0,"k":{"c":true,"i":[[0,0],[1.766,-5.565],[0,0],[-0.783,5.548]],"o":[[1.802,5.768],[0,0],[-1.348,-5.503],[0,0]],"v":[[19.183,-8.276],[18.384,8.653],[-19.42,7.925],[-20.202,-8.653]]}}},{"ty":"fl","nm":"F","c":{"a":0,"k":[0.169,0.141,0.098]},"r":1,"o":{"a":0,"k":100}},{"ty":"tr","a":{"a":0,"k":[0,0]},"s":{"a":0,"k":[100,100]},"sk":{"a":0,"k":0},"p":{"a":0,"k":[57.744,684.858]},"r":{"a":0,"k":0},"sa":{"a":0,"k":0},"o":{"a":0,"k":100}}]},{"ty":"gr","nm":"G","it":[{"ty":"sh","nm":"P","d":1,"ks":{"a":0,"k":{"c":true,"i":[[0,0],[0,0],[-0.071,3.65],[0,0]],"o":[[0,0],[0,0],[0,0],[-0.236,3.458]],"v":[[-29.13,3.094],[29.054,3.094],[29.715,-3.094],[-29.479,-3.094]]}}},{"ty":"fl","nm":"F","c":{"a":0,"k":[0.828,0.631,0.098]},"r":1,"o":{"a":0,"k":100}},{"ty":"tr","a":{"a":0,"k":[0,0]},"s":{"a":0,"k":[100,100]},"sk":{"a":0,"k":0},"p":{"a":0,"k":[53.469,743.245]},"r":{"a":0,"k":0},"sa":{"a":0,"k":0},"o":{"a":0,"k":100}}]},{"ty":"gr","nm":"G","it":[{"ty":"sh","nm":"P","d":1,"ks":{"a":0,"k":{"c":true,"i":[[0,0],[0,0],[-0.071,3.65],[0.567,2.665],[5.262,14.698],[1.976,2.016],[5.403,-5.527],[5.276,-4.394],[0.245,-3.553]],"o":[[0,0],[0,0],[0.047,-2.17],[-1.505,-7.139],[-1.123,-3.134],[-5.403,-5.528],[-8.446,8.639],[-3.51,2.925],[-0.236,3.458]],"v":[[-29.153,23.199],[29.031,23.199],[29.692,17.012],[29.031,9.602],[16.068,-10.453],[10.35,-17.645],[-8.689,-17.672],[-24.634,6.203],[-29.503,17.012]]}}},{"ty":"fl","nm":"F","c":{"a":0,"k":[0.828,0.631,0.098]},"r":1,"o":{"a":0,"k":100}},{"ty":"tr","a":{"a":0,"k":[0,0]},"s":{"a":0,"k":[100,100]},"sk":{"a":0,"k":0},"p":{"a":0,"k":[53.492,723.14]},"r":{"a":0,"k":0},"sa":{"a":0,"k":0},"o":{"a":0,"k":100}}]},{"ty":"gr","nm":"G","it":[{"ty":"sh","nm":"P","d":1,"ks":{"a":0,"k":{"c":true,"i":[[0,0],[41.361,-35.712],[0,0],[0,0],[0,0],[-7.816,64.465],[0,0]],"o":[[0,0],[0,0],[0,0],[0,0],[0,0],[0,0],[0,0]],"v":[[59.775,-201.763],[24.01,-138.634],[-6.387,51.721],[-34.757,201.763],[-65.371,201.594],[-51.438,30.961],[-36.611,-199.904]]}}},{"ty":"fl","nm":"F","c":{"a":0,"k":[0.169,0.141,0.098]},"r":1,"o":{"a":0,"k":100}},{"ty":"tr","a":{"a":0,"k":[0,0]},"s":{"a":0,"k":[100,100]},"sk":{"a":0,"k":0},"p":{"a":0,"k":[108.95,478.838]},"r":{"a":0,"k":0},"sa":{"a":0,"k":0},"o":{"a":0,"k":100}}]},{"ty":"gr","nm":"G","it":[{"ty":"sh","nm":"P","d":1,"ks":{"a":0,"k":{"c":true,"i":[[4.294,-5.491],[0,0],[-10.196,6.558],[0,0]],"o":[[0,0],[0,0],[0,0],[0,0]],"v":[[-11.72,-14.108],[-12.982,13.041],[11.464,13.041],[12.982,-17.565]]}}},{"ty":"fl","nm":"F","c":{"a":0,"k":[0.988,0.765,0.592]},"r":1,"o":{"a":0,"k":100}},{"ty":"tr","a":{"a":0,"k":[0,0]},"s":{"a":0,"k":[100,100]},"sk":{"a":0,"k":0},"p":{"a":0,"k":[56.881,699.786]},"r":{"a":0,"k":0},"sa":{"a":0,"k":0},"o":{"a":0,"k":100}}]},{"ty":"gr","nm":"G","it":[{"ty":"sh","nm":"P","d":1,"ks":{"a":0,"k":{"c":true,"i":[[0,0],[0,0],[0,0],[0.481,1.74]],"o":[[0.084,3.445],[0,0],[0.238,-2.107],[0,0]],"v":[[-43.945,-2.883],[-43.643,2.883],[43.707,2.883],[43.315,-2.883]]}}},{"ty":"fl","nm":"F","c":{"a":0,"k":[0.828,0.631,0.098]},"r":1,"o":{"a":0,"k":100}},{"ty":"tr","a":{"a":0,"k":[0,0]},"s":{"a":0,"k":[100,100]},"sk":{"a":0,"k":0},"p":{"a":0,"k":[209.301,742.086]},"r":{"a":0,"k":0},"sa":{"a":0,"k":0},"o":{"a":0,"k":100}}]},{"ty":"gr","nm":"G","it":[{"ty":"sh","nm":"P","d":1,"ks":{"a":0,"k":{"c":true,"i":[[-0.188,-7.768],[0,0],[0,0],[0.481,1.74],[3.177,8.223],[0,0],[5.154,-9.668]],"o":[[0.084,3.445],[0,0],[0.238,-2.107],[-4.798,-17.557],[-6.836,-17.721],[0,0],[-2.765,5.186]],"v":[[-43.851,19.054],[-43.549,24.819],[43.801,24.819],[43.409,19.054],[-2.248,-7.098],[-14.279,-14.4],[-39.278,-8.878]]}}},{"ty":"fl","nm":"F","c":{"a":0,"k":[0.828,0.631,0.098]},"r":1,"o":{"a":0,"k":100}},{"ty":"tr","a":{"a":0,"k":[0,0]},"s":{"a":0,"k":[100,100]},"sk":{"a":0,"k":0},"p":{"a":0,"k":[209.207,720.149]},"r":{"a":0,"k":0},"sa":{"a":0,"k":0},"o":{"a":0,"k":100}}]},{"ty":"gr","nm":"G","it":[{"ty":"sh","nm":"P","d":1,"ks":{"a":0,"k":{"c":true,"i":[[0,0],[1.766,-5.565],[0,0],[-0.782,5.548]],"o":[[1.802,5.767],[0,0],[-1.347,-5.503],[0,0]],"v":[[18.415,-8.154],[17.616,8.775],[-17.901,8.089],[-19.434,-8.774]]}}},{"ty":"fl","nm":"F","c":{"a":0,"k":[0.169,0.141,0.098]},"r":1,"o":{"a":0,"k":100}},{"ty":"tr","a":{"a":0,"k":[0,0]},"s":{"a":0,"k":[100,100]},"sk":{"a":0,"k":0},"p":{"a":0,"k":[184.684,683.573]},"r":{"a":0,"k":0},"sa":{"a":0,"k":0},"o":{"a":0,"k":100}}]},{"ty":"gr","nm":"G","it":[{"ty":"sh","nm":"P","d":1,"ks":{"a":0,"k":{"c":true,"i":[[0,0],[0,0],[0,0],[0,0],[-11.241,36.28],[3.253,93.903]],"o":[[0,0],[0,0],[0,0],[0,0],[-16.219,-62.237],[0,0]],"v":[[35.449,-204.417],[30.621,62.304],[29.882,202.582],[-1.432,204.417],[-12.163,41.41],[-35.449,-202.044]]}}},{"ty":"fl","nm":"F","c":{"a":0,"k":[0.169,0.141,0.098]},"r":1,"o":{"a":0,"k":100}},{"ty":"tr","a":{"a":0,"k":[0,0]},"s":{"a":0,"k":[100,100]},"sk":{"a":0,"k":0},"p":{"a":0,"k":[170.258,481.114]},"r":{"a":0,"k":0},"sa":{"a":0,"k":0},"o":{"a":0,"k":100}}]},{"ty":"gr","nm":"G","it":[{"ty":"sh","nm":"P","d":1,"ks":{"a":0,"k":{"c":true,"i":[[4.294,-5.491],[0,0],[-10.196,6.558],[0,0]],"o":[[0,0],[0,0],[0,0],[0,0]],"v":[[-12.351,-11.99],[-9.371,14.466],[12.351,10.923],[12.351,-15.448]]}}},{"ty":"fl","nm":"F","c":{"a":0,"k":[0.988,0.765,0.592]},"r":1,"o":{"a":0,"k":100}},{"ty":"tr","a":{"a":0,"k":[0,0]},"s":{"a":0,"k":[100,100]},"sk":{"a":0,"k":0},"p":{"a":0,"k":[184.737,697.668]},"r":{"a":0,"k":0},"sa":{"a":0,"k":0},"o":{"a":0,"k":100}}]}],"ind":10},{"ty":4,"nm":"L","sr":1,"st":0,"op":180,"ip":0,"hasMask":false,"ao":0,"ks":{"a":{"a":0,"k":[425.682,425.682,0]},"s":{"a":1,"k":[{"o":{"x":0.333,"y":0},"i":{"x":0.667,"y":1},"s":[0,0,100],"t":0},{"o":{"x":0.333,"y":0},"i":{"x":0.667,"y":1},"s":[110,110,100],"t":10},{"s":[100,100,100],"t":20}]},"sk":{"a":0,"k":0},"p":{"a":0,"k":[1230.84,583.967,0]},"r":{"a":0,"k":0},"sa":{"a":0,"k":0},"o":{"a":0,"k":100}},"ef":[],"shapes":[{"ty":"gr","nm":"G","it":[{"ty":"sh","nm":"P","d":1,"ks":{"a":0,"k":{"c":true,"i":[[0,-38.408],[38.408,0],[0,38.407],[-38.408,0]],"o":[[0,38.407],[-38.408,0],[0,-38.408],[38.408,0]],"v":[[69.544,0],[0,69.544],[-69.544,0],[0,-69.544]]}}},{"ty":"fl","nm":"F","c":{"a":0,"k":[0.973,0.737,0.098]},"r":1,"o":{"a":0,"k":100}},{"ty":"tr","a":{"a":0,"k":[0,0]},"s":{"a":0,"k":[100,100]},"sk":{"a":0,"k":0},"p":{"a":0,"k":[425.682,425.682]},"r":{"a":0,"k":0},"sa":{"a":0,"k":0},"o":{"a":0,"k":100}}]},{"ty":"gr","nm":"G","it":[{"ty":"sh","nm":"P","d":1,"ks":{"a":0,"k":{"c":true,"i":[[0,-72.452],[72.451,0],[0,72.451],[-72.452,0]],"o":[[0,72.451],[-72.452,0],[0,-72.452],[72.451,0]],"v":[[131.186,0],[0.001,131.185],[-131.186,0],[0.001,-131.185]]}}},{"ty":"fl","nm":"F","c":{"a":0,"k":[1,1,1]},"r":1,"o":{"a":0,"k":100}},{"ty":"tr","a":{"a":0,"k":[0,0]},"s":{"a":0,"k":[100,100]},"sk":{"a":0,"k":0},"p":{"a":0,"k":[425.682,425.682]},"r":{"a":0,"k":0},"sa":{"a":0,"k":0},"o":{"a":0,"k":100}}]},{"ty":"gr","nm":"G","it":[{"ty":"sh","nm":"P","d":1,"ks":{"a":0,"k":{"c":true,"i":[[0,-162.04],[162.041,0],[0,162.039],[-162.04,0]],"o":[[0,162.039],[-162.04,0],[0,-162.04],[162.041,0]],"v":[[293.399,0],[-0.001,293.399],[-293.399,0],[-0.001,-293.399]]}}},{"ty":"fl","nm":"F","c":{"a":0,"k":[0.973,0.737,0.098]},"r":1,"o":{"a":0,"k":100}},{"ty":"tr","a":{"a":0,"k":[0,0]},"s":{"a":0,"k":[100,100]},"sk":{"a":0,"k":0},"p":{"a":0,"k":[425.683,425.682]},"r":{"a":0,"k":0},"sa":{"a":0,"k":0},"o":{"a":0,"k":100}}]},{"ty":"gr","nm":"G","it":[{"ty":"sh","nm":"P","d":1,"ks":{"a":0,"k":{"c":true,"i":[[0,-197.876],[197.875,0],[0,197.875],[-197.875,0]],"o":[[0,197.875],[-197.875,0],[0,-197.876],[197.875,0]],"v":[[358.285,0],[0,358.284],[-358.285,0],[0,-358.284]]}}},{"ty":"fl","nm":"F","c":{"a":0,"k":[1,1,1]},"r":1,"o":{"a":0,"k":100}},{"ty":"tr","a":{"a":0,"k":[0,0]},"s":{"a":0,"k":[100,100]},"sk":{"a":0,"k":0},"p":{"a":0,"k":[425.682,425.682]},"r":{"a":0,"k":0},"sa":{"a":0,"k":0},"o":{"a":0,"k":100}}]},{"ty":"gr","nm":"G","it":[{"ty":"sh","nm":"P","d":1,"ks":{"a":0,"k":{"c":true,"i":[[0,-234.96],[234.959,0],[0,234.96],[-234.96,0]],"o":[[0,234.96],[-234.96,0],[0,-234.96],[234.959,0]],"v":[[425.432,0.001],[0,425.432],[-425.432,0.001],[0,-425.432]]}}},{"ty":"fl","nm":"F","c":{"a":0,"k":[0.973,0.737,0.098]},"r":1,"o":{"a":0,"k":100}},{"ty":"tr","a":{"a":0,"k":[0,0]},"s":{"a":0,"k":[100,100]},"sk":{"a":0,"k":0},"p":{"a":0,"k":[425.682,425.682]},"r":{"a":0,"k":0},"sa":{"a":0,"k":0},"o":{"a":0,"k":100}}]}],"ind":11},{"ty":3,"nm":"L","sr":1,"st":0,"op":180,"ip":0,"hasMask":false,"ao":0,"ks":{"a":{"a":0,"k":[425.682,425.682,0]},"s":{"a":1,"k":[{"o":{"x":0.333,"y":0},"i":{"x":0.667,"y":1},"s":[0,0,100],"t":0},{"o":{"x":0.333,"y":0},"i":{"x":0.667,"y":1},"s":[110,110,100],"t":10},{"s":[100,100,100],"t":20}]},"sk":{"a":0,"k":0},"p":{"a":0,"k":[1230.84,583.967,0]},"r":{"a":0,"k":0},"sa":{"a":0,"k":0},"o":{"a":0,"k":100}},"ef":[],"ind":12}],"v":"5.9.0","fr":30,"op":180,"ip":0,"assets":[]}