{"nm":"W","h":1000,"w":1000,"meta":{"g":"@lottiefiles/toolkit-js 0.33.2"},"layers":[{"ty":4,"nm":"c","sr":1,"st":0,"op":200,"ip":0,"hasMask":false,"ao":0,"ks":{"a":{"a":0,"k":[315.044,341.5,0]},"s":{"a":0,"k":[100,100,100]},"sk":{"a":0,"k":0},"p":{"a":0,"k":[739.044,837.5,0]},"r":{"a":0,"k":0},"sa":{"a":0,"k":0},"o":{"a":0,"k":100}},"ef":[],"shapes":[{"ty":"gr","nm":"R","it":[{"ty":"sh","nm":"P","d":1,"ks":{"a":0,"k":{"c":false,"i":[[4.7,5.835],[-3.625,5],[3.75,5],[6.125,4.125]],"o":[[-3.625,-4.5],[2.622,-3.616],[-1.756,-2.341],[-8.359,-5.629]],"v":[[13.75,-32.75],[2.5,-41.75],[15.875,-51.375],[-0.375,-58.75]]}}},{"ty":"st","nm":"S","lc":2,"lj":2,"ml":1,"o":{"a":0,"k":50},"w":{"a":0,"k":3},"d":[{"nm":"d","n":"d","v":{"a":0,"k":62}},{"nm":"g","n":"g","v":{"a":0,"k":68}},{"nm":"o","n":"o","v":{"a":1,"k":[{"o":{"x":0.167,"y":0.167},"i":{"x":0.833,"y":0.833},"s":[63],"t":0},{"s":[-198.94],"t":199}]}}],"c":{"a":0,"k":[1,0.757,0.028]}},{"ty":"tr","a":{"a":0,"k":[0,0]},"s":{"a":0,"k":[100,100]},"sk":{"a":0,"k":0},"p":{"a":0,"k":[303.5,353]},"r":{"a":0,"k":0},"sa":{"a":0,"k":0},"o":{"a":0,"k":100}}]},{"ty":"gr","nm":"R","it":[{"ty":"sh","nm":"P","d":1,"ks":{"a":0,"k":{"c":false,"i":[[3.5,6.625],[-3.625,5],[-3.625,5],[5.332,1.137],[-4.31,4.186]],"o":[[-3.5,-6.625],[2.622,-3.616],[2.008,-2.77],[-5.327,-1.136],[7.23,-7.021]],"v":[[5.25,-31.25],[-11,-42.25],[6.5,-48.375],[-2.737,-53.062],[-8.5,-59.875]]}}},{"ty":"st","nm":"S","lc":2,"lj":2,"ml":1,"o":{"a":0,"k":50},"w":{"a":0,"k":3},"d":[{"nm":"d","n":"d","v":{"a":0,"k":62}},{"nm":"g","n":"g","v":{"a":0,"k":68}},{"nm":"o","n":"o","v":{"a":1,"k":[{"o":{"x":0.167,"y":0.167},"i":{"x":0.833,"y":0.833},"s":[39],"t":0},{"s":[-222.94],"t":199}]}}],"c":{"a":0,"k":[1,0.757,0.028]}},{"ty":"tr","a":{"a":0,"k":[0,0]},"s":{"a":0,"k":[100,100]},"sk":{"a":0,"k":0},"p":{"a":0,"k":[303.5,353]},"r":{"a":0,"k":0},"sa":{"a":0,"k":0},"o":{"a":0,"k":100}}]},{"ty":"gr","nm":"R","it":[{"ty":"el","nm":"E","d":1,"p":{"a":0,"k":[0,-31]},"s":{"a":0,"k":[45.375,7]}},{"ty":"fl","nm":"F","c":{"a":0,"k":[0.22,0.22,0.22]},"r":1,"o":{"a":0,"k":100}},{"ty":"sh","nm":"P","d":1,"ks":{"a":0,"k":{"c":true,"i":[[0,-2.761],[0,0],[4.375,-0.938],[7.832,0],[3.248,0.758],[0,2.761],[0,0],[-3.438,0.438],[-13.251,-0.044],[-4.125,-0.625]],"o":[[0,0],[0,2.761],[-4.375,0.938],[-7.252,0],[-3.75,-0.875],[0,0],[0,-2.761],[3.438,-0.438],[14,0.047],[3.161,0.479]],"v":[[27.5,-29.5],[27.5,29.5],[22.875,34.688],[-0.875,36.875],[-22.125,34.813],[-27.5,29.5],[-27.5,-29.5],[-22.438,-35],[-0.375,-36.672],[22.375,-34.875]]}}},{"ty":"sh","nm":"P","d":1,"ks":{"a":0,"k":{"c":true,"i":[[0,-1.677],[1.937,-11.792],[2.66,-0.569],[0,0],[0,0],[-2.727,0.686],[-0.276,2.062],[1.22,1.637],[0,0],[0,0],[-4.979,-1.255]],"o":[[0,0],[-0.338,2.06],[-2.66,0.569],[0,0],[0,0],[2.307,-0.581],[1.243,-9.278],[-1.2,-1.611],[0,0],[0,0],[1.873,0.472]],"v":[[46.47,-22.106],[45.22,13.608],[38.283,18.486],[25.798,19.75],[25.78,13.284],[34.299,13.241],[39.571,9.441],[39.03,-19.298],[25.733,-19.83],[25.272,-26.461],[43.354,-25.37]]}}},{"ty":"fl","nm":"F","c":{"a":0,"k":[0.329,0.329,0.329]},"r":1,"o":{"a":0,"k":100}},{"ty":"tr","a":{"a":0,"k":[0,0]},"s":{"a":0,"k":[100,100]},"sk":{"a":0,"k":0},"p":{"a":0,"k":[305.5,353]},"r":{"a":0,"k":0},"sa":{"a":0,"k":0},"o":{"a":0,"k":100}}]}],"ind":1},{"ty":4,"nm":"m","sr":1,"st":0,"op":200,"ip":0,"hasMask":false,"ao":0,"ks":{"a":{"a":0,"k":[1565.695,2135.229,0]},"s":{"a":0,"k":[43.2,43.2,100]},"sk":{"a":0,"k":0},"p":{"a":0,"k":[498.356,641.355,0]},"r":{"a":0,"k":0},"sa":{"a":0,"k":0},"o":{"a":0,"k":100}},"ef":[],"shapes":[{"ty":"gr","nm":"m","it":[{"ty":"gr","nm":"l","it":[{"ty":"sh","nm":"P","d":1,"ks":{"a":0,"k":{"c":true,"i":[[-18.958,-13.4],[-0.166,-10.581],[14.99,-0.235],[0.166,10.581]],"o":[[18.542,-15.186],[0.166,10.581],[-14.99,0.235],[-0.166,-10.581]],"v":[[4.055,-14.791],[31.05,-1.862],[4.209,17.722],[-23.233,-1.011]]}}},{"ty":"fl","nm":"F","c":{"a":0,"k":[0.98,0.98,0.98]},"r":1,"o":{"a":0,"k":100}},{"ty":"sh","nm":"P","d":1,"ks":{"a":0,"k":{"c":true,"i":[[13.91,0],[0,0],[2.3,13.23],[0,0],[-17.61,0],[0,0],[2.91,-16.74],[0,0]],"o":[[0,0],[-13.91,0],[0,0],[-2.91,-16.74],[0,0],[17.61,0],[0,0],[-2.3,13.23]],"v":[[172.63,147.195],[-172.63,147.195],[-200.72,124.285],[-242.35,-115.215],[-214.26,-147.195],[214.26,-147.195],[242.35,-115.215],[200.72,124.285]]}}},{"ty":"fl","nm":"F","c":{"a":0,"k":[0.792,0.792,0.792]},"r":1,"o":{"a":0,"k":100}},{"ty":"sh","nm":"P","d":1,"ks":{"a":0,"k":{"c":true,"i":[[13.91,0],[0,0],[2.3,13.72],[0,0],[-17.61,0],[0,0],[2.91,-17.37],[0,0]],"o":[[0,0],[-13.91,0],[0,0],[-2.91,-17.37],[0,0],[17.61,0],[0,0],[-2.3,13.72]],"v":[[172.63,147.195],[-172.63,147.195],[-200.72,123.425],[-242.35,-125.035],[-214.26,-158.215],[214.26,-158.215],[242.35,-125.035],[200.72,123.425]]}}},{"ty":"fl","nm":"F","c":{"a":0,"k":[0.631,0.631,0.631]},"r":1,"o":{"a":0,"k":100}},{"ty":"tr","a":{"a":0,"k":[-3.571,132.143]},"s":{"a":1,"k":[{"o":{"x":0.167,"y":0.167},"i":{"x":0.833,"y":0.833},"s":[100,100],"t":0},{"o":{"x":0.167,"y":0.167},"i":{"x":0.833,"y":0.833},"s":[100,95],"t":5},{"o":{"x":0.167,"y":0.167},"i":{"x":0.833,"y":0.833},"s":[100,100],"t":9},{"o":{"x":0.167,"y":0.167},"i":{"x":0.833,"y":0.833},"s":[100,95],"t":13},{"o":{"x":0.167,"y":0.167},"i":{"x":0.833,"y":0.833},"s":[100,100],"t":17},{"s":[100,100],"t":20}],"x":"var $bm_rt;\n$bm_rt = loopOut();"},"sk":{"a":0,"k":0,"x":"var $bm_rt;\n$bm_rt = content('man 1').content('laptop').transform.skew;"},"p":{"a":0,"k":[2050.029,2250.388],"x":"var $bm_rt;\n$bm_rt = content('man 1').content('laptop').transform.position;"},"r":{"a":1,"k":[{"o":{"x":0.167,"y":0.167},"i":{"x":0.833,"y":0.833},"s":[0],"t":0},{"o":{"x":0.167,"y":0.167},"i":{"x":0.833,"y":0.833},"s":[3],"t":3},{"o":{"x":0.167,"y":0.167},"i":{"x":0.833,"y":0.833},"s":[3],"t":8},{"o":{"x":0.167,"y":0.167},"i":{"x":0.833,"y":0.833},"s":[0],"t":11},{"o":{"x":0.167,"y":0.167},"i":{"x":0.833,"y":0.833},"s":[-3],"t":14},{"o":{"x":0.167,"y":0.167},"i":{"x":0.833,"y":0.833},"s":[-3],"t":17},{"s":[0],"t":20}],"x":"var $bm_rt;\n$bm_rt = loopOut();"},"sa":{"a":0,"k":0},"o":{"a":0,"k":100}}]},{"ty":"gr","nm":"f","it":[{"ty":"sh","nm":"P","d":1,"ks":{"a":0,"k":{"c":true,"i":[[0,0],[32.586,-55.04],[-38.6,8.93]],"o":[[-2.07,-0.36],[-34.781,58.747],[38.59,-8.92]],"v":[[-161.88,-5.455],[-437.305,0.468],[-333.615,42.343]]}}},{"ty":"sh","nm":"P","d":1,"ks":{"a":0,"k":{"c":true,"i":[[0,0],[-29.358,1.876],[2.386,0.576],[-7.846,-0.811],[35.501,-43.543],[47.784,35.264]],"o":[[0,0],[33.45,-2.137],[-1.249,-0.302],[62.18,6.43],[-24.796,30.413],[-20.774,-15.331]],"v":[[-116.736,9.663],[-87.828,-48.758],[-218.222,-96.263],[-62.595,-53.822],[74.585,35.051],[-28.203,44.57]]}}},{"ty":"fl","nm":"F","c":{"a":0,"k":[0.059,0.126,0.149]},"r":1,"o":{"a":0,"k":100}},{"ty":"tr","a":{"a":0,"k":[0,0]},"s":{"a":0,"k":[100,100]},"sk":{"a":0,"k":0},"p":{"a":0,"k":[2261.08,2368.785]},"r":{"a":0,"k":0},"sa":{"a":0,"k":0},"o":{"a":0,"k":100}}]},{"ty":"gr","nm":"f","it":[{"ty":"sh","nm":"P","d":1,"ks":{"a":0,"k":{"c":true,"i":[[-15.77,-15.12],[-20.38,2.19],[-17.08,-3.29],[-6.57,-17.09],[26.322,23.806],[20.523,0.028],[0.93,-3.095],[-2.666,32.383],[-1.97,32.87],[26.29,14.45],[11.18,-0.66],[29.28,-7.56],[-6.57,-21.03],[-2.762,-24.271],[-1.383,-8.101],[-70.213,-2.098],[5.875,1.053],[9.338,-7.806],[3.955,9.667]],"o":[[0,0],[20.37,-2.19],[17.09,3.29],[3.069,7.984],[-8.168,-7.387],[-2.492,-0.003],[-2.37,7.9],[4.725,-57.386],[1.97,-32.86],[-26.29,-14.46],[-11.17,0.65],[-29.29,7.57],[4.595,14.708],[1.187,10.432],[4.6,26.95],[10.528,0.315],[-10.227,-1.833],[-32.458,27.132],[-8.54,-20.9]],"v":[[-48.235,-40.11],[20.125,-39.02],[53.635,-67.06],[74.015,-4.62],[38.987,80.327],[-0.195,70.01],[2.264,117.68],[80.85,71.789],[97.675,-65.75],[58.895,-134.75],[-31.805,-153.81],[-79.075,-132.13],[-108.695,-67.06],[-95.616,1.493],[-85.749,63.598],[2.434,119.5],[-1.142,72.317],[-29.58,77.95],[-77.155,13.25]]}}},{"ty":"sh","nm":"P","d":1,"ks":{"a":0,"k":{"c":true,"i":[[58.49,-17.75],[1.738,-29.556],[-38.837,13.488],[-21.828,16.418],[-31.96,-12.167],[1.336,12.981]],"o":[[-20.846,6.321],[-2.987,50.82],[-33.909,-33.931],[-17.23,-12.474],[22.128,8.424],[-4.6,-44.69]],"v":[[-27.855,-158.41],[-76.13,-96.955],[9.37,-8.309],[63.524,-11.575],[75.725,-31.411],[99.452,-100.483]]}}},{"ty":"fl","nm":"F","c":{"a":0,"k":[0.102,0.18,0.208]},"r":1,"o":{"a":0,"k":100}},{"ty":"sh","nm":"P","d":1,"ks":{"a":0,"k":{"c":true,"i":[[0,-62.07],[48.2,0],[0,62.07],[-48.2,0]],"o":[[0,62.07],[-48.2,0],[0,-62.07],[48.2,0]],"v":[[87.275,0],[-0.005,112.38],[-87.275,0],[-0.005,-112.38]]}}},{"ty":"sh","nm":"P","d":1,"ks":{"a":0,"k":{"c":true,"i":[[-9.65,-15.49],[7.36,-7.6],[9.65,15.49],[-7.36,7.6]],"o":[[9.64,15.5],[-7.36,7.61],[-9.64,-15.49],[7.36,-7.6]],"v":[[-87.245,-17.12],[-83.115,24.69],[-113.905,10.41],[-118.035,-31.4]]}}},{"ty":"sh","nm":"P","d":1,"ks":{"a":0,"k":{"c":true,"i":[[8.34,-17.02],[8.37,5.38],[-8.34,17.02],[-8.37,-5.38]],"o":[[-8.34,17.03],[-8.36,-5.38],[8.34,-17.03],[8.37,5.38]],"v":[[109.095,1.09],[78.845,22.18],[78.795,-18.38],[109.045,-39.47]]}}},{"ty":"fl","nm":"F","c":{"a":0,"k":[1,0.78,0.828]},"r":1,"o":{"a":0,"k":100}},{"ty":"tr","a":{"a":0,"k":[0,122.321]},"s":{"a":0,"k":[100,100]},"sk":{"a":0,"k":0},"p":{"a":0,"k":[2050.735,1733.971]},"r":{"a":1,"k":[{"o":{"x":0.333,"y":0},"i":{"x":0.28,"y":1},"s":[0],"t":0},{"o":{"x":0.333,"y":0},"i":{"x":0.28,"y":1},"s":[-4.928],"t":9},{"o":{"x":0.333,"y":0},"i":{"x":0.28,"y":1},"s":[-4.928],"t":15},{"o":{"x":0.333,"y":0},"i":{"x":0.28,"y":1},"s":[5.005],"t":26},{"o":{"x":0.333,"y":0},"i":{"x":0.28,"y":1},"s":[5.005],"t":32},{"o":{"x":0.333,"y":0},"i":{"x":0.28,"y":1},"s":[0],"t":40},{"s":[0],"t":50}],"x":"var $bm_rt;\n$bm_rt = loopOut();"},"sa":{"a":0,"k":0},"o":{"a":0,"k":100}}]},{"ty":"gr","nm":"n","it":[{"ty":"sh","nm":"P","d":1,"ks":{"a":0,"k":{"c":true,"i":[[27.91,0],[0,-27.91],[0,0],[-42.61,33.01],[0,0]],"o":[[-27.91,0],[0,0],[29.92,25],[0,0],[0,-27.91]],"v":[[0,-107.71],[-50.75,-56.96],[-50.75,82.71],[50.75,61.6],[50.75,-56.96]]}}},{"ty":"fl","nm":"F","c":{"a":0,"k":[0.906,0.604,0.671]},"r":1,"o":{"a":0,"k":100}},{"ty":"sh","nm":"P","d":1,"ks":{"a":0,"k":{"c":true,"i":[[27.91,0],[0,27.91],[0,0],[-27.91,0],[0,-27.91],[0,0]],"o":[[-27.91,0],[0,0],[0,-27.91],[27.91,0],[0,0],[0,27.91]],"v":[[0,164.6],[-50.75,113.85],[-50.75,-56.96],[0,-107.71],[50.75,-56.96],[50.75,113.85]]}}},{"ty":"fl","nm":"F","c":{"a":0,"k":[1,0.78,0.828]},"r":1,"o":{"a":0,"k":100}},{"ty":"tr","a":{"a":0,"k":[0,0]},"s":{"a":0,"k":[100,100]},"sk":{"a":0,"k":0},"p":{"a":0,"k":[2048.45,1662.8]},"r":{"a":0,"k":0},"sa":{"a":0,"k":0},"o":{"a":0,"k":100}}]},{"ty":"gr","nm":"h","it":[{"ty":"sh","nm":"P","d":1,"ks":{"a":0,"k":{"c":false,"i":[[-0.154,-19.769],[87.175,-16.072]],"o":[[0.26,33.281],[-241.629,44.546]],"v":[[306.77,87.135],[70.731,165.581]]}}},{"ty":"st","nm":"S","lc":2,"lj":2,"ml":1,"o":{"a":0,"k":100},"w":{"a":0,"k":102},"c":{"a":0,"k":[1,0.757,0.028]}},{"ty":"tr","a":{"a":0,"k":[306.027,87.054]},"s":{"a":0,"k":[100,100]},"sk":{"a":0,"k":0},"p":{"a":0,"k":[2368.497,2075.259]},"r":{"a":1,"k":[{"o":{"x":0.167,"y":0.167},"i":{"x":0.833,"y":0.833},"s":[17],"t":0},{"o":{"x":0.167,"y":0.167},"i":{"x":0.833,"y":0.833},"s":[-1],"t":3},{"o":{"x":0.167,"y":0.167},"i":{"x":0.833,"y":0.833},"s":[17],"t":6},{"o":{"x":0.167,"y":0.167},"i":{"x":0.833,"y":0.833},"s":[17],"t":10},{"o":{"x":0.167,"y":0.167},"i":{"x":0.833,"y":0.833},"s":[-5],"t":14},{"o":{"x":0.167,"y":0.167},"i":{"x":0.833,"y":0.833},"s":[17],"t":16},{"s":[17],"t":20}],"x":"var $bm_rt;\n$bm_rt = loopOut();"},"sa":{"a":0,"k":0},"o":{"a":0,"k":100}}]},{"ty":"gr","nm":"h","it":[{"ty":"sh","nm":"P","d":1,"ks":{"a":0,"k":{"c":false,"i":[[0.161,-19.769],[-91.072,-16.072]],"o":[[-0.271,33.281],[252.429,44.546]],"v":[[-344.917,92.492],[-98.327,170.938]]}}},{"ty":"st","nm":"S","lc":2,"lj":2,"ml":1,"o":{"a":0,"k":100},"w":{"a":0,"k":102},"c":{"a":0,"k":[1,0.757,0.028]}},{"ty":"tr","a":{"a":0,"k":[-345.536,92.857]},"s":{"a":0,"k":[100,100]},"sk":{"a":0,"k":0},"p":{"a":0,"k":[1716.934,2081.062]},"r":{"a":1,"k":[{"o":{"x":0.167,"y":0.167},"i":{"x":0.833,"y":0.833},"s":[-19],"t":0},{"o":{"x":0.167,"y":0.167},"i":{"x":0.833,"y":0.833},"s":[-19],"t":6},{"o":{"x":0.167,"y":0.167},"i":{"x":0.833,"y":0.833},"s":[-2],"t":11},{"o":{"x":0.167,"y":0.167},"i":{"x":0.833,"y":0.833},"s":[-7.667],"t":14},{"o":{"x":0.167,"y":0.167},"i":{"x":0.833,"y":0.833},"s":[1.667],"t":16},{"s":[-19],"t":20}],"x":"var $bm_rt;\n$bm_rt = loopOut();"},"sa":{"a":0,"k":0},"o":{"a":0,"k":100}}]},{"ty":"gr","nm":"b","it":[{"ty":"sh","nm":"P","d":1,"ks":{"a":0,"k":{"c":true,"i":[[0,0],[2.59,-38.59],[-116.93,-40.74],[0,0],[40.74,64.32],[0,0]],"o":[[-13.59,2.14],[-2.59,38.59],[116.92,40.74],[0,0],[-40.74,-64.33],[0,0]],"v":[[-51.18,-283.025],[-278.57,-150.155],[-103.78,242.285],[143.94,242.285],[240.42,-160.805],[15.29,-283.025]]}}},{"ty":"fl","nm":"F","c":{"a":0,"k":[0.941,0.718,0.039]},"r":1,"o":{"a":0,"k":100}},{"ty":"tr","a":{"a":0,"k":[0,0]},"s":{"a":0,"k":[100,100]},"sk":{"a":0,"k":0},"p":{"a":0,"k":[2062.47,1988.205]},"r":{"a":0,"k":0},"sa":{"a":0,"k":0},"o":{"a":0,"k":100}}]},{"ty":"gr","nm":"h","it":[{"ty":"sh","nm":"P","d":1,"ks":{"a":0,"k":{"c":false,"i":[[0,0],[0.161,-19.769]],"o":[[0,0],[-0.271,33.281]],"v":[[-234.042,-123.705],[-344.917,92.492]]}}},{"ty":"sh","nm":"P","d":1,"ks":{"a":0,"k":{"c":false,"i":[[0,0],[-0.154,-19.769]],"o":[[0,0],[0.26,33.281]],"v":[[200.638,-129.063],[306.77,87.135]]}}},{"ty":"st","nm":"S","lc":2,"lj":2,"ml":1,"o":{"a":0,"k":100},"w":{"a":0,"k":102},"c":{"a":0,"k":[1,0.757,0.028]}},{"ty":"tr","a":{"a":0,"k":[0,0]},"s":{"a":0,"k":[100,100]},"sk":{"a":0,"k":0},"p":{"a":0,"k":[2062.47,1988.205]},"r":{"a":0,"k":0},"sa":{"a":0,"k":0},"o":{"a":0,"k":100}}]},{"ty":"gr","nm":"l","it":[{"ty":"sh","nm":"P","d":1,"ks":{"a":0,"k":{"c":true,"i":[[0,0],[144.94,-137.23],[-262.8,34.62],[-32.4,0.77],[158.1,113.33],[75.04,-40.74]],"o":[[0,0],[-115.73,109.57],[184.98,-24.36],[241.11,-18.47],[-215.37,-154.38],[-75.05,40.73]],"v":[[-32.97,53.8],[-520.55,-46.96],[-168.05,156.72],[70.3,166.98],[478.18,-36.96],[42.08,13.07]]}}},{"ty":"fl","nm":"F","c":{"a":0,"k":[0.102,0.18,0.208]},"r":1,"o":{"a":0,"k":100}},{"ty":"tr","a":{"a":0,"k":[0,0]},"s":{"a":0,"k":[100,100]},"sk":{"a":0,"k":0},"p":{"a":0,"k":[2087.14,2210.99]},"r":{"a":0,"k":0},"sa":{"a":0,"k":0},"o":{"a":0,"k":100}}]},{"ty":"tr","a":{"a":0,"k":[0,0]},"s":{"a":0,"k":[100,100],"x":"var $bm_rt;\n$bm_rt = content('man 1').transform.scale;"},"sk":{"a":0,"k":0},"p":{"a":1,"k":[{"o":{"x":0.333,"y":0},"i":{"x":0.667,"y":1},"s":[-489.286,124],"t":0,"ti":[0,0],"to":[0,0]},{"o":{"x":0.333,"y":0},"i":{"x":0.667,"y":1},"s":[-489.286,165],"t":25,"ti":[0,0],"to":[0,0]},{"s":[-489.286,124],"t":50}],"x":"var $bm_rt;\n$bm_rt = loopOut();"},"r":{"a":0,"k":0},"sa":{"a":0,"k":0},"o":{"a":0,"k":100}}]},{"ty":"gr","nm":"b","it":[{"ty":"sh","nm":"P","d":1,"ks":{"a":0,"k":{"c":true,"i":[[58.19,0],[116.77,9.96],[120.35,0],[50.3,-3.61],[60.88,0],[-436.631,22.68],[-310.57,0],[-8.3,-0.02],[443.02,-28]],"o":[[-140.26,0],[-116.78,-9.97],[-46.89,0],[-61.24,4.41],[-298.972,0],[511,-26.53],[8.85,0],[347.3,0.87],[-65.53,4.14]],"v":[[452.18,68.28],[73.38,48.35],[-275.519,28.41],[-420.919,33.54],[-606.62,39.86],[-702.16,-28.87],[765.75,-68.28],[791.49,-68.25],[637.271,62.42]]}}},{"ty":"fl","nm":"F","c":{"a":0,"k":[0.502,0.553,0.573]},"r":1,"o":{"a":0,"k":50}},{"ty":"tr","a":{"a":0,"k":[0,0]},"s":{"a":1,"k":[{"o":{"x":0.167,"y":0.167},"i":{"x":0.833,"y":0.833},"s":[67.167,100],"t":0},{"o":{"x":0.167,"y":0.167},"i":{"x":0.833,"y":0.833},"s":[63.23,100],"t":25},{"s":[67.167,100],"t":50}],"x":"var $bm_rt;\n$bm_rt = loopOut();"},"sk":{"a":0,"k":0},"p":{"a":0,"k":[1570.941,2639.887]},"r":{"a":0,"k":0},"sa":{"a":0,"k":0},"o":{"a":1,"k":[{"o":{"x":0.333,"y":0},"i":{"x":0.667,"y":1},"s":[50],"t":0},{"o":{"x":0.333,"y":0},"i":{"x":0.667,"y":1},"s":[80],"t":25},{"s":[50],"t":50}],"x":"var $bm_rt;\n$bm_rt = loopOut();"}}]}],"ind":2},{"ty":4,"nm":"C","sr":1,"st":0,"op":103,"ip":0,"hasMask":false,"ao":0,"ks":{"a":{"a":0,"k":[-231,-48,0]},"s":{"a":0,"k":[90,90,100]},"sk":{"a":0,"k":0},"p":{"a":1,"k":[{"o":{"x":0.167,"y":0.167},"i":{"x":0.833,"y":0.833},"s":[298.4,519,0],"t":0,"ti":[0,57.346,0],"to":[0,-27.18,0]},{"s":[298.4,345.734,0],"t":102}]},"r":{"a":0,"k":0},"sa":{"a":0,"k":0},"o":{"a":1,"k":[{"o":{"x":0.167,"y":0.167},"i":{"x":0.833,"y":0.833},"s":[0],"t":0},{"o":{"x":0.167,"y":0.167},"i":{"x":0.833,"y":0.833},"s":[100],"t":12},{"o":{"x":0.167,"y":0.167},"i":{"x":0.833,"y":0.833},"s":[100],"t":81},{"s":[0],"t":102}]}},"ef":[],"shapes":[{"ty":"gr","nm":"S","it":[{"ty":"sh","nm":"P","d":1,"ks":{"a":0,"k":{"c":false,"i":[[0,0],[0,0]],"o":[[0,0],[0,0]],"v":[[-339,-150],[-276,-150]]}}},{"ty":"sh","nm":"P","d":1,"ks":{"a":0,"k":{"c":false,"i":[[0,0],[0,0]],"o":[[0,0],[0,0]],"v":[[-339,-127],[-130,-127]]}}},{"ty":"sh","nm":"P","d":1,"ks":{"a":0,"k":{"c":false,"i":[[0,0],[0,0]],"o":[[0,0],[0,0]],"v":[[-339,-107],[-152,-107]]}}},{"ty":"sh","nm":"P","d":1,"ks":{"a":0,"k":{"c":false,"i":[[0,0],[0,0]],"o":[[0,0],[0,0]],"v":[[-339,-87],[-137,-87]]}}},{"ty":"sh","nm":"P","d":1,"ks":{"a":0,"k":{"c":false,"i":[[0,0],[0,0]],"o":[[0,0],[0,0]],"v":[[-339,-67],[-130,-67]]}}},{"ty":"sh","nm":"P","d":1,"ks":{"a":0,"k":{"c":false,"i":[[0,0],[0,0]],"o":[[0,0],[0,0]],"v":[[-339,-47],[-183,-47]]}}},{"ty":"tm","nm":"T","e":{"a":1,"k":[{"o":{"x":0.167,"y":0.167},"i":{"x":0.833,"y":0.833},"s":[0],"t":51},{"s":[100],"t":96}]},"o":{"a":0,"k":0},"s":{"a":0,"k":0},"m":2},{"ty":"st","nm":"S","lc":1,"lj":1,"ml":4,"o":{"a":0,"k":100},"w":{"a":0,"k":5},"c":{"a":0,"k":[1,0.757,0.028]}},{"ty":"tr","a":{"a":0,"k":[0,0]},"s":{"a":0,"k":[100,100]},"sk":{"a":0,"k":0},"p":{"a":0,"k":[0,131]},"r":{"a":0,"k":0},"sa":{"a":0,"k":0},"o":{"a":0,"k":100}}]},{"ty":"gr","nm":"S","it":[{"ty":"sh","nm":"P","d":1,"ks":{"a":0,"k":{"c":false,"i":[[0,0],[0,0]],"o":[[0,0],[0,0]],"v":[[-339,-150],[-276,-150]]}}},{"ty":"sh","nm":"P","d":1,"ks":{"a":0,"k":{"c":false,"i":[[0,0],[0,0]],"o":[[0,0],[0,0]],"v":[[-339,-127],[-130,-127]]}}},{"ty":"sh","nm":"P","d":1,"ks":{"a":0,"k":{"c":false,"i":[[0,0],[0,0]],"o":[[0,0],[0,0]],"v":[[-339,-107],[-154,-107]]}}},{"ty":"sh","nm":"P","d":1,"ks":{"a":0,"k":{"c":false,"i":[[0,0],[0,0]],"o":[[0,0],[0,0]],"v":[[-339,-87],[-130,-87]]}}},{"ty":"sh","nm":"P","d":1,"ks":{"a":0,"k":{"c":false,"i":[[0,0],[0,0]],"o":[[0,0],[0,0]],"v":[[-339,-67],[-139.5,-67]]}}},{"ty":"sh","nm":"P","d":1,"ks":{"a":0,"k":{"c":false,"i":[[0,0],[0,0]],"o":[[0,0],[0,0]],"v":[[-339,-47],[-180.5,-47]]}}},{"ty":"tm","nm":"T","e":{"a":1,"k":[{"o":{"x":0.167,"y":0.167},"i":{"x":0.833,"y":0.833},"s":[0],"t":6},{"s":[100],"t":51}]},"o":{"a":0,"k":0},"s":{"a":0,"k":0},"m":2},{"ty":"st","nm":"S","lc":1,"lj":1,"ml":4,"o":{"a":0,"k":100},"w":{"a":0,"k":5},"c":{"a":0,"k":[1,0.757,0.028]}},{"ty":"tr","a":{"a":0,"k":[0,0]},"s":{"a":0,"k":[100,100]},"sk":{"a":0,"k":0},"p":{"a":0,"k":[0,0]},"r":{"a":0,"k":0},"sa":{"a":0,"k":0},"o":{"a":0,"k":100}}]},{"ty":"gr","nm":"R","it":[{"ty":"sh","nm":"P","d":1,"ks":{"a":0,"k":{"c":true,"i":[[0,-11.046],[0,0],[0,0],[0,0],[-11.046,0],[0,0]],"o":[[0,0],[0,0],[0,0],[0,-11.046],[0,0],[11.046,0]],"v":[[135,-155.5],[135,-130.5],[-135,-130.5],[-135,-155.5],[-115,-175.5],[115,-175.5]]}}},{"ty":"fl","nm":"F","c":{"a":0,"k":[0.231,0.294,0.318]},"r":1,"o":{"a":0,"k":100}},{"ty":"tr","a":{"a":0,"k":[0,0]},"s":{"a":0,"k":[100,100]},"sk":{"a":0,"k":0},"p":{"a":0,"k":[-231,-48]},"r":{"a":0,"k":0},"sa":{"a":0,"k":0},"o":{"a":0,"k":100}}]},{"ty":"gr","nm":"R","it":[{"ty":"rc","nm":"R","d":1,"p":{"a":0,"k":[0,0]},"r":{"a":0,"k":20},"s":{"a":0,"k":[270,352]}},{"ty":"fl","nm":"F","c":{"a":0,"k":[0.298,0.357,0.377]},"r":1,"o":{"a":0,"k":100}},{"ty":"tr","a":{"a":0,"k":[0,0]},"s":{"a":0,"k":[100,100]},"sk":{"a":0,"k":0},"p":{"a":0,"k":[-231,-48]},"r":{"a":0,"k":0},"sa":{"a":0,"k":0},"o":{"a":0,"k":100}}]}],"ind":3},{"ty":4,"nm":"C","sr":1,"st":97,"op":200,"ip":97,"hasMask":false,"ao":0,"ks":{"a":{"a":0,"k":[-310,-116.5,0]},"s":{"a":0,"k":[90,90,100]},"sk":{"a":0,"k":0},"p":{"a":1,"k":[{"o":{"x":0.167,"y":0.167},"i":{"x":0.833,"y":0.833},"s":[662.9,460.95,0],"t":97,"ti":[0,57.346,0],"to":[0,-27.181,0]},{"s":[662.9,287.675,0],"t":199}]},"r":{"a":0,"k":0},"sa":{"a":0,"k":0},"o":{"a":1,"k":[{"o":{"x":0.167,"y":0.167},"i":{"x":0.833,"y":0.833},"s":[0],"t":97},{"o":{"x":0.167,"y":0.167},"i":{"x":0.833,"y":0.833},"s":[100],"t":109},{"o":{"x":0.167,"y":0.167},"i":{"x":0.833,"y":0.833},"s":[100],"t":178},{"s":[0],"t":199}]}},"ef":[],"shapes":[{"ty":"gr","nm":"S","it":[{"ty":"rc","nm":"R","d":1,"p":{"a":0,"k":[-388,-99]},"r":{"a":0,"k":0},"s":{"a":0,"k":[66,114]}},{"ty":"sh","nm":"P","d":1,"ks":{"a":0,"k":{"c":false,"i":[[0,0],[0,0]],"o":[[0,0],[0,0]],"v":[[-339,-150],[-276,-150]]}}},{"ty":"sh","nm":"P","d":1,"ks":{"a":0,"k":{"c":false,"i":[[0,0],[0,0]],"o":[[0,0],[0,0]],"v":[[-339,-127],[-130,-127]]}}},{"ty":"sh","nm":"P","d":1,"ks":{"a":0,"k":{"c":false,"i":[[0,0],[0,0]],"o":[[0,0],[0,0]],"v":[[-339,-107],[-154,-107]]}}},{"ty":"sh","nm":"P","d":1,"ks":{"a":0,"k":{"c":false,"i":[[0,0],[0,0]],"o":[[0,0],[0,0]],"v":[[-339,-87],[-130,-87]]}}},{"ty":"sh","nm":"P","d":1,"ks":{"a":0,"k":{"c":false,"i":[[0,0],[0,0]],"o":[[0,0],[0,0]],"v":[[-339,-67],[-139.5,-67]]}}},{"ty":"sh","nm":"P","d":1,"ks":{"a":0,"k":{"c":false,"i":[[0,0],[0,0]],"o":[[0,0],[0,0]],"v":[[-339,-47],[-180.5,-47]]}}},{"ty":"tm","nm":"T","e":{"a":1,"k":[{"o":{"x":0.167,"y":0.167},"i":{"x":0.833,"y":0.833},"s":[0],"t":97},{"s":[100],"t":192}]},"o":{"a":0,"k":0},"s":{"a":0,"k":0},"m":2},{"ty":"st","nm":"S","lc":1,"lj":1,"ml":4,"o":{"a":0,"k":100},"w":{"a":0,"k":5},"c":{"a":0,"k":[1,0.757,0.028]}},{"ty":"tr","a":{"a":0,"k":[0,0]},"s":{"a":0,"k":[100,100]},"sk":{"a":0,"k":0},"p":{"a":0,"k":[6,0]},"r":{"a":0,"k":0},"sa":{"a":0,"k":0},"o":{"a":0,"k":100}}]},{"ty":"gr","nm":"R","it":[{"ty":"sh","nm":"P","d":1,"ks":{"a":0,"k":{"c":true,"i":[[0,-11.046],[0,0],[0,0],[0,0],[-11.046,0],[0,0]],"o":[[0,0],[0,0],[0,0],[0,-11.046],[0,0],[11.046,0]],"v":[[135,-155.5],[135,-130.5],[-215,-130.5],[-215,-155.5],[-195,-175.5],[115,-175.5]]}}},{"ty":"fl","nm":"F","c":{"a":0,"k":[0.231,0.294,0.318]},"r":1,"o":{"a":0,"k":100}},{"ty":"tr","a":{"a":0,"k":[0,0]},"s":{"a":0,"k":[100,100]},"sk":{"a":0,"k":0},"p":{"a":0,"k":[-231,-48]},"r":{"a":0,"k":0},"sa":{"a":0,"k":0},"o":{"a":0,"k":100}}]},{"ty":"gr","nm":"R","it":[{"ty":"sh","nm":"P","d":1,"ks":{"a":0,"k":{"c":true,"i":[[0,-11.046],[0,0],[11.046,0],[0,0],[0,11.046],[0,0],[-11.046,0],[0,0]],"o":[[0,0],[0,11.046],[0,0],[-11.046,0],[0,0],[0,-11.046],[0,0],[11.046,0]],"v":[[135,-156],[135,19],[115,39],[-195,39],[-215,19],[-215,-156],[-195,-176],[115,-176]]}}},{"ty":"fl","nm":"F","c":{"a":0,"k":[0.298,0.357,0.377]},"r":1,"o":{"a":0,"k":100}},{"ty":"tr","a":{"a":0,"k":[0,0]},"s":{"a":0,"k":[100,100]},"sk":{"a":0,"k":0},"p":{"a":0,"k":[-231,-48]},"r":{"a":0,"k":0},"sa":{"a":0,"k":0},"o":{"a":0,"k":100}}]}],"ind":4},{"ty":4,"nm":"P","sr":1,"st":-2,"op":200,"ip":-4,"hasMask":false,"ao":0,"ks":{"a":{"a":0,"k":[-351,-8,0]},"s":{"a":0,"k":[105.3,105.3,100]},"sk":{"a":0,"k":0},"p":{"a":0,"k":[495.5,436.2,0]},"r":{"a":0,"k":0},"sa":{"a":0,"k":0},"o":{"a":0,"k":100}},"ef":[],"shapes":[{"ty":"gr","nm":"R","it":[{"ty":"sh","nm":"P","d":1,"ks":{"a":0,"k":{"c":true,"i":[[0,-11.046],[0,0],[0,0],[0,0],[-11.046,0],[0,0]],"o":[[0,0],[0,0],[0,0],[0,-11.046],[0,0],[11.046,0]],"v":[[255,-155.5],[255,-130.5],[-495,-130.5],[-495,-155.5],[-475,-175.5],[235,-175.5]]}}},{"ty":"fl","nm":"F","c":{"a":0,"k":[0.357,0.42,0.443]},"r":1,"o":{"a":0,"k":100}},{"ty":"tr","a":{"a":0,"k":[0,0]},"s":{"a":0,"k":[100,100]},"sk":{"a":0,"k":0},"p":{"a":0,"k":[-231,-48]},"r":{"a":0,"k":0},"sa":{"a":0,"k":0},"o":{"a":0,"k":100}}]},{"ty":"gr","nm":"g","it":[{"ty":"sh","nm":"P","d":1,"ks":{"a":0,"k":{"c":true,"i":[[23.257,0],[0,-23.257],[-23.257,0],[0,23.257]],"o":[[-23.257,0],[0,23.257],[23.257,0],[0,-23.257]],"v":[[-330.915,-38.402],[-373.026,3.709],[-330.915,45.821],[-288.803,3.709]]}}},{"ty":"sh","nm":"P","d":1,"ks":{"a":0,"k":{"c":true,"i":[[0,0],[0,0],[0,0],[7.446,4.89],[0,0],[0,0],[0,0],[1.868,9.022],[0,0],[0,0],[0,0],[-4.89,7.45],[0,0],[0,0],[0,0],[-9.018,1.865],[0,0],[0,0],[0,0],[-7.458,-4.889],[0,0],[0,0],[0,0],[-1.867,-9.017],[0,0],[0,0],[0,0],[4.89,-7.452],[0,0],[0,0],[0,0],[9.018,-1.865]],"o":[[0,0],[0,0],[-9.018,-1.865],[0,0],[0,0],[0,0],[-4.89,-7.452],[0,0],[0,0],[0,0],[1.868,-9.017],[0,0],[0,0],[0,0],[7.446,-4.889],[0,0],[0,0],[0,0],[9.018,1.865],[0,0],[0,0],[0,0],[4.89,7.45],[0,0],[0,0],[0,0],[-1.867,9.022],[0,0],[0,0],[0,0],[-7.458,4.89],[0,0]],"v":[[-318.539,88.788],[-345.445,88.788],[-346.748,74.929],[-371.603,64.599],[-382.353,73.495],[-401.373,54.478],[-392.477,43.729],[-402.81,18.874],[-416.669,17.571],[-416.669,-9.334],[-402.81,-10.637],[-392.477,-35.492],[-401.373,-46.236],[-382.353,-65.26],[-371.603,-56.363],[-346.748,-66.692],[-345.445,-80.552],[-318.539,-80.552],[-317.236,-66.692],[-292.381,-56.363],[-281.643,-65.26],[-262.611,-46.236],[-271.518,-35.492],[-261.186,-10.637],[-247.327,-9.334],[-247.327,17.571],[-261.186,18.874],[-271.518,43.729],[-262.611,54.478],[-281.643,73.495],[-292.381,64.599],[-317.236,74.929]]}}},{"ty":"fl","nm":"F","c":{"a":0,"k":[0.357,0.42,0.443]},"r":1,"o":{"a":0,"k":50}},{"ty":"tr","a":{"a":0,"k":[-331.624,3.846]},"s":{"a":0,"k":[68,68]},"sk":{"a":0,"k":0},"p":{"a":0,"k":[-407.624,-105.154]},"r":{"a":1,"k":[{"o":{"x":0.167,"y":0.167},"i":{"x":0.833,"y":0.833},"s":[0],"t":-2},{"s":[-360],"t":197}]},"sa":{"a":0,"k":0},"o":{"a":0,"k":100}}]},{"ty":"gr","nm":"g","it":[{"ty":"sh","nm":"P","d":1,"ks":{"a":0,"k":{"c":true,"i":[[23.257,0],[0,-23.257],[-23.257,0],[0,23.257]],"o":[[-23.257,0],[0,23.257],[23.257,0],[0,-23.257]],"v":[[-330.915,-38.402],[-373.026,3.709],[-330.915,45.821],[-288.803,3.709]]}}},{"ty":"sh","nm":"P","d":1,"ks":{"a":0,"k":{"c":true,"i":[[0,0],[0,0],[0,0],[7.446,4.89],[0,0],[0,0],[0,0],[1.868,9.022],[0,0],[0,0],[0,0],[-4.89,7.45],[0,0],[0,0],[0,0],[-9.018,1.865],[0,0],[0,0],[0,0],[-7.458,-4.889],[0,0],[0,0],[0,0],[-1.867,-9.017],[0,0],[0,0],[0,0],[4.89,-7.452],[0,0],[0,0],[0,0],[9.018,-1.865]],"o":[[0,0],[0,0],[-9.018,-1.865],[0,0],[0,0],[0,0],[-4.89,-7.452],[0,0],[0,0],[0,0],[1.868,-9.017],[0,0],[0,0],[0,0],[7.446,-4.889],[0,0],[0,0],[0,0],[9.018,1.865],[0,0],[0,0],[0,0],[4.89,7.45],[0,0],[0,0],[0,0],[-1.867,9.022],[0,0],[0,0],[0,0],[-7.458,4.89],[0,0]],"v":[[-318.539,88.788],[-345.445,88.788],[-346.748,74.929],[-371.603,64.599],[-382.353,73.495],[-401.373,54.478],[-392.477,43.729],[-402.81,18.874],[-416.669,17.571],[-416.669,-9.334],[-402.81,-10.637],[-392.477,-35.492],[-401.373,-46.236],[-382.353,-65.26],[-371.603,-56.363],[-346.748,-66.692],[-345.445,-80.552],[-318.539,-80.552],[-317.236,-66.692],[-292.381,-56.363],[-281.643,-65.26],[-262.611,-46.236],[-271.518,-35.492],[-261.186,-10.637],[-247.327,-9.334],[-247.327,17.571],[-261.186,18.874],[-271.518,43.729],[-262.611,54.478],[-281.643,73.495],[-292.381,64.599],[-317.236,74.929]]}}},{"ty":"fl","nm":"F","c":{"a":0,"k":[0.357,0.42,0.443]},"r":1,"o":{"a":0,"k":50}},{"ty":"tr","a":{"a":0,"k":[-331.624,3.846]},"s":{"a":0,"k":[62,62]},"sk":{"a":0,"k":0},"p":{"a":0,"k":[-470.624,95.846]},"r":{"a":1,"k":[{"o":{"x":0.167,"y":0.167},"i":{"x":0.833,"y":0.833},"s":[0],"t":-2},{"s":[360],"t":197}]},"sa":{"a":0,"k":0},"o":{"a":0,"k":100}}]},{"ty":"gr","nm":"g","it":[{"ty":"sh","nm":"P","d":1,"ks":{"a":0,"k":{"c":true,"i":[[23.257,0],[0,-23.257],[-23.257,0],[0,23.257]],"o":[[-23.257,0],[0,23.257],[23.257,0],[0,-23.257]],"v":[[-330.915,-38.402],[-373.026,3.709],[-330.915,45.821],[-288.803,3.709]]}}},{"ty":"sh","nm":"P","d":1,"ks":{"a":0,"k":{"c":true,"i":[[0,0],[0,0],[0,0],[7.446,4.89],[0,0],[0,0],[0,0],[1.868,9.022],[0,0],[0,0],[0,0],[-4.89,7.45],[0,0],[0,0],[0,0],[-9.018,1.865],[0,0],[0,0],[0,0],[-7.458,-4.889],[0,0],[0,0],[0,0],[-1.867,-9.017],[0,0],[0,0],[0,0],[4.89,-7.452],[0,0],[0,0],[0,0],[9.018,-1.865]],"o":[[0,0],[0,0],[-9.018,-1.865],[0,0],[0,0],[0,0],[-4.89,-7.452],[0,0],[0,0],[0,0],[1.868,-9.017],[0,0],[0,0],[0,0],[7.446,-4.889],[0,0],[0,0],[0,0],[9.018,1.865],[0,0],[0,0],[0,0],[4.89,7.45],[0,0],[0,0],[0,0],[-1.867,9.022],[0,0],[0,0],[0,0],[-7.458,4.89],[0,0]],"v":[[-318.539,88.788],[-345.445,88.788],[-346.748,74.929],[-371.603,64.599],[-382.353,73.495],[-401.373,54.478],[-392.477,43.729],[-402.81,18.874],[-416.669,17.571],[-416.669,-9.334],[-402.81,-10.637],[-392.477,-35.492],[-401.373,-46.236],[-382.353,-65.26],[-371.603,-56.363],[-346.748,-66.692],[-345.445,-80.552],[-318.539,-80.552],[-317.236,-66.692],[-292.381,-56.363],[-281.643,-65.26],[-262.611,-46.236],[-271.518,-35.492],[-261.186,-10.637],[-247.327,-9.334],[-247.327,17.571],[-261.186,18.874],[-271.518,43.729],[-262.611,54.478],[-281.643,73.495],[-292.381,64.599],[-317.236,74.929]]}}},{"ty":"fl","nm":"F","c":{"a":0,"k":[0.357,0.42,0.443]},"r":1,"o":{"a":0,"k":50}},{"ty":"tr","a":{"a":0,"k":[-331.624,3.846]},"s":{"a":0,"k":[176,176]},"sk":{"a":0,"k":0},"p":{"a":0,"k":[-176.624,14.846]},"r":{"a":1,"k":[{"o":{"x":0.167,"y":0.167},"i":{"x":0.833,"y":0.833},"s":[0],"t":-2},{"s":[-360],"t":197}]},"sa":{"a":0,"k":0},"o":{"a":0,"k":100}}]},{"ty":"gr","nm":"g","it":[{"ty":"sh","nm":"P","d":1,"ks":{"a":0,"k":{"c":true,"i":[[23.257,0],[0,-23.257],[-23.257,0],[0,23.257]],"o":[[-23.257,0],[0,23.257],[23.257,0],[0,-23.257]],"v":[[-330.915,-38.402],[-373.026,3.709],[-330.915,45.821],[-288.803,3.709]]}}},{"ty":"sh","nm":"P","d":1,"ks":{"a":0,"k":{"c":true,"i":[[0,0],[0,0],[0,0],[7.446,4.89],[0,0],[0,0],[0,0],[1.868,9.022],[0,0],[0,0],[0,0],[-4.89,7.45],[0,0],[0,0],[0,0],[-9.018,1.865],[0,0],[0,0],[0,0],[-7.458,-4.889],[0,0],[0,0],[0,0],[-1.867,-9.017],[0,0],[0,0],[0,0],[4.89,-7.452],[0,0],[0,0],[0,0],[9.018,-1.865]],"o":[[0,0],[0,0],[-9.018,-1.865],[0,0],[0,0],[0,0],[-4.89,-7.452],[0,0],[0,0],[0,0],[1.868,-9.017],[0,0],[0,0],[0,0],[7.446,-4.889],[0,0],[0,0],[0,0],[9.018,1.865],[0,0],[0,0],[0,0],[4.89,7.45],[0,0],[0,0],[0,0],[-1.867,9.022],[0,0],[0,0],[0,0],[-7.458,4.89],[0,0]],"v":[[-318.539,88.788],[-345.445,88.788],[-346.748,74.929],[-371.603,64.599],[-382.353,73.495],[-401.373,54.478],[-392.477,43.729],[-402.81,18.874],[-416.669,17.571],[-416.669,-9.334],[-402.81,-10.637],[-392.477,-35.492],[-401.373,-46.236],[-382.353,-65.26],[-371.603,-56.363],[-346.748,-66.692],[-345.445,-80.552],[-318.539,-80.552],[-317.236,-66.692],[-292.381,-56.363],[-281.643,-65.26],[-262.611,-46.236],[-271.518,-35.492],[-261.186,-10.637],[-247.327,-9.334],[-247.327,17.571],[-261.186,18.874],[-271.518,43.729],[-262.611,54.478],[-281.643,73.495],[-292.381,64.599],[-317.236,74.929]]}}},{"ty":"fl","nm":"F","c":{"a":0,"k":[0.357,0.42,0.443]},"r":1,"o":{"a":0,"k":50}},{"ty":"tr","a":{"a":0,"k":[-331.624,3.846]},"s":{"a":0,"k":[100,100]},"sk":{"a":0,"k":0},"p":{"a":0,"k":[-562.624,-44.154]},"r":{"a":1,"k":[{"o":{"x":0.167,"y":0.167},"i":{"x":0.833,"y":0.833},"s":[0],"t":-2},{"s":[360],"t":197}]},"sa":{"a":0,"k":0},"o":{"a":0,"k":100}}]},{"ty":"gr","nm":"R","it":[{"ty":"sh","nm":"P","d":1,"ks":{"a":0,"k":{"c":true,"i":[[0,-11.046],[0,0],[11.046,0],[0,0],[0,11.046],[0,0],[-11.046,0],[0,0]],"o":[[0,0],[0,11.046],[0,0],[-11.046,0],[0,0],[0,-11.046],[0,0],[11.046,0]],"v":[[255,-156],[255,236],[235,256],[-475,256],[-495,236],[-495,-156],[-475,-176],[235,-176]]}}},{"ty":"fl","nm":"F","c":{"a":0,"k":[0.502,0.557,0.573]},"r":1,"o":{"a":0,"k":100}},{"ty":"tr","a":{"a":0,"k":[0,0]},"s":{"a":0,"k":[100,100]},"sk":{"a":0,"k":0},"p":{"a":0,"k":[-231,-48]},"r":{"a":0,"k":0},"sa":{"a":0,"k":0},"o":{"a":0,"k":100}}]}],"ind":5}],"v":"5.7.1","fr":25,"op":200,"ip":0,"assets":[]}