{"nm":"9","h":1080,"w":1920,"meta":{"g":"@lottiefiles/toolkit-js 0.33.2"},"layers":[{"ty":4,"nm":"L","sr":1,"st":0,"op":120,"ip":0,"hasMask":false,"ao":0,"ks":{"a":{"a":0,"k":[211.872,211.872,0]},"s":{"a":0,"k":[100,100,100]},"sk":{"a":0,"k":0},"p":{"a":0,"k":[506.533,370.52,0]},"r":{"a":1,"k":[{"o":{"x":0.167,"y":0.167},"i":{"x":0.833,"y":0.833},"s":[0],"t":0},{"s":[720],"t":119}]},"sa":{"a":0,"k":0},"o":{"a":0,"k":100}},"ef":[],"shapes":[{"ty":"gr","nm":"G","it":[{"ty":"sh","nm":"P","d":1,"ks":{"a":0,"k":{"c":true,"i":[[0,-116.866],[9.557,-24.135],[8.771,-12.764],[0,0],[0,0]],"o":[[0,27.522],[-5.807,14.578],[0,0],[0,0],[116.926,0]],"v":[[105.826,46.244],[91.006,124.154],[69.109,165.348],[-105.826,46.244],[-105.826,-165.348]]}}},{"ty":"fl","nm":"F","c":{"a":0,"k":[0.973,0.737,0.098]},"r":1,"o":{"a":0,"k":100}},{"ty":"tr","a":{"a":0,"k":[0,0]},"s":{"a":0,"k":[100,100]},"sk":{"a":0,"k":0},"p":{"a":0,"k":[317.668,165.598]},"r":{"a":0,"k":0},"sa":{"a":0,"k":0},"o":{"a":0,"k":100}}]},{"ty":"gr","nm":"G","it":[{"ty":"sh","nm":"P","d":1,"ks":{"a":0,"k":{"c":true,"i":[[0,0],[8.771,-12.763],[72.707,0],[38.774,44.097],[0,0],[0,0]],"o":[[-5.807,14.578],[-38.048,55.892],[-63.333,0],[0,0],[0,0],[0,0]],"v":[[177.9,-27.916],[156.002,13.277],[-18.932,105.826],[-177.9,33.844],[-18.932,-105.826],[112.994,-105.826]]}}},{"ty":"fl","nm":"F","c":{"a":0,"k":[0.757,0.557,0.047]},"r":1,"o":{"a":0,"k":100}},{"ty":"tr","a":{"a":0,"k":[0,0]},"s":{"a":0,"k":[100,100]},"sk":{"a":0,"k":0},"p":{"a":0,"k":[230.775,317.668]},"r":{"a":0,"k":0},"sa":{"a":0,"k":0},"o":{"a":0,"k":100}}]},{"ty":"gr","nm":"G","it":[{"ty":"sh","nm":"P","d":1,"ks":{"a":0,"k":{"c":true,"i":[[0,-116.866],[9.557,-24.135],[8.771,-12.764],[72.708,0],[38.774,44.097],[0,53.533],[-116.866,0]],"o":[[0,27.522],[-5.807,14.578],[-38.048,55.892],[-63.333,0],[-32.785,-37.262],[0,-116.866],[116.926,0]],"v":[[211.622,-0.03],[196.802,77.88],[174.905,119.074],[-0.03,211.622],[-158.997,139.64],[-211.622,-0.03],[-0.03,-211.622]]}}},{"ty":"fl","nm":"F","c":{"a":0,"k":[0.973,0.737,0.098]},"r":1,"o":{"a":0,"k":100}},{"ty":"tr","a":{"a":0,"k":[0,0]},"s":{"a":0,"k":[100,100]},"sk":{"a":0,"k":0},"p":{"a":0,"k":[211.872,211.872]},"r":{"a":0,"k":0},"sa":{"a":0,"k":0},"o":{"a":0,"k":100}}]}],"ind":1},{"ty":4,"nm":"L","sr":1,"st":0,"op":120,"ip":0,"hasMask":false,"ao":0,"ks":{"a":{"a":0,"k":[73.742,164.518,0]},"s":{"a":0,"k":[100,100,100]},"sk":{"a":0,"k":0},"p":{"a":0,"k":[1591.287,418.275,0]},"r":{"a":0,"k":0},"sa":{"a":0,"k":0},"o":{"a":0,"k":100}},"ef":[],"shapes":[{"ty":"gr","nm":"G","it":[{"ty":"sh","nm":"P","d":1,"ks":{"a":0,"k":{"c":true,"i":[[15.443,7.09],[5.328,6.061],[-15.906,14.61],[-25.331,-31.576],[-17.139,-32.725]],"o":[[-12.21,-16.503],[-31.046,-35.296],[18.027,-16.549],[22.021,27.45],[-13.68,5.845]],"v":[[15.883,69.911],[-32.052,9.998],[-57.514,-60.452],[25.277,-12.058],[73.42,71.108]]}}},{"ty":"fl","nm":"F","c":{"a":0,"k":[0.757,0.557,0.047]},"r":1,"o":{"a":0,"k":100}},{"ty":"tr","a":{"a":0,"k":[0,0]},"s":{"a":0,"k":[100,100]},"sk":{"a":0,"k":0},"p":{"a":0,"k":[73.814,77.251]},"r":{"a":0,"k":0},"sa":{"a":0,"k":0},"o":{"a":0,"k":100}}]},{"ty":"gr","nm":"G","it":[{"ty":"sh","nm":"P","d":1,"ks":{"a":0,"k":{"c":true,"i":[[-1.084,4.542],[-4.721,5.429],[0,0],[-0.071,-0.732],[0.417,-3.03],[-0.024,-0.226],[-2.827,-0.209],[0.298,-6.316],[0.905,-8.215],[3.547,-7.019],[-1.244,20.372],[2.572,-0.363]],"o":[[0.881,-6.84],[0,0],[0.059,0.726],[0,0],[0.018,0.22],[1.298,-2.363],[8.508,0.637],[-0.369,8.06],[-0.851,7.793],[-10.008,1.512],[0.578,-7.06],[-3.256,1.245]],"v":[[-9.721,-17.672],[-2.881,-35.459],[-2.303,-35.459],[-2.114,-33.262],[-2.042,-32.399],[-1.983,-31.733],[4.036,-35.477],[13.245,-15.873],[9.215,8.332],[5.09,34.174],[-4.609,-8.521],[-10.287,0.176]]}}},{"ty":"fl","nm":"F","c":{"a":0,"k":[1,0.757,0.612]},"r":1,"o":{"a":0,"k":100}},{"ty":"tr","a":{"a":0,"k":[0,0]},"s":{"a":0,"k":[100,100]},"sk":{"a":0,"k":0},"p":{"a":0,"k":[90.53,293.1]},"r":{"a":0,"k":0},"sa":{"a":0,"k":0},"o":{"a":0,"k":100}}]},{"ty":"gr","nm":"G","it":[{"ty":"sh","nm":"P","d":1,"ks":{"a":0,"k":{"c":true,"i":[[-9.888,53.78],[8.203,-3.762],[0,0.012],[3.655,-30.623],[0,0]],"o":[[-4.137,-4.489],[-6.87,3.149],[-11.501,39.862],[-3.59,30.111],[13.633,-30.992]],"v":[[30.067,-58.398],[3.497,-70.388],[-3.79,-63.523],[-26.477,44.039],[-8.844,54.481]]}}},{"ty":"fl","nm":"F","c":{"a":0,"k":[1,0.757,0.612]},"r":1,"o":{"a":0,"k":100}},{"ty":"tr","a":{"a":0,"k":[0,0]},"s":{"a":0,"k":[100,100]},"sk":{"a":0,"k":0},"p":{"a":0,"k":[111.744,212.751]},"r":{"a":0,"k":0},"sa":{"a":0,"k":0},"o":{"a":0,"k":100}}]},{"ty":"gr","nm":"G","it":[{"ty":"sh","nm":"P","d":1,"ks":{"a":0,"k":{"c":true,"i":[[-7.031,-0.869],[4.667,9.079],[16.14,24.937],[18.032,-16.543],[-31.046,-35.29],[-20.3,-25.324]],"o":[[2.607,-0.28],[-18.908,-36.767],[-21.997,-33.981],[-15.913,14.609],[6.596,7.508],[0,0]],"v":[[48.2,84.184],[68.197,63.312],[19.166,-20.359],[-56.951,-67.64],[-1.193,24.61],[30.995,69.188]]}}},{"ty":"fl","nm":"F","c":{"a":0,"k":[0.914,0.69,0.718]},"r":1,"o":{"a":0,"k":100}},{"ty":"tr","a":{"a":0,"k":[0,0]},"s":{"a":0,"k":[100,100]},"sk":{"a":0,"k":0},"p":{"a":0,"k":[73.114,86.463]},"r":{"a":0,"k":0},"sa":{"a":0,"k":0},"o":{"a":0,"k":100}}]}],"ind":2},{"ty":4,"nm":"L","sr":1,"st":0,"op":120,"ip":0,"hasMask":false,"ao":0,"ks":{"a":{"a":0,"k":[53.805,126.579,0]},"s":{"a":0,"k":[100,100,100]},"sk":{"a":0,"k":0},"p":{"a":0,"k":[1513.367,223.402,0]},"r":{"a":1,"k":[{"o":{"x":0.333,"y":0},"i":{"x":0.667,"y":1},"s":[0],"t":0},{"o":{"x":0.333,"y":0},"i":{"x":0.667,"y":1},"s":[-10],"t":20},{"o":{"x":0.333,"y":0},"i":{"x":0.667,"y":1},"s":[0],"t":40},{"o":{"x":0.333,"y":0},"i":{"x":0.667,"y":1},"s":[-10],"t":60},{"o":{"x":0.333,"y":0},"i":{"x":0.667,"y":1},"s":[0],"t":80},{"o":{"x":0.333,"y":0},"i":{"x":0.667,"y":1},"s":[-10],"t":100},{"o":{"x":0.333,"y":0},"i":{"x":0.667,"y":1},"s":[0],"t":120},{"s":[-10],"t":140}]},"sa":{"a":0,"k":0},"o":{"a":0,"k":100}},"ef":[],"shapes":[{"ty":"gr","nm":"G","it":[{"ty":"sh","nm":"P","d":1,"ks":{"a":0,"k":{"c":true,"i":[[-1.953,3.866],[-9.983,8.046],[-9.109,1.027],[-4.488,-2.098],[8.501,-9.031],[6.787,-3.486],[4.715,-3.337],[4.233,-4.715]],"o":[[5.697,-11.284],[7.096,-5.721],[4.977,-0.563],[2.352,13.517],[-5.763,6.123],[-5.179,2.661],[-5.049,3.578],[-4.107,-3.661]],"v":[[-30.067,11.446],[-7.32,-19.838],[19.071,-32.56],[36.025,-31.729],[13.707,3.922],[-5.576,13.468],[-19.708,23.487],[-34.27,33.828]]}}},{"ty":"fl","nm":"F","c":{"a":0,"k":[0,0,0]},"r":1,"o":{"a":0,"k":100}},{"ty":"tr","a":{"a":0,"k":[0,0]},"s":{"a":0,"k":[100,100]},"sk":{"a":0,"k":0},"p":{"a":0,"k":[38.77,34.078]},"r":{"a":0,"k":0},"sa":{"a":0,"k":0},"o":{"a":0,"k":100}}]},{"ty":"gr","nm":"G","it":[{"ty":"sh","nm":"P","d":1,"ks":{"a":0,"k":{"c":true,"i":[[2.173,-0.628],[3.537,-1.78],[4.506,-6.745],[1.947,-4.819],[-5.607,-7.769],[-6.561,-3.162],[-2.215,-3.161],[-1.537,-2.113],[-1.709,3.322],[-2.536,4.268],[-8.566,6.995],[2.905,9.784],[10.037,3.152]],"o":[[-2.804,0.813],[-7.084,3.577],[-2.899,4.331],[-3.631,8.972],[4.346,6.012],[3.393,1.637],[1.595,2.292],[5.25,7.233],[-0.899,1.744],[5.537,-9.359],[7.514,-6.14],[-3.298,-11.049],[-3.138,-0.986]],"v":[[-0.857,-46.962],[-9.698,-42.582],[-28.277,-28.083],[-35.583,-13.406],[-32.808,12.746],[-16.293,25.85],[-6.482,32.928],[-3.947,40.405],[6.353,33.321],[8.805,29.535],[25.378,4.912],[36.308,-24.437],[6.798,-46.651]]}}},{"ty":"fl","nm":"F","c":{"a":0,"k":[0,0,0]},"r":1,"o":{"a":0,"k":100}},{"ty":"tr","a":{"a":0,"k":[0,0]},"s":{"a":0,"k":[100,100]},"sk":{"a":0,"k":0},"p":{"a":0,"k":[72.146,50.605]},"r":{"a":0,"k":0},"sa":{"a":0,"k":0},"o":{"a":0,"k":100}}]},{"ty":"gr","nm":"G","it":[{"ty":"sh","nm":"P","d":1,"ks":{"a":0,"k":{"c":true,"i":[[-12.376,-11.311],[-11.703,10.555],[-2.078,8.941],[-2.273,10.138],[-0.041,4.501],[3.995,6.132],[5.774,4.09],[5.948,1.429],[3.567,-1.913],[1.857,-21.08]],"o":[[12.038,10.99],[7.085,-6.376],[2.34,-10.073],[0.982,-4.375],[0.078,-7.185],[-3.917,-6.03],[-4.894,-3.459],[-4.096,-0.985],[-19.341,10.386],[-1.393,15.693]],"v":[[-27.239,49.9],[21.66,49.102],[35.049,26.427],[39.472,-3.445],[41.377,-16.746],[35.329,-37.311],[19.077,-50.783],[2.777,-59.906],[-7.826,-56.686],[-40.062,0.518]]}}},{"ty":"fl","nm":"F","c":{"a":0,"k":[1,0.757,0.612]},"r":1,"o":{"a":0,"k":100}},{"ty":"tr","a":{"a":0,"k":[0,0]},"s":{"a":0,"k":[100,100]},"sk":{"a":0,"k":0},"p":{"a":0,"k":[41.705,80.018]},"r":{"a":0,"k":0},"sa":{"a":0,"k":0},"o":{"a":0,"k":100}}]},{"ty":"gr","nm":"G","it":[{"ty":"sh","nm":"P","d":1,"ks":{"a":0,"k":{"c":true,"i":[[3.655,-6.775],[0.744,6.977],[-3.649,6.769],[-6.174,-3.328]],"o":[[-3.65,6.768],[-0.459,-4.268],[3.649,-6.774],[6.179,3.328]],"v":[[7.296,4.203],[-10.492,10.436],[-6.176,-9.347],[2.724,-14.085]]}}},{"ty":"fl","nm":"F","c":{"a":0,"k":[1,0.757,0.612]},"r":1,"o":{"a":0,"k":100}},{"ty":"tr","a":{"a":0,"k":[0,0]},"s":{"a":0,"k":[100,100]},"sk":{"a":0,"k":0},"p":{"a":0,"k":[82.121,95.67]},"r":{"a":0,"k":0},"sa":{"a":0,"k":0},"o":{"a":0,"k":100}}]}],"ind":3},{"ty":4,"nm":"L","sr":1,"st":0,"op":120,"ip":0,"hasMask":false,"ao":0,"ks":{"a":{"a":0,"k":[135.593,428.723,0]},"s":{"a":0,"k":[100,100,100]},"sk":{"a":0,"k":0},"p":{"a":0,"k":[1516.382,620.721,0]},"r":{"a":0,"k":0},"sa":{"a":0,"k":0},"o":{"a":0,"k":100}},"ef":[],"shapes":[{"ty":"gr","nm":"G","it":[{"ty":"sh","nm":"P","d":1,"ks":{"a":0,"k":{"c":true,"i":[[-9.162,1.339],[-5.424,0.887],[-4.846,2.404],[-4.12,3.292],[-0.53,0.316],[-7.84,3.316],[-0.268,0.524],[-0.184,-0.239],[-0.298,-1.947],[0.745,-3.566],[9.012,-0.559],[11.984,1.94]],"o":[[5.411,-0.792],[5.34,-0.875],[4.787,-2.376],[0.512,-0.417],[7.328,3.381],[0.745,-0.315],[0.226,0.179],[1.25,1.601],[0.548,3.632],[-1.048,5.054],[-12.151,0.75],[-11.697,-1.894]],"v":[[-29.216,-1.633],[-16.702,-2.562],[-1.254,-7.718],[14.629,-18.242],[16.195,-19.32],[35.554,-19.482],[37.049,-20.779],[37.668,-20.154],[39.442,-14.385],[40.954,7.885],[3.402,19.518],[-30.002,18.839]]}}},{"ty":"fl","nm":"F","c":{"a":0,"k":[0,0,0]},"r":1,"o":{"a":0,"k":100}},{"ty":"tr","a":{"a":0,"k":[0,0]},"s":{"a":0,"k":[100,100]},"sk":{"a":0,"k":0},"p":{"a":0,"k":[229.236,836.417]},"r":{"a":0,"k":0},"sa":{"a":0,"k":0},"o":{"a":0,"k":100}}]},{"ty":"gr","nm":"G","it":[{"ty":"sh","nm":"P","d":1,"ks":{"a":0,"k":{"c":true,"i":[[-0.137,33.165],[-4.858,10.751],[0,0],[-5.375,-80.677],[0.964,-8.828],[0,0]],"o":[[0.19,-46.863],[0,0],[3.864,9.394],[2.209,33.094],[-0.108,0.941],[-0.833,-8.453]],"v":[[-98.066,-8.043],[-60.34,-159.438],[38.016,-162.509],[85.559,-8.043],[99.395,159.461],[-99.526,162.509]]}}},{"ty":"fl","nm":"F","c":{"a":0,"k":[0,0,0]},"r":1,"o":{"a":0,"k":100}},{"ty":"tr","a":{"a":0,"k":[0,0]},"s":{"a":0,"k":[100,100]},"sk":{"a":0,"k":0},"p":{"a":0,"k":[136.28,433.367]},"r":{"a":0,"k":0},"sa":{"a":0,"k":0},"o":{"a":0,"k":100}}]},{"ty":"gr","nm":"G","it":[{"ty":"sh","nm":"P","d":1,"ks":{"a":0,"k":{"c":true,"i":[[-6.167,2.167],[-1.524,-0.505],[-1.607,-8.09],[-2.542,-9.585],[-12.061,16.157],[-7.09,-9.382],[-3.702,-9.12],[0.75,-12.412],[-0.113,-26.545],[-4.792,-28.641],[0,0],[0.381,3.643],[1.851,16.365],[0.637,33.784],[-9.555,13.324]],"o":[[1.608,-0.566],[0.87,0.292],[1.994,9.96],[11.18,-16.77],[8.406,-11.269],[6.138,8.126],[4.561,11.216],[-1.584,26.516],[0.125,28.909],[0,0],[-2.905,-2.536],[-1.709,-16.383],[-3.799,-33.564],[-0.304,-16.003],[3.232,-4.518]],"v":[[-39.773,-112.175],[-19.997,-114.7],[-18.27,-87.321],[-12.043,-60.996],[15.639,-108.36],[44.065,-109.419],[54.227,-82.136],[56.716,-50.62],[55.644,29.016],[57.966,117.748],[-39.892,119.629],[-42.41,95.829],[-47.714,46.709],[-58.484,-54.233],[-46.726,-101.978]]}}},{"ty":"fl","nm":"F","c":{"a":0,"k":[0.973,0.737,0.098]},"r":1,"o":{"a":0,"k":100}},{"ty":"tr","a":{"a":0,"k":[0,0]},"s":{"a":0,"k":[100,100]},"sk":{"a":0,"k":0},"p":{"a":0,"k":[118.7,188.662]},"r":{"a":0,"k":0},"sa":{"a":0,"k":0},"o":{"a":0,"k":100}}]},{"ty":"gr","nm":"G","it":[{"ty":"sh","nm":"P","d":1,"ks":{"a":0,"k":{"c":true,"i":[[0,0],[-8.656,9.774],[-11.019,13.782],[-20.61,-29.825],[-1.643,-7.573],[-4.137,-67.349]],"o":[[-3.441,-68.664],[15.234,-17.199],[16.49,-20.609],[6.983,10.115],[3.667,16.781],[0,0]],"v":[[-39.915,122.76],[-48.054,-56.704],[-43.07,-97.733],[47.119,-92.936],[47.524,-47.399],[56.71,120.344]]}}},{"ty":"fl","nm":"F","c":{"a":0,"k":[1,0.757,0.612]},"r":1,"o":{"a":0,"k":100}},{"ty":"tr","a":{"a":0,"k":[0,0]},"s":{"a":0,"k":[100,100]},"sk":{"a":0,"k":0},"p":{"a":0,"k":[118.724,185.531]},"r":{"a":0,"k":0},"sa":{"a":0,"k":0},"o":{"a":0,"k":100}}]},{"ty":"gr","nm":"G","it":[{"ty":"sh","nm":"P","d":1,"ks":{"a":0,"k":{"c":true,"i":[[-1.078,-8.817],[4.215,-9.359],[12.906,6.894],[5.215,7.024],[9.299,31.367],[9.287,37.326],[3.524,14.788],[-10.709,4.852],[-13.174,-3.971],[-8.875,-13.044],[-10.876,-45.578],[-5.988,-32.652]],"o":[[1.268,10.371],[-6.245,13.852],[-8.12,-4.333],[-5.138,-6.918],[-10.942,-36.88],[-3.679,-14.758],[-2.095,-8.816],[12.728,-5.763],[16.508,4.989],[26.599,39.052],[7.704,32.266],[1.489,8.121]],"v":[[72.147,114.991],[77.671,170.094],[39.613,179.41],[30.737,174.386],[-46.411,-21.658],[-63.544,-86.434],[-74.319,-130.762],[-71.176,-156.86],[-47.774,-182.334],[-7.906,-137.088],[44.018,-7.507],[67.484,89.255]]}}},{"ty":"fl","nm":"F","c":{"a":0,"k":[1,0.757,0.612]},"r":1,"o":{"a":0,"k":100}},{"ty":"tr","a":{"a":0,"k":[0,0]},"s":{"a":0,"k":[100,100]},"sk":{"a":0,"k":0},"p":{"a":0,"k":[163.581,485.129]},"r":{"a":0,"k":0},"sa":{"a":0,"k":0},"o":{"a":0,"k":100}}]},{"ty":"gr","nm":"G","it":[{"ty":"sh","nm":"P","d":1,"ks":{"a":0,"k":{"c":true,"i":[[0,0],[-1.042,-141.036],[5.299,2.274],[0,0],[0.869,19.64]],"o":[[0,0],[0.083,11.288],[-3.56,-1.524],[0,0],[-0.882,-19.64]],"v":[[9.552,-93.655],[37.33,84.38],[23.679,94.858],[18.988,89.012],[-36.531,-77.492]]}}},{"ty":"fl","nm":"F","c":{"a":0,"k":[1,0.757,0.612]},"r":1,"o":{"a":0,"k":100}},{"ty":"tr","a":{"a":0,"k":[0,0]},"s":{"a":0,"k":[100,100]},"sk":{"a":0,"k":0},"p":{"a":0,"k":[228.926,728.495]},"r":{"a":0,"k":0},"sa":{"a":0,"k":0},"o":{"a":0,"k":100}}]},{"ty":"gr","nm":"G","it":[{"ty":"sh","nm":"P","d":1,"ks":{"a":0,"k":{"c":true,"i":[[0.149,-0.482],[18.967,1.513],[0,0],[-1.167,-15.211],[-0.672,-6.656]],"o":[[-6.31,20.384],[0,0],[0,0],[0.125,1.613],[-0.268,0.327]],"v":[[23.14,-2.596],[-20.253,30.968],[-23.289,-4.203],[22.473,-17.27],[22.979,-13.764]]}}},{"ty":"fl","nm":"F","c":{"a":0,"k":[0.902,0.584,0.537]},"r":1,"o":{"a":0,"k":100}},{"ty":"tr","a":{"a":0,"k":[0,0]},"s":{"a":0,"k":[100,100]},"sk":{"a":0,"k":0},"p":{"a":0,"k":[118.825,32.731]},"r":{"a":0,"k":0},"sa":{"a":0,"k":0},"o":{"a":0,"k":100}}]},{"ty":"gr","nm":"G","it":[{"ty":"sh","nm":"P","d":1,"ks":{"a":0,"k":{"c":true,"i":[[0.399,5.263],[0,0],[0,0],[-21.931,-0.518],[0.667,12.489]],"o":[[-1.167,-15.21],[0,0],[0,0],[13.371,0.316],[-0.417,-7.715]],"v":[[21.333,-29.302],[-24.429,-16.235],[-19.654,41.797],[2.741,39.987],[23.762,32.022]]}}},{"ty":"fl","nm":"F","c":{"a":0,"k":[1,0.757,0.612]},"r":1,"o":{"a":0,"k":100}},{"ty":"tr","a":{"a":0,"k":[0,0]},"s":{"a":0,"k":[100,100]},"sk":{"a":0,"k":0},"p":{"a":0,"k":[119.965,44.762]},"r":{"a":0,"k":0},"sa":{"a":0,"k":0},"o":{"a":0,"k":100}}]},{"ty":"gr","nm":"G","it":[{"ty":"sh","nm":"P","d":1,"ks":{"a":0,"k":{"c":true,"i":[[-9.156,1.339],[-5.416,0.887],[-4.846,2.405],[-4.113,3.292],[-0.53,0.316],[-7.847,3.315],[-0.274,0.523],[-0.191,-0.238],[-0.298,-1.946],[0.738,-3.572],[9.019,-0.559],[11.99,1.941]],"o":[[5.418,-0.792],[5.347,-0.876],[4.793,-2.375],[0.518,-0.417],[7.316,3.381],[0.744,-0.316],[0.226,0.178],[1.25,1.601],[0.548,3.632],[-1.054,5.054],[-12.145,0.751],[-11.692,-1.893]],"v":[[-29.218,-1.634],[-16.705,-2.562],[-1.256,-7.718],[14.627,-18.243],[16.199,-19.321],[35.553,-19.481],[37.053,-20.779],[37.672,-20.154],[39.446,-14.386],[40.958,7.885],[3.4,19.517],[-30.004,18.839]]}}},{"ty":"fl","nm":"F","c":{"a":0,"k":[0,0,0]},"r":1,"o":{"a":0,"k":100}},{"ty":"tr","a":{"a":0,"k":[0,0]},"s":{"a":0,"k":[100,100]},"sk":{"a":0,"k":0},"p":{"a":0,"k":[41.946,834.881]},"r":{"a":0,"k":0},"sa":{"a":0,"k":0},"o":{"a":0,"k":100}}]},{"ty":"gr","nm":"G","it":[{"ty":"sh","nm":"P","d":1,"ks":{"a":0,"k":{"c":true,"i":[[-0.964,-8.828],[-6.239,-8.15],[-11.002,9.663],[-3.477,8.036],[-1.899,32.665],[-0.524,38.463],[-0.053,15.211],[11.532,2.28],[11.919,-6.876],[5.673,-14.728],[0.191,-46.864],[-1.625,-33.154]],"o":[[1.131,10.382],[9.239,12.067],[6.917,-6.071],[3.429,-7.906],[2.232,-38.403],[0.202,-15.205],[0.036,-9.06],[-13.704,-2.709],[-14.936,8.62],[-16.984,44.089],[-0.137,33.171],[0.405,8.251]],"v":[[-43.036,126.501],[-38.434,183.33],[2.292,187.556],[12.007,155.416],[41.208,-33.598],[43.107,-100.575],[43.475,-146.195],[34.462,-170.882],[5.863,-190.343],[-22.634,-137.194],[-43.613,0.819],[-44.369,100.379]]}}},{"ty":"fl","nm":"F","c":{"a":0,"k":[1,0.757,0.612]},"r":1,"o":{"a":0,"k":100}},{"ty":"tr","a":{"a":0,"k":[0,0]},"s":{"a":0,"k":[100,100]},"sk":{"a":0,"k":0},"p":{"a":0,"k":[87.482,472.477]},"r":{"a":0,"k":0},"sa":{"a":0,"k":0},"o":{"a":0,"k":100}}]},{"ty":"gr","nm":"G","it":[{"ty":"sh","nm":"P","d":1,"ks":{"a":0,"k":{"c":true,"i":[[0,0],[34.29,-136.81],[4.565,3.53],[0,0],[-4.072,19.228]],"o":[[0,0],[-2.739,10.953],[-3.06,-2.364],[0,0],[4.066,-19.235]],"v":[[18.056,-87.574],[0.393,91.742],[-15.448,98.469],[-18.526,91.64],[-30.611,-83.46]]}}},{"ty":"fl","nm":"F","c":{"a":0,"k":[1,0.757,0.612]},"r":1,"o":{"a":0,"k":100}},{"ty":"tr","a":{"a":0,"k":[0,0]},"s":{"a":0,"k":[100,100]},"sk":{"a":0,"k":0},"p":{"a":0,"k":[77.582,727.474]},"r":{"a":0,"k":0},"sa":{"a":0,"k":0},"o":{"a":0,"k":100}}]}],"ind":4},{"ty":4,"nm":"L","sr":1,"st":0,"op":120,"ip":0,"hasMask":false,"ao":0,"ks":{"a":{"a":0,"k":[235.246,228.361,0]},"s":{"a":0,"k":[100,100,100]},"sk":{"a":0,"k":0},"p":{"a":1,"k":[{"o":{"x":0.333,"y":0},"i":{"x":0.667,"y":1},"s":[1673.019,659.408,0],"t":0,"ti":[79.167,0,0],"to":[-31.667,0,0]},{"o":{"x":0.333,"y":0},"i":{"x":0.667,"y":1},"s":[1203.019,659.408,0],"t":10,"ti":[31.667,0,0],"to":[-79.167,0,0]},{"o":{"x":0.333,"y":0},"i":{"x":0.667,"y":1},"s":[1293.019,659.408,0],"t":20,"ti":[-3.333,0,0],"to":[-63.333,0,0]},{"o":{"x":0.333,"y":0},"i":{"x":0.667,"y":1},"s":[1333.019,659.408,0],"t":40,"ti":[3.333,0,0],"to":[3.333,0,0]},{"o":{"x":0.333,"y":0},"i":{"x":0.667,"y":1},"s":[1293.019,659.408,0],"t":60,"ti":[-3.333,0,0],"to":[-3.333,0,0]},{"o":{"x":0.333,"y":0},"i":{"x":0.667,"y":1},"s":[1333.019,659.408,0],"t":80,"ti":[3.333,0,0],"to":[3.333,0,0]},{"o":{"x":0.333,"y":0},"i":{"x":0.667,"y":1},"s":[1293.019,659.408,0],"t":100,"ti":[-3.333,0,0],"to":[-3.333,0,0]},{"o":{"x":0.333,"y":0},"i":{"x":0.667,"y":1},"s":[1333.019,659.408,0],"t":119,"ti":[3.333,0,0],"to":[3.333,0,0]},{"s":[1293.019,659.408,0],"t":139}]},"r":{"a":0,"k":0},"sa":{"a":0,"k":0},"o":{"a":1,"k":[{"o":{"x":0.167,"y":0.167},"i":{"x":0.833,"y":0.833},"s":[0],"t":0},{"s":[100],"t":20}]}},"ef":[],"shapes":[{"ty":"gr","nm":"G","it":[{"ty":"sh","nm":"P","d":1,"ks":{"a":0,"k":{"c":true,"i":[[6.895,-1.504],[0,0],[-0.537,-0.236],[0,0],[0,-4.94],[0.108,-0.537]],"o":[[0,0],[0.58,0.215],[0.021,-0.021],[5.735,2.234],[0,0.559],[-0.666,4.232]],"v":[[9.011,35.098],[9.011,13.661],[10.708,14.305],[10.729,14.305],[20.181,24.379],[20.03,26.012]]}}},{"ty":"sh","nm":"P","d":1,"ks":{"a":0,"k":{"c":true,"i":[[0,5.435],[-5.456,2.234],[-1.418,0.322],[0,0]],"o":[[0,-4.231],[1.117,-0.473],[0,0],[-6.831,-2.17]],"v":[[-18.011,-23.607],[-10.321,-33.895],[-6.519,-35.098],[-6.519,-13.038]]}}},{"ty":"sh","nm":"P","d":1,"ks":{"a":0,"k":{"c":true,"i":[[0.129,1.268],[0,0],[2.577,3.308],[8.742,2.535],[2.921,0.687],[0,0],[-7.926,-4.511],[0,0],[11.642,0.946],[0,0],[0,0],[0,0],[3.201,-0.945],[1.804,-0.795],[3.33,-5.628],[0,-5.584],[-0.322,-1.805],[0,0],[-5.413,-3.802],[-8.828,-2.148],[0,0],[6.337,2.9],[2.728,2.019],[0,0],[0,0],[0,0],[-1.16,-0.708],[-13.575,-0.816],[0,0],[0,0],[0,0],[-3.523,12.329],[0,2.922]],"o":[[0,0],[-0.623,-5.026],[-5.091,-6.573],[-2.922,-0.859],[0,0],[7.754,0.923],[0,0],[-8.527,-5.434],[0,0],[0,0],[0,0],[-3.823,0.429],[-2.062,0.623],[-7.346,3.243],[-2.77,4.683],[0,2.084],[0,0],[1.353,7.582],[7.024,4.984],[0,0],[-7.26,-0.709],[-3.415,-1.546],[0,0],[0,0],[0,0],[0.988,0.795],[8.742,5.499],[0,0],[0,0],[0,0],[19.955,-2.406],[0.794,-2.728],[0,-1.396]],"v":[[44.968,18.558],[44.904,18.236],[39.921,5.864],[17.818,-6.874],[9.011,-9.15],[9.011,-35.549],[32.768,-27.473],[40.522,-46.59],[9.011,-56.063],[9.011,-72.989],[-6.519,-72.989],[-6.519,-55.74],[-17.044,-53.657],[-22.865,-51.53],[-38.868,-37.955],[-43.013,-22.361],[-42.519,-16.539],[-42.519,-16.518],[-31.736,0.107],[-6.519,9.795],[-6.519,35.721],[-27.376,30.093],[-36.655,24.702],[-37.192,25.883],[-38.631,29.105],[-45.183,43.647],[-41.939,45.902],[-6.519,56.062],[-6.519,72.989],[9.011,72.989],[9.011,55.59],[44.002,31.06],[45.183,22.532]]}}},{"ty":"mm","nm":"M","mm":1},{"ty":"fl","nm":"F","c":{"a":0,"k":[0.757,0.557,0.047]},"r":1,"o":{"a":0,"k":100}},{"ty":"tr","a":{"a":0,"k":[0,0]},"s":{"a":0,"k":[100,100]},"sk":{"a":0,"k":0},"p":{"a":0,"k":[350.971,337.171]},"r":{"a":0,"k":0},"sa":{"a":0,"k":0},"o":{"a":0,"k":100}}]},{"ty":"gr","nm":"G","it":[{"ty":"sh","nm":"P","d":1,"ks":{"a":0,"k":{"c":true,"i":[[4.983,-12.093],[0.15,-0.323],[0.022,-0.022],[1.632,-3.007],[26.506,-7.754],[3.823,-0.666],[6.057,0],[11.106,4.102],[5.713,3.48],[3.651,3.007],[6.251,10.718],[0.924,1.847],[1.783,6.229],[0.644,6.143],[0.064,0.881],[0,2.707],[-0.172,2.405],[-0.022,0.15],[-1.439,5.649],[-0.966,2.814],[-1.418,3.028],[-7.732,8.141],[-9.709,5.219],[-6.315,1.998],[-2.384,0.559],[-2.406,0.387],[-1.31,0.15],[-4.296,0],[-16.583,-34.969],[-1.052,-2.835],[-0.451,-1.482],[-0.215,-0.795],[-0.666,-4.189],[-0.086,-0.58],[0,-5.069]],"o":[[-0.129,0.322],[0,0.021],[-1.331,3.179],[-13.039,23.778],[-3.652,1.096],[-5.778,1.01],[-12.523,0],[-6.357,-2.342],[-4.06,-2.491],[-9.559,-7.818],[-1.052,-1.783],[-2.878,-5.692],[-1.676,-5.778],[-0.086,-0.859],[-0.194,-2.642],[0,-2.47],[0.021,-0.172],[0.429,-5.993],[0.73,-2.922],[1.117,-3.179],[4.768,-10.332],[7.54,-7.947],[5.757,-3.115],[2.32,-0.709],[2.342,-0.536],[1.289,-0.215],[4.168,-0.516],[41.198,0],[1.289,2.707],[0.537,1.461],[0.279,0.795],[1.182,3.996],[0.107,0.558],[0.709,4.876],[0,13.876]],"v":[[95.575,39.19],[95.166,40.157],[95.144,40.2],[90.677,49.479],[29.008,99.14],[17.774,101.782],[-0.011,103.307],[-35.647,96.971],[-53.774,88.185],[-65.352,79.937],[-89.282,51.906],[-92.246,46.472],[-99.291,28.536],[-102.771,10.622],[-103.007,8.001],[-103.308,-0.011],[-103.049,-7.335],[-103.007,-7.808],[-100.172,-25.271],[-97.616,-33.863],[-93.835,-43.185],[-74.912,-71.088],[-48.878,-90.999],[-30.727,-98.668],[-23.661,-100.58],[-16.572,-101.976],[-12.685,-102.534],[-0.011,-103.307],[93.405,-44.109],[96.927,-35.775],[98.431,-31.35],[99.161,-28.966],[101.954,-16.679],[102.233,-14.961],[103.307,-0.011]]}}},{"ty":"sh","nm":"P","d":1,"ks":{"a":0,"k":{"c":true,"i":[[1.332,6.809],[1.353,4.103],[0.215,0.645],[0.15,0.365],[2.427,4.554],[1.504,2.363],[38.685,0],[4.125,-0.494],[1.138,-0.172],[2.513,-0.58],[2.126,-0.623],[5.649,-2.771],[6.251,-5.026],[2.191,-2.105],[5.327,-9.301],[1.568,-3.673],[1.182,-3.93],[0.516,-2.169],[0.494,-4.682],[0.086,-1.375],[0,-2.448],[-0.086,-1.504],[-0.193,-2.041],[-1.589,-5.8],[-2.706,-5.735],[-3.501,-4.983],[-8.485,-6.68],[-3.093,-1.954],[-0.903,-0.537],[-20.256,0],[-8.527,2.17],[-14.735,22.919],[-1.482,2.835],[-1.418,3.566],[0,14.156]],"o":[[-0.838,-4.296],[-0.194,-0.666],[-0.129,-0.386],[-1.74,-4.897],[-1.31,-2.491],[-19.31,-30.459],[-4.232,0],[-1.159,0.129],[-2.578,0.365],[-2.17,0.472],[-6.143,1.762],[-7.26,3.566],[-2.363,1.89],[-7.69,7.324],[-1.976,3.437],[-1.633,3.716],[-0.644,2.105],[-1.073,4.511],[-0.151,1.375],[-0.172,2.427],[0,1.504],[0.064,2.041],[0.601,6.122],[1.675,6.208],[2.621,5.541],[6.186,8.849],[2.857,2.256],[0.881,0.559],[16.26,9.666],[9.193,0],[27.129,-6.83],[1.74,-2.664],[1.783,-3.373],[4.94,-12.415],[0,-7.174]],"v":[[106.852,-21.018],[103.565,-33.627],[102.92,-35.582],[102.513,-36.72],[96.24,-50.897],[92.008,-58.178],[-0.011,-108.892],[-12.555,-108.162],[-15.992,-107.711],[-23.638,-106.293],[-30.083,-104.661],[-47.804,-97.83],[-68.123,-84.899],[-74.976,-78.906],[-94.63,-53.861],[-99.956,-43.185],[-104.189,-31.694],[-105.929,-25.271],[-108.291,-11.46],[-108.635,-7.335],[-108.893,-0.011],[-108.784,4.5],[-108.377,10.622],[-105.09,28.536],[-98.475,46.472],[-89.282,62.281],[-67.114,85.715],[-58.179,92.03],[-55.515,93.663],[-0.011,108.892],[26.645,105.584],[91.622,58.758],[96.433,50.51],[101.245,40.092],[108.893,-0.011]]}}},{"ty":"sh","nm":"P","d":1,"ks":{"a":0,"k":{"c":true,"i":[[1.783,6.229],[0,0],[-2.706,-5.735],[0,0]],"o":[[0,0],[1.675,6.208],[0,0],[-2.878,-5.692]],"v":[[-99.291,28.536],[-105.09,28.536],[-98.475,46.472],[-92.246,46.472]]}}},{"ty":"mm","nm":"M","mm":1},{"ty":"fl","nm":"F","c":{"a":0,"k":[0.757,0.557,0.047]},"r":1,"o":{"a":0,"k":100}},{"ty":"tr","a":{"a":0,"k":[0,0]},"s":{"a":0,"k":[100,100]},"sk":{"a":0,"k":0},"p":{"a":0,"k":[350.971,337.182]},"r":{"a":0,"k":0},"sa":{"a":0,"k":0},"o":{"a":0,"k":100}}]},{"ty":"gr","nm":"G","it":[{"ty":"sh","nm":"P","d":1,"ks":{"a":0,"k":{"c":true,"i":[[0,-35.485],[65.772,0],[19.225,13.253],[7.561,9.773],[0,27.43],[-65.792,0],[-20.169,-15.659],[-1.976,-1.761]],"o":[[0,65.793],[-25.067,0],[-10.181,-7.024],[-15.637,-20.17],[0,-65.771],[27.452,0],[2.106,1.61],[24.68,21.845]],"v":[[119.289,-0.011],[0.01,119.288],[-67.544,98.259],[-94.351,72.892],[-119.288,-0.011],[0.01,-119.288],[72.935,-94.307],[79.035,-89.26]]}}},{"ty":"fl","nm":"F","c":{"a":0,"k":[1,0.808,0.286]},"r":1,"o":{"a":0,"k":100}},{"ty":"tr","a":{"a":0,"k":[0,0]},"s":{"a":0,"k":[100,100]},"sk":{"a":0,"k":0},"p":{"a":0,"k":[350.953,337.184]},"r":{"a":0,"k":0},"sa":{"a":0,"k":0},"o":{"a":0,"k":100}}]},{"ty":"gr","nm":"G","it":[{"ty":"sh","nm":"P","d":1,"ks":{"a":0,"k":{"c":true,"i":[[0,5.434],[-8.227,1.869],[0,0]],"o":[[0,-5.112],[0,0],[-6.831,-2.169]],"v":[[-18.011,-23.607],[-6.519,-35.098],[-6.519,-13.038]]}}},{"ty":"sh","nm":"P","d":1,"ks":{"a":0,"k":{"c":true,"i":[[0,0],[0,-5.434],[7.754,-1.697]],"o":[[6.658,2.341],[0,4.983],[0,0]],"v":[[9.011,13.661],[20.18,24.38],[9.011,35.098]]}}},{"ty":"sh","nm":"P","d":1,"ks":{"a":0,"k":{"c":true,"i":[[17.227,4.038],[0,0],[-7.926,-4.511],[0,0],[11.642,0.945],[0,0],[0,0],[0,0],[4.017,-1.503],[0,-13.038],[-12.394,-4.468],[-4.554,-1.117],[0,0],[4.382,1.396],[4.554,3.351],[0,0],[0,0],[-15.38,-0.924],[0,0],[0,0],[0,0],[-5.628,8.227],[-0.602,1.203],[0,4.726]],"o":[[0,0],[7.754,0.924],[0,0],[-8.527,-5.435],[0,0],[0,0],[0,0],[-5.091,0.58],[-15.337,5.607],[0,16.367],[4.425,1.589],[0,0],[-4.618,-0.451],[-6.208,-1.998],[0,0],[0,0],[8.527,6.659],[0,0],[0,0],[0,0],[15.164,-1.825],[0.752,-1.138],[2.04,-4.145],[0,-21.888]],"v":[[9.011,-9.15],[9.011,-35.55],[32.767,-27.472],[40.521,-46.589],[9.011,-56.063],[9.011,-72.988],[-6.519,-72.988],[-6.519,-55.74],[-20.159,-52.605],[-43.014,-22.36],[-20.159,5.885],[-6.519,9.794],[-6.519,35.721],[-20.159,32.885],[-36.656,24.701],[-43.293,39.436],[-45.183,43.646],[-6.519,56.062],[-6.519,72.988],[9.011,72.988],[9.011,55.589],[40.092,39.436],[42.133,35.936],[45.183,22.51]]}}},{"ty":"mm","nm":"M","mm":1},{"ty":"fl","nm":"F","c":{"a":0,"k":[0.757,0.557,0.047]},"r":1,"o":{"a":0,"k":100}},{"ty":"tr","a":{"a":0,"k":[0,0]},"s":{"a":0,"k":[100,100]},"sk":{"a":0,"k":0},"p":{"a":0,"k":[139.394,119.537]},"r":{"a":0,"k":0},"sa":{"a":0,"k":0},"o":{"a":0,"k":100}}]},{"ty":"gr","nm":"G","it":[{"ty":"sh","nm":"P","d":1,"ks":{"a":0,"k":{"c":true,"i":[[22.683,-18.967],[12.114,-4.167],[4.446,-0.881],[6.981,0],[10.868,3.888],[0.558,0.215],[8.785,7.367],[0,31.812],[-14.864,17.892],[-23.671,4.704],[-6.895,0],[-2.728,-0.215],[-16.174,-14.027],[-6.1,-16.539],[-0.967,-8.076],[0,-4.167]],"o":[[-9.623,8.055],[-4.21,1.418],[-6.594,1.353],[-12.179,0],[-0.559,-0.215],[-10.912,-4.124],[-22.683,-18.967],[0,-25.045],[14.885,-17.893],[6.508,-1.289],[2.771,0],[22.575,1.804],[13.081,11.341],[2.728,7.411],[0.472,4.039],[0,31.79]],"v":[[66.19,79.25],[33.369,97.787],[20.395,101.267],[-0.011,103.307],[-34.765,97.293],[-36.462,96.67],[-66.19,79.25],[-103.308,-0.011],[-79.486,-65.932],[-20.159,-101.331],[-0.011,-103.307],[8.259,-102.985],[67.586,-78.068],[96.992,-35.603],[102.577,-12.319],[103.307,-0.011]]}}},{"ty":"sh","nm":"P","d":1,"ks":{"a":0,"k":{"c":true,"i":[[1.332,6.766],[7.024,11.126],[9.666,7.669],[22.317,1.676],[2.771,0],[6.53,-1.225],[15.53,-16.561],[3.072,-22.983],[0,-4.919],[-0.644,-4.747],[-17.764,-16.733],[-5.627,-3.63],[-8.248,-2.835],[-12.458,0],[-7.067,1.439],[-4.209,1.439],[-11.276,10.654],[0,31.21]],"o":[[-2.621,-13.36],[-6.595,-10.461],[-16.561,-13.124],[-2.728,-0.215],[-6.873,0],[-23.198,4.36],[-15.122,16.153],[-0.644,4.747],[0,4.919],[3.394,25.389],[4.854,4.575],[7.217,4.662],[11.169,3.888],[7.475,0],[4.403,-0.902],[15.015,-5.048],[21.115,-19.869],[0,-7.153]],"v":[[106.873,-20.932],[92.181,-57.92],[67.586,-85.329],[8.259,-108.57],[-0.011,-108.892],[-20.159,-107.023],[-79.486,-74.374],[-107.926,-14.51],[-108.892,-0.011],[-107.926,14.488],[-74.61,79.25],[-58.866,91.579],[-35.603,102.899],[-0.011,108.892],[21.813,106.701],[34.743,103.2],[74.588,79.25],[108.892,-0.011]]}}},{"ty":"mm","nm":"M","mm":1},{"ty":"fl","nm":"F","c":{"a":0,"k":[0.757,0.557,0.047]},"r":1,"o":{"a":0,"k":100}},{"ty":"tr","a":{"a":0,"k":[0,0]},"s":{"a":0,"k":[100,100]},"sk":{"a":0,"k":0},"p":{"a":0,"k":[139.394,119.548]},"r":{"a":0,"k":0},"sa":{"a":0,"k":0},"o":{"a":0,"k":100}}]},{"ty":"gr","nm":"G","it":[{"ty":"sh","nm":"P","d":1,"ks":{"a":0,"k":{"c":true,"i":[[65.778,0],[0,65.778],[-65.778,0],[0,-65.776]],"o":[[-65.778,0],[0,-65.776],[65.778,0],[0,65.778]],"v":[[0,119.291],[-119.292,-0.001],[0,-119.291],[119.292,-0.001]]}}},{"ty":"fl","nm":"F","c":{"a":0,"k":[1,0.808,0.286]},"r":1,"o":{"a":0,"k":100}},{"ty":"tr","a":{"a":0,"k":[0,0]},"s":{"a":0,"k":[100,100]},"sk":{"a":0,"k":0},"p":{"a":0,"k":[139.39,119.541]},"r":{"a":0,"k":0},"sa":{"a":0,"k":0},"o":{"a":0,"k":100}}]},{"ty":"gr","nm":"G","it":[{"ty":"sh","nm":"P","d":1,"ks":{"a":0,"k":{"c":true,"i":[[0,0],[0,0],[0,0],[0,0],[0,0],[0,0],[0,0],[0,0],[0,0],[0,0],[0,0],[0,0],[0,0],[0,0],[0,0],[0,0],[0,0],[0,0],[0,0],[0,0],[0,0],[0,0],[0,0],[0,0],[0,0],[0,0],[0,0],[0,0],[0,0],[0,0],[0,0],[0,0],[0,0],[0,0],[0,0],[0,0],[0,0],[0,0],[0,0],[0,0],[0,0],[0,0],[0,0],[0,0],[0,0],[0,0],[0,0],[0,0]],"o":[[0,0],[0,0],[0,0],[0,0],[0,0],[0,0],[0,0],[0,0],[0,0],[0,0],[0,0],[0,0],[0,0],[0,0],[0,0],[0,0],[0,0],[0,0],[0,0],[0,0],[0,0],[0,0],[0,0],[0,0],[0,0],[0,0],[0,0],[0,0],[0,0],[0,0],[0,0],[0,0],[0,0],[0,0],[0,0],[0,0],[0,0],[0,0],[0,0],[0,0],[0,0],[0,0],[0,0],[0,0],[0,0],[0,0],[0,0],[0,0]],"v":[[6.315,17.936],[6.315,35.871],[30.867,35.871],[30.867,53.806],[25.196,53.806],[25.196,71.743],[9.172,71.743],[9.172,89.678],[27.086,89.678],[27.086,107.592],[-6.315,107.592],[-6.315,89.678],[-24.272,89.678],[-24.272,71.743],[-8.227,71.743],[-8.227,53.806],[-2.556,53.806],[-2.556,35.871],[-27.086,35.871],[-27.086,17.936],[1.697,17.936],[1.697,0.022],[-13.876,0.022],[-13.876,-17.935],[-8.227,-17.935],[-8.227,-35.871],[-2.556,-35.871],[-2.556,-53.785],[-35.098,-53.785],[-35.098,-71.721],[-13.876,-71.721],[-13.876,-89.658],[-8.227,-89.658],[-8.227,-107.592],[25.196,-107.592],[25.196,-89.658],[19.525,-89.658],[19.525,-71.721],[-1.697,-71.721],[-1.697,-53.785],[30.867,-53.785],[30.867,-35.871],[25.196,-35.871],[25.196,-17.935],[19.525,-17.935],[19.525,0.022],[35.098,0.022],[35.098,17.936]]}}},{"ty":"fl","nm":"F","c":{"a":0,"k":[1,0.808,0.286]},"r":1,"o":{"a":0,"k":100}},{"ty":"tr","a":{"a":0,"k":[0,0]},"s":{"a":0,"k":[100,100]},"sk":{"a":0,"k":0},"p":{"a":0,"k":[230.823,347.776]},"r":{"a":0,"k":0},"sa":{"a":0,"k":0},"o":{"a":0,"k":100}}]},{"ty":"gr","nm":"G","it":[{"ty":"sh","nm":"P","d":1,"ks":{"a":0,"k":{"c":true,"i":[[0,0],[0,0],[0,0],[0,0],[0,0],[0,0],[0,0],[0,0],[0,0],[0,0],[0,0],[0,0],[0,0],[0,0],[0,0],[0,0],[0,0],[0,0],[0,0],[0,0],[0,0],[0,0],[0,0],[0,0],[0,0],[0,0],[0,0],[0,0],[0,0],[0,0],[0,0],[0,0],[0,0],[0,0],[0,0],[0,0],[0,0],[0,0],[0,0],[0,0],[0,0],[0,0],[0,0],[0,0],[0,0],[0,0],[0,0],[0,0]],"o":[[0,0],[0,0],[0,0],[0,0],[0,0],[0,0],[0,0],[0,0],[0,0],[0,0],[0,0],[0,0],[0,0],[0,0],[0,0],[0,0],[0,0],[0,0],[0,0],[0,0],[0,0],[0,0],[0,0],[0,0],[0,0],[0,0],[0,0],[0,0],[0,0],[0,0],[0,0],[0,0],[0,0],[0,0],[0,0],[0,0],[0,0],[0,0],[0,0],[0,0],[0,0],[0,0],[0,0],[0,0],[0,0],[0,0],[0,0],[0,0]],"v":[[42.09,17.939],[42.09,35.864],[66.632,35.864],[66.632,53.817],[60.964,53.817],[60.964,71.742],[44.938,71.742],[44.938,89.667],[62.864,89.667],[62.864,107.592],[-42.09,107.592],[-42.09,89.667],[-60.043,89.667],[-60.043,71.742],[-43.988,71.742],[-43.988,53.817],[-38.32,53.817],[-38.32,35.864],[-62.863,35.864],[-62.863,17.939],[-34.077,17.939],[-34.077,0.014],[-49.656,0.014],[-49.656,-17.939],[-43.988,-17.939],[-43.988,-35.864],[-38.32,-35.864],[-38.32,-53.789],[-70.876,-53.789],[-70.876,-71.714],[-49.656,-71.714],[-49.656,-89.667],[-43.988,-89.667],[-43.988,-107.592],[60.964,-107.592],[60.964,-89.667],[55.296,-89.667],[55.296,-71.714],[34.077,-71.714],[34.077,-53.789],[66.632,-53.789],[66.632,-35.864],[60.964,-35.864],[60.964,-17.939],[55.296,-17.939],[55.296,0.014],[70.876,0.014],[70.876,17.939]]}}},{"ty":"fl","nm":"F","c":{"a":0,"k":[0.757,0.557,0.047]},"r":1,"o":{"a":0,"k":100}},{"ty":"tr","a":{"a":0,"k":[0,0]},"s":{"a":0,"k":[100,100]},"sk":{"a":0,"k":0},"p":{"a":0,"k":[71.126,347.777]},"r":{"a":0,"k":0},"sa":{"a":0,"k":0},"o":{"a":0,"k":100}}]},{"ty":"gr","nm":"G","it":[{"ty":"sh","nm":"P","d":1,"ks":{"a":0,"k":{"c":true,"i":[[0,0],[0,0],[0,0],[0,0]],"o":[[0,0],[0,0],[0,0],[0,0]],"v":[[114.434,8.979],[-114.434,8.979],[-114.434,-8.979],[114.434,-8.979]]}}},{"ty":"fl","nm":"F","c":{"a":0,"k":[1,0.722,0]},"r":1,"o":{"a":0,"k":100}},{"ty":"tr","a":{"a":0,"k":[0,0]},"s":{"a":0,"k":[100,100]},"sk":{"a":0,"k":0},"p":{"a":0,"k":[135.914,338.82]},"r":{"a":0,"k":0},"sa":{"a":0,"k":0},"o":{"a":0,"k":100}}]},{"ty":"gr","nm":"G","it":[{"ty":"sh","nm":"P","d":1,"ks":{"a":0,"k":{"c":true,"i":[[0,0],[0,0],[0,0],[0,0]],"o":[[0,0],[0,0],[0,0],[0,0]],"v":[[114.456,8.968],[-114.456,8.968],[-114.456,-8.968],[114.456,-8.968]]}}},{"ty":"fl","nm":"F","c":{"a":0,"k":[1,0.722,0]},"r":1,"o":{"a":0,"k":100}},{"ty":"tr","a":{"a":0,"k":[0,0]},"s":{"a":0,"k":[100,100]},"sk":{"a":0,"k":0},"p":{"a":0,"k":[125.539,428.487]},"r":{"a":0,"k":0},"sa":{"a":0,"k":0},"o":{"a":0,"k":100}}]},{"ty":"gr","nm":"G","it":[{"ty":"sh","nm":"P","d":1,"ks":{"a":0,"k":{"c":true,"i":[[0,0],[0,0],[0,0],[0,0]],"o":[[0,0],[0,0],[0,0],[0,0]],"v":[[114.434,8.957],[-114.434,8.957],[-114.434,-8.957],[114.434,-8.957]]}}},{"ty":"fl","nm":"F","c":{"a":0,"k":[1,0.722,0]},"r":1,"o":{"a":0,"k":100}},{"ty":"tr","a":{"a":0,"k":[0,0]},"s":{"a":0,"k":[100,100]},"sk":{"a":0,"k":0},"p":{"a":0,"k":[151.487,356.755]},"r":{"a":0,"k":0},"sa":{"a":0,"k":0},"o":{"a":0,"k":100}}]},{"ty":"gr","nm":"G","it":[{"ty":"sh","nm":"P","d":1,"ks":{"a":0,"k":{"c":true,"i":[[0,0],[0,0],[0,0],[0,0]],"o":[[0,0],[0,0],[0,0],[0,0]],"v":[[114.445,8.968],[-114.445,8.968],[-114.445,-8.968],[114.445,-8.968]]}}},{"ty":"fl","nm":"F","c":{"a":0,"k":[1,0.722,0]},"r":1,"o":{"a":0,"k":100}},{"ty":"tr","a":{"a":0,"k":[0,0]},"s":{"a":0,"k":[100,100]},"sk":{"a":0,"k":0},"p":{"a":0,"k":[141.574,410.551]},"r":{"a":0,"k":0},"sa":{"a":0,"k":0},"o":{"a":0,"k":100}}]},{"ty":"gr","nm":"G","it":[{"ty":"sh","nm":"P","d":1,"ks":{"a":0,"k":{"c":true,"i":[[0,0],[0,0],[0,0],[0,0]],"o":[[0,0],[0,0],[0,0],[0,0]],"v":[[114.434,8.957],[-114.434,8.957],[-114.434,-8.957],[114.434,-8.957]]}}},{"ty":"fl","nm":"F","c":{"a":0,"k":[1,0.722,0]},"r":1,"o":{"a":0,"k":100}},{"ty":"tr","a":{"a":0,"k":[0,0]},"s":{"a":0,"k":[100,100]},"sk":{"a":0,"k":0},"p":{"a":0,"k":[143.475,446.412]},"r":{"a":0,"k":0},"sa":{"a":0,"k":0},"o":{"a":0,"k":100}}]},{"ty":"gr","nm":"G","it":[{"ty":"sh","nm":"P","d":1,"ks":{"a":0,"k":{"c":true,"i":[[0,0],[0,0],[0,0],[0,0]],"o":[[0,0],[0,0],[0,0],[0,0]],"v":[[114.445,8.968],[-114.445,8.968],[-114.445,-8.968],[114.445,-8.968]]}}},{"ty":"fl","nm":"F","c":{"a":0,"k":[1,0.722,0]},"r":1,"o":{"a":0,"k":100}},{"ty":"tr","a":{"a":0,"k":[0,0]},"s":{"a":0,"k":[100,100]},"sk":{"a":0,"k":0},"p":{"a":0,"k":[147.245,392.615]},"r":{"a":0,"k":0},"sa":{"a":0,"k":0},"o":{"a":0,"k":100}}]},{"ty":"gr","nm":"G","it":[{"ty":"sh","nm":"P","d":1,"ks":{"a":0,"k":{"c":true,"i":[[0,0],[0,0],[0,0],[0,0]],"o":[[0,0],[0,0],[0,0],[0,0]],"v":[[114.445,8.968],[-114.445,8.968],[-114.445,-8.968],[114.445,-8.968]]}}},{"ty":"fl","nm":"F","c":{"a":0,"k":[1,0.722,0]},"r":1,"o":{"a":0,"k":100}},{"ty":"tr","a":{"a":0,"k":[0,0]},"s":{"a":0,"k":[100,100]},"sk":{"a":0,"k":0},"p":{"a":0,"k":[141.574,320.872]},"r":{"a":0,"k":0},"sa":{"a":0,"k":0},"o":{"a":0,"k":100}}]},{"ty":"gr","nm":"G","it":[{"ty":"sh","nm":"P","d":1,"ks":{"a":0,"k":{"c":true,"i":[[0,0],[0,0],[0,0],[0,0]],"o":[[0,0],[0,0],[0,0],[0,0]],"v":[[114.434,8.968],[-114.434,8.968],[-114.434,-8.968],[114.434,-8.968]]}}},{"ty":"fl","nm":"F","c":{"a":0,"k":[1,0.722,0]},"r":1,"o":{"a":0,"k":100}},{"ty":"tr","a":{"a":0,"k":[0,0]},"s":{"a":0,"k":[100,100]},"sk":{"a":0,"k":0},"p":{"a":0,"k":[122.704,374.679]},"r":{"a":0,"k":0},"sa":{"a":0,"k":0},"o":{"a":0,"k":100}}]},{"ty":"gr","nm":"G","it":[{"ty":"sh","nm":"P","d":1,"ks":{"a":0,"k":{"c":true,"i":[[0,0],[0,0],[0,0],[0,0]],"o":[[0,0],[0,0],[0,0],[0,0]],"v":[[114.445,8.957],[-114.445,8.957],[-114.445,-8.957],[114.445,-8.957]]}}},{"ty":"fl","nm":"F","c":{"a":0,"k":[1,0.722,0]},"r":1,"o":{"a":0,"k":100}},{"ty":"tr","a":{"a":0,"k":[0,0]},"s":{"a":0,"k":[100,100]},"sk":{"a":0,"k":0},"p":{"a":0,"k":[147.245,302.948]},"r":{"a":0,"k":0},"sa":{"a":0,"k":0},"o":{"a":0,"k":100}}]},{"ty":"gr","nm":"G","it":[{"ty":"sh","nm":"P","d":1,"ks":{"a":0,"k":{"c":true,"i":[[0,0],[0,0],[0,0],[0,0]],"o":[[0,0],[0,0],[0,0],[0,0]],"v":[[114.434,8.968],[-114.434,8.968],[-114.434,-8.968],[114.434,-8.968]]}}},{"ty":"fl","nm":"F","c":{"a":0,"k":[1,0.722,0]},"r":1,"o":{"a":0,"k":100}},{"ty":"tr","a":{"a":0,"k":[0,0]},"s":{"a":0,"k":[100,100]},"sk":{"a":0,"k":0},"p":{"a":0,"k":[135.914,267.087]},"r":{"a":0,"k":0},"sa":{"a":0,"k":0},"o":{"a":0,"k":100}}]},{"ty":"gr","nm":"G","it":[{"ty":"sh","nm":"P","d":1,"ks":{"a":0,"k":{"c":true,"i":[[0,0],[0,0],[0,0],[0,0]],"o":[[0,0],[0,0],[0,0],[0,0]],"v":[[114.434,8.968],[-114.434,8.968],[-114.434,-8.968],[114.434,-8.968]]}}},{"ty":"fl","nm":"F","c":{"a":0,"k":[1,0.722,0]},"r":1,"o":{"a":0,"k":100}},{"ty":"tr","a":{"a":0,"k":[0,0]},"s":{"a":0,"k":[100,100]},"sk":{"a":0,"k":0},"p":{"a":0,"k":[114.693,285.022]},"r":{"a":0,"k":0},"sa":{"a":0,"k":0},"o":{"a":0,"k":100}}]},{"ty":"gr","nm":"G","it":[{"ty":"sh","nm":"P","d":1,"ks":{"a":0,"k":{"c":true,"i":[[0,0],[0,0],[0,0],[0,0]],"o":[[0,0],[0,0],[0,0],[0,0]],"v":[[114.445,8.967],[-114.445,8.967],[-114.445,-8.968],[114.445,-8.968]]}}},{"ty":"fl","nm":"F","c":{"a":0,"k":[1,0.722,0]},"r":1,"o":{"a":0,"k":100}},{"ty":"tr","a":{"a":0,"k":[0,0]},"s":{"a":0,"k":[100,100]},"sk":{"a":0,"k":0},"p":{"a":0,"k":[141.574,249.152]},"r":{"a":0,"k":0},"sa":{"a":0,"k":0},"o":{"a":0,"k":100}}]}],"ind":5},{"ty":4,"nm":"L","sr":1,"st":0,"op":120,"ip":0,"hasMask":false,"ao":0,"ks":{"a":{"a":0,"k":[-2.26,379.509,0]},"s":{"a":1,"k":[{"o":{"x":0.167,"y":0.167},"i":{"x":0.833,"y":0.833},"s":[0,0,100],"t":0},{"s":[100,100,100],"t":119}]},"sk":{"a":0,"k":0},"p":{"a":0,"k":[710.395,558.692,0]},"r":{"a":0,"k":0},"sa":{"a":0,"k":0},"o":{"a":0,"k":100}},"ef":[],"shapes":[{"ty":"gr","nm":"G","it":[{"ty":"sh","nm":"P","d":1,"ks":{"a":0,"k":{"c":true,"i":[[0,0],[0,0],[0,0],[0,0]],"o":[[0,0],[0,0],[0,0],[0,0]],"v":[[2.784,25.318],[-2.126,-2.477],[-27.686,-14.45],[27.686,-25.318]]}}},{"ty":"fl","nm":"F","c":{"a":0,"k":[0.757,0.557,0.047]},"r":1,"o":{"a":0,"k":100}},{"ty":"tr","a":{"a":0,"k":[0,0]},"s":{"a":0,"k":[100,100]},"sk":{"a":0,"k":0},"p":{"a":0,"k":[499.544,25.568]},"r":{"a":0,"k":0},"sa":{"a":0,"k":0},"o":{"a":0,"k":100}}]},{"ty":"gr","nm":"G","it":[{"ty":"sh","nm":"P","d":1,"ks":{"a":0,"k":{"c":true,"i":[[0,0],[0,0],[0,0],[0,0],[0,0],[0,0],[0,0],[0,0],[0,0],[0,0],[0,0],[0,0]],"o":[[0,0],[0,0],[0,0],[0,0],[0,0],[0,0],[0,0],[0,0],[0,0],[0,0],[0,0],[0,0]],"v":[[-241.944,174.949],[-252.445,167.478],[-156.382,32.449],[-82.899,58.552],[63.992,-83.806],[103.215,-54.97],[244.088,-174.949],[252.445,-165.139],[103.802,-38.541],[65.137,-66.968],[-79.675,73.374],[-151.524,47.853]]}}},{"ty":"fl","nm":"F","c":{"a":0,"k":[0.757,0.557,0.047]},"r":1,"o":{"a":0,"k":100}},{"ty":"tr","a":{"a":0,"k":[0,0]},"s":{"a":0,"k":[100,100]},"sk":{"a":0,"k":0},"p":{"a":0,"k":[252.695,191.818]},"r":{"a":0,"k":0},"sa":{"a":0,"k":0},"o":{"a":0,"k":100}}]}],"ind":6},{"ty":4,"nm":"L","sr":1,"st":0,"op":120,"ip":0,"hasMask":false,"ao":0,"ks":{"a":{"a":0,"k":[238.223,190.916,0]},"s":{"a":0,"k":[100,100,100]},"sk":{"a":0,"k":0},"p":{"a":0,"k":[1462.814,310.319,0]},"r":{"a":1,"k":[{"o":{"x":0.333,"y":0},"i":{"x":0.667,"y":1},"s":[0],"t":0},{"o":{"x":0.333,"y":0},"i":{"x":0.667,"y":1},"s":[10],"t":20},{"o":{"x":0.333,"y":0},"i":{"x":0.667,"y":1},"s":[0],"t":40},{"o":{"x":0.333,"y":0},"i":{"x":0.667,"y":1},"s":[10],"t":60},{"o":{"x":0.333,"y":0},"i":{"x":0.667,"y":1},"s":[0],"t":79},{"o":{"x":0.333,"y":0},"i":{"x":0.667,"y":1},"s":[10],"t":99},{"o":{"x":0.333,"y":0},"i":{"x":0.667,"y":1},"s":[0],"t":119},{"s":[10],"t":139}]},"sa":{"a":0,"k":0},"o":{"a":0,"k":100}},"ef":[],"shapes":[{"ty":"gr","nm":"G","it":[{"ty":"sh","nm":"P","d":1,"ks":{"a":0,"k":{"c":true,"i":[[-2.578,-5.155],[0.132,-7.198],[0,0],[0.519,0.517],[1.625,2.584],[0.155,0.155],[2.303,-1.661],[5.186,5.197],[-3.286,9.874],[-4.942,-0.14],[-2.774,-2.155]],"o":[[3.715,5.813],[0,0],[-0.512,-0.518],[0,0],[-0.161,-0.161],[0.524,2.643],[-7.448,5.346],[-6.257,-6.266],[1.322,-3.973],[3.31,0.095],[4.453,3.468]],"v":[[15.24,-3.127],[21.419,14.902],[20.972,15.271],[19.413,13.712],[18.805,13.098],[18.336,12.622],[16.128,19.355],[-5.246,12.324],[-18.264,-13.733],[-8.06,-24.561],[5.757,-15.641]]}}},{"ty":"fl","nm":"F","c":{"a":0,"k":[1,0.757,0.612]},"r":1,"o":{"a":0,"k":100}},{"ty":"tr","a":{"a":0,"k":[0,0]},"s":{"a":0,"k":[100,100]},"sk":{"a":0,"k":0},"p":{"a":0,"k":[21.8,24.951]},"r":{"a":0,"k":0},"sa":{"a":0,"k":0},"o":{"a":0,"k":100}}]},{"ty":"gr","nm":"G","it":[{"ty":"sh","nm":"P","d":1,"ks":{"a":0,"k":{"c":true,"i":[[-16.824,2.453],[-7.769,-2.185],[5.406,-20.914],[38.422,12.716],[32.182,18.127]],"o":[[19.217,7.204],[45.256,12.728],[-6.126,23.687],[-33.409,-11.055],[8.299,-12.353]],"v":[[-44.485,-46.572],[28.322,-22.377],[88.014,22.885],[-7.778,27.32],[-93.42,-16.27]]}}},{"ty":"fl","nm":"F","c":{"a":0,"k":[0.757,0.557,0.047]},"r":1,"o":{"a":0,"k":100}},{"ty":"tr","a":{"a":0,"k":[0,0]},"s":{"a":0,"k":[100,100]},"sk":{"a":0,"k":0},"p":{"a":0,"k":[178.776,159.011]},"r":{"a":0,"k":0},"sa":{"a":0,"k":0},"o":{"a":0,"k":100}}]},{"ty":"gr","nm":"G","it":[{"ty":"sh","nm":"P","d":1,"ks":{"a":0,"k":{"c":true,"i":[[-36.29,-40.904],[-2.084,8.782],[0,0],[21.878,21.735],[0,0]],"o":[[6.084,-0.488],[1.75,-7.358],[-24.318,-33.612],[-21.515,-21.375],[16.026,29.825]],"v":[[19.926,64.504],[45.727,50.96],[44.81,40.983],[-25.961,-43.129],[-45.047,-35.664]]}}},{"ty":"fl","nm":"F","c":{"a":0,"k":[1,0.757,0.612]},"r":1,"o":{"a":0,"k":100}},{"ty":"tr","a":{"a":0,"k":[0,0]},"s":{"a":0,"k":[100,100]},"sk":{"a":0,"k":0},"p":{"a":0,"k":[69.253,74.939]},"r":{"a":0,"k":0},"sa":{"a":0,"k":0},"o":{"a":0,"k":100}}]},{"ty":"gr","nm":"G","it":[{"ty":"sh","nm":"P","d":1,"ks":{"a":0,"k":{"c":true,"i":[[6.37,-3.096],[-8.859,-5.078],[-27.111,-12.139],[-6.126,23.693],[45.249,12.722],[30.826,10.204]],"o":[[-2.036,1.649],[35.861,20.562],[36.945,16.544],[5.4,-20.914],[-9.62,-2.709],[0,0]],"v":[[-80.975,-45.39],[-86.392,-17],[0.262,26.531],[89.851,24.792],[-7.12,-22.279],[-58.389,-42.169]]}}},{"ty":"fl","nm":"F","c":{"a":0,"k":[0.914,0.69,0.718]},"r":1,"o":{"a":0,"k":100}},{"ty":"tr","a":{"a":0,"k":[0,0]},"s":{"a":0,"k":[100,100]},"sk":{"a":0,"k":0},"p":{"a":0,"k":[175.952,155.329]},"r":{"a":0,"k":0},"sa":{"a":0,"k":0},"o":{"a":0,"k":100}}]}],"ind":7},{"ty":4,"nm":"L","sr":1,"st":0,"op":120,"ip":0,"hasMask":false,"ao":0,"ks":{"a":{"a":0,"k":[278.732,243.704,0]},"s":{"a":1,"k":[{"o":{"x":0.333,"y":0},"i":{"x":0.667,"y":1},"s":[0,0,100],"t":0},{"o":{"x":0.333,"y":0},"i":{"x":0.667,"y":1},"s":[110,110,100],"t":10},{"o":{"x":0.333,"y":0},"i":{"x":0.833,"y":1},"s":[100,100,100],"t":20},{"o":{"x":0.167,"y":0},"i":{"x":0.833,"y":1},"s":[90,90,100],"t":40},{"o":{"x":0.167,"y":0},"i":{"x":0.833,"y":1},"s":[100,100,100],"t":60},{"o":{"x":0.167,"y":0},"i":{"x":0.833,"y":1},"s":[90,90,100],"t":80},{"o":{"x":0.167,"y":0},"i":{"x":0.833,"y":1},"s":[100,100,100],"t":100},{"o":{"x":0.167,"y":0},"i":{"x":0.833,"y":1},"s":[90,90,100],"t":119},{"s":[100,100,100],"t":139}]},"sk":{"a":0,"k":0},"p":{"a":0,"k":[996.637,346.559,0]},"r":{"a":0,"k":0},"sa":{"a":0,"k":0},"o":{"a":0,"k":100}},"ef":[],"shapes":[{"ty":"gr","nm":"G","it":[{"ty":"sh","nm":"P","d":1,"ks":{"a":0,"k":{"c":true,"i":[[0,0],[0,0],[0,0],[0,0]],"o":[[0,0],[0,0],[0,0],[0,0]],"v":[[278.482,32.673],[-278.482,32.673],[-278.482,-32.673],[278.482,-32.673]]}}},{"ty":"fl","nm":"F","c":{"a":0,"k":[0.973,0.737,0.098]},"r":1,"o":{"a":0,"k":100}},{"ty":"tr","a":{"a":0,"k":[0,0]},"s":{"a":0,"k":[100,100]},"sk":{"a":0,"k":0},"p":{"a":0,"k":[278.732,32.923]},"r":{"a":0,"k":0},"sa":{"a":0,"k":0},"o":{"a":0,"k":100}}]},{"ty":"gr","nm":"G","it":[{"ty":"sh","nm":"P","d":1,"ks":{"a":0,"k":{"c":true,"i":[[0,-1.446],[1.445,0],[0,0],[0,0],[0,0]],"o":[[0,1.394],[0,0],[0,0],[0,0],[1.445,0]],"v":[[32.239,0],[29.657,2.581],[-32.239,2.581],[-32.239,-2.581],[29.657,-2.581]]}}},{"ty":"fl","nm":"F","c":{"a":0,"k":[0.973,0.737,0.098]},"r":1,"o":{"a":0,"k":100}},{"ty":"tr","a":{"a":0,"k":[0,0]},"s":{"a":0,"k":[100,100]},"sk":{"a":0,"k":0},"p":{"a":0,"k":[80.979,338.521]},"r":{"a":0,"k":0},"sa":{"a":0,"k":0},"o":{"a":0,"k":100}}]},{"ty":"gr","nm":"G","it":[{"ty":"sh","nm":"P","d":1,"ks":{"a":0,"k":{"c":true,"i":[[0,-1.445],[1.445,0],[0,0],[0,0],[0,0]],"o":[[0,1.445],[0,0],[0,0],[0,0],[1.445,0]],"v":[[79.318,0],[76.737,2.581],[-79.318,2.581],[-79.318,-2.581],[76.737,-2.581]]}}},{"ty":"fl","nm":"F","c":{"a":0,"k":[0.973,0.737,0.098]},"r":1,"o":{"a":0,"k":100}},{"ty":"tr","a":{"a":0,"k":[0,0]},"s":{"a":0,"k":[100,100]},"sk":{"a":0,"k":0},"p":{"a":0,"k":[128.059,275.542]},"r":{"a":0,"k":0},"sa":{"a":0,"k":0},"o":{"a":0,"k":100}}]},{"ty":"gr","nm":"G","it":[{"ty":"sh","nm":"P","d":1,"ks":{"a":0,"k":{"c":true,"i":[[0,-1.446],[1.394,0],[0,0],[0,0],[0,0]],"o":[[0,1.394],[0,0],[0,0],[0,0],[1.394,0]],"v":[[121.468,0],[118.887,2.581],[-121.468,2.581],[-121.468,-2.581],[118.887,-2.581]]}}},{"ty":"fl","nm":"F","c":{"a":0,"k":[0.973,0.737,0.098]},"r":1,"o":{"a":0,"k":100}},{"ty":"tr","a":{"a":0,"k":[0,0]},"s":{"a":0,"k":[100,100]},"sk":{"a":0,"k":0},"p":{"a":0,"k":[170.209,235.276]},"r":{"a":0,"k":0},"sa":{"a":0,"k":0},"o":{"a":0,"k":100}}]},{"ty":"gr","nm":"G","it":[{"ty":"sh","nm":"P","d":1,"ks":{"a":0,"k":{"c":true,"i":[[0,-1.446],[1.446,0],[0,0],[0,0],[0,0]],"o":[[0,1.394],[0,0],[0,0],[0,0],[1.446,0]],"v":[[170.355,0],[167.773,2.581],[-170.355,2.581],[-170.355,-2.581],[167.773,-2.581]]}}},{"ty":"fl","nm":"F","c":{"a":0,"k":[0.973,0.737,0.098]},"r":1,"o":{"a":0,"k":100}},{"ty":"tr","a":{"a":0,"k":[0,0]},"s":{"a":0,"k":[100,100]},"sk":{"a":0,"k":0},"p":{"a":0,"k":[219.095,183.654]},"r":{"a":0,"k":0},"sa":{"a":0,"k":0},"o":{"a":0,"k":100}}]},{"ty":"gr","nm":"G","it":[{"ty":"sh","nm":"P","d":1,"ks":{"a":0,"k":{"c":true,"i":[[1.446,0],[0,0],[0,0],[0,0],[0,1.394]],"o":[[0,0],[0,0],[0,0],[1.446,0],[0,-1.445]],"v":[[209.381,-2.581],[-211.962,-2.581],[-211.962,2.581],[209.381,2.581],[211.962,0]]}}},{"ty":"fl","nm":"F","c":{"a":0,"k":[0.973,0.737,0.098]},"r":1,"o":{"a":0,"k":100}},{"ty":"tr","a":{"a":0,"k":[0,0]},"s":{"a":0,"k":[100,100]},"sk":{"a":0,"k":0},"p":{"a":0,"k":[260.703,132.031]},"r":{"a":0,"k":0},"sa":{"a":0,"k":0},"o":{"a":0,"k":100}}]},{"ty":"gr","nm":"G","it":[{"ty":"sh","nm":"P","d":1,"ks":{"a":0,"k":{"c":true,"i":[[0,0],[0,0],[0,0],[0,0]],"o":[[0,0],[0,0],[0,0],[0,0]],"v":[[29.664,49.805],[-29.664,49.805],[-29.664,-49.805],[29.664,-49.805]]}}},{"ty":"fl","nm":"F","c":{"a":0,"k":[0.973,0.737,0.098]},"r":1,"o":{"a":0,"k":100}},{"ty":"tr","a":{"a":0,"k":[0,0]},"s":{"a":0,"k":[100,100]},"sk":{"a":0,"k":0},"p":{"a":0,"k":[78.399,437.353]},"r":{"a":0,"k":0},"sa":{"a":0,"k":0},"o":{"a":0,"k":100}}]},{"ty":"gr","nm":"G","it":[{"ty":"sh","nm":"P","d":1,"ks":{"a":0,"k":{"c":true,"i":[[0,0],[0,0],[0,0],[0,0]],"o":[[0,0],[0,0],[0,0],[0,0]],"v":[[29.664,75.616],[-29.664,75.616],[-29.664,-75.616],[29.664,-75.616]]}}},{"ty":"fl","nm":"F","c":{"a":0,"k":[0,0,0]},"r":1,"o":{"a":0,"k":100}},{"ty":"tr","a":{"a":0,"k":[0,0]},"s":{"a":0,"k":[100,100]},"sk":{"a":0,"k":0},"p":{"a":0,"k":[166.157,411.542]},"r":{"a":0,"k":0},"sa":{"a":0,"k":0},"o":{"a":0,"k":100}}]},{"ty":"gr","nm":"G","it":[{"ty":"sh","nm":"P","d":1,"ks":{"a":0,"k":{"c":true,"i":[[0,0],[0,0],[0,0],[0,0]],"o":[[0,0],[0,0],[0,0],[0,0]],"v":[[29.665,107.099],[-29.665,107.099],[-29.665,-107.099],[29.665,-107.099]]}}},{"ty":"fl","nm":"F","c":{"a":0,"k":[0.973,0.737,0.098]},"r":1,"o":{"a":0,"k":100}},{"ty":"tr","a":{"a":0,"k":[0,0]},"s":{"a":0,"k":[100,100]},"sk":{"a":0,"k":0},"p":{"a":0,"k":[253.916,380.059]},"r":{"a":0,"k":0},"sa":{"a":0,"k":0},"o":{"a":0,"k":100}}]},{"ty":"gr","nm":"G","it":[{"ty":"sh","nm":"P","d":1,"ks":{"a":0,"k":{"c":true,"i":[[0,0],[0,0],[0,0],[0,0]],"o":[[0,0],[0,0],[0,0],[0,0]],"v":[[29.664,127.238],[-29.664,127.238],[-29.664,-127.238],[29.664,-127.238]]}}},{"ty":"fl","nm":"F","c":{"a":0,"k":[0,0,0]},"r":1,"o":{"a":0,"k":100}},{"ty":"tr","a":{"a":0,"k":[0,0]},"s":{"a":0,"k":[100,100]},"sk":{"a":0,"k":0},"p":{"a":0,"k":[341.674,359.919]},"r":{"a":0,"k":0},"sa":{"a":0,"k":0},"o":{"a":0,"k":100}}]},{"ty":"gr","nm":"G","it":[{"ty":"sh","nm":"P","d":1,"ks":{"a":0,"k":{"c":true,"i":[[0,0],[0,0],[0,0],[0,0]],"o":[[0,0],[0,0],[0,0],[0,0]],"v":[[29.664,153.05],[-29.664,153.05],[-29.664,-153.05],[29.664,-153.05]]}}},{"ty":"fl","nm":"F","c":{"a":0,"k":[0.973,0.737,0.098]},"r":1,"o":{"a":0,"k":100}},{"ty":"tr","a":{"a":0,"k":[0,0]},"s":{"a":0,"k":[100,100]},"sk":{"a":0,"k":0},"p":{"a":0,"k":[429.432,334.108]},"r":{"a":0,"k":0},"sa":{"a":0,"k":0},"o":{"a":0,"k":100}}]},{"ty":"gr","nm":"G","it":[{"ty":"sh","nm":"P","d":1,"ks":{"a":0,"k":{"c":true,"i":[[0,0],[0,0],[0,0],[0,0]],"o":[[0,0],[0,0],[0,0],[0,0]],"v":[[29.665,178.861],[-29.665,178.861],[-29.665,-178.861],[29.665,-178.861]]}}},{"ty":"fl","nm":"F","c":{"a":0,"k":[0,0,0]},"r":1,"o":{"a":0,"k":100}},{"ty":"tr","a":{"a":0,"k":[0,0]},"s":{"a":0,"k":[100,100]},"sk":{"a":0,"k":0},"p":{"a":0,"k":[517.191,308.297]},"r":{"a":0,"k":0},"sa":{"a":0,"k":0},"o":{"a":0,"k":100}}]}],"ind":8},{"ty":4,"nm":"L","sr":1,"st":0,"op":120,"ip":0,"hasMask":false,"ao":0,"ks":{"a":{"a":0,"k":[112.396,166.926,0]},"s":{"a":0,"k":[100,100,100]},"sk":{"a":0,"k":0},"p":{"a":0,"k":[110.074,167.602,0]},"r":{"a":0,"k":0},"sa":{"a":0,"k":0},"o":{"a":0,"k":100}},"ef":[],"shapes":[{"ty":"gr","nm":"G","it":[{"ty":"sh","nm":"P","d":1,"ks":{"a":0,"k":{"c":true,"i":[[-5.983,-20.05],[-2.369,-18.18],[-7.334,-5.906],[-9.525,-10.62],[7.031,-16.479],[-8.292,-21.074],[5.578,-17.645],[20.538,-0.904],[10.913,8.061],[11.019,3.738],[13.311,13.359],[0.822,25.194],[-3.829,13.27],[6.066,20.592],[-1.018,15.002],[-4.906,11.534],[-23.753,-0.328],[-12.817,-7.947]],"o":[[5.399,18.116],[8.001,3.632],[11.15,8.983],[13.025,14.52],[-7.888,18.49],[5.691,14.455],[-7.799,24.7],[-13.044,0.571],[-8.845,-6.537],[-18.038,-6.12],[-19.122,-19.169],[-0.458,-13.936],[6.25,-21.675],[-4.483,-15.216],[0.798,-11.811],[8.751,-20.634],[14.621,0.202],[19.491,12.076]],"v":[[30.594,-105.401],[40.362,-49.43],[63.526,-28.86],[99.12,-2.852],[100.465,42.137],[85.445,99.822],[98.608,141.715],[32.552,166.106],[-2.442,156.807],[-26.23,135.143],[-85.404,134.059],[-107.836,42.667],[-100.513,3.077],[-107.663,-51.845],[-106.973,-94.12],[-102.347,-126.761],[-50.483,-166.349],[-5.036,-155.664]]}}},{"ty":"fl","nm":"F","c":{"a":0,"k":[0,0,0]},"r":1,"o":{"a":0,"k":100}},{"ty":"tr","a":{"a":0,"k":[0,0]},"s":{"a":0,"k":[100,100]},"sk":{"a":0,"k":0},"p":{"a":0,"k":[112.395,166.927]},"r":{"a":0,"k":0},"sa":{"a":0,"k":0},"o":{"a":0,"k":100}}]}],"ind":9,"parent":11},{"ty":4,"nm":"L","sr":1,"st":0,"op":120,"ip":0,"hasMask":false,"ao":0,"ks":{"a":{"a":0,"k":[561.078,428.635,0]},"s":{"a":0,"k":[100,100,100]},"sk":{"a":0,"k":0},"p":{"a":0,"k":[800.628,458.543,0]},"r":{"a":0,"k":0},"sa":{"a":0,"k":0},"o":{"a":0,"k":100}},"ef":[],"shapes":[{"ty":"gr","nm":"G","it":[{"ty":"sh","nm":"P","d":1,"ks":{"a":0,"k":{"c":true,"i":[[0,-21.198],[21.198,0],[0,21.198],[-21.198,0]],"o":[[0,21.198],[-21.198,0],[0,-21.198],[21.198,0]],"v":[[38.383,0],[0,38.383],[-38.383,0],[0,-38.383]]}}},{"ty":"fl","nm":"F","c":{"a":0,"k":[1,1,1]},"r":1,"o":{"a":0,"k":100}},{"ty":"tr","a":{"a":0,"k":[0,0]},"s":{"a":0,"k":[100,100]},"sk":{"a":0,"k":0},"p":{"a":0,"k":[561.092,654.884]},"r":{"a":0,"k":0},"sa":{"a":0,"k":0},"o":{"a":0,"k":100}}]},{"ty":"gr","nm":"G","it":[{"ty":"sh","nm":"P","d":1,"ks":{"a":0,"k":{"c":true,"i":[[3.347,0],[0,0],[0,4.818],[-4.818,0],[0,0],[0,-4.818],[0.644,-1.216]],"o":[[0,0],[-4.818,0],[0,-4.818],[0,0],[4.818,0],[0,1.472],[-1.463,2.766]],"v":[[209.436,8.724],[-209.436,8.724],[-218.16,0],[-209.436,-8.724],[209.436,-8.724],[218.16,0],[217.152,4.074]]}}},{"ty":"fl","nm":"F","c":{"a":0,"k":[0.157,0.188,0.224]},"r":1,"o":{"a":0,"k":100}},{"ty":"tr","a":{"a":0,"k":[0,0]},"s":{"a":0,"k":[100,100]},"sk":{"a":0,"k":0},"p":{"a":0,"k":[561.092,848.297]},"r":{"a":0,"k":0},"sa":{"a":0,"k":0},"o":{"a":0,"k":100}}]},{"ty":"gr","nm":"G","it":[{"ty":"sh","nm":"P","d":1,"ks":{"a":0,"k":{"c":true,"i":[[0,0],[0,0],[33.678,0],[0,0],[0,33.678],[0,0]],"o":[[0,0],[0,33.678],[0,0],[-33.677,0],[0,0],[0,0]],"v":[[543.989,-46.355],[543.989,-14.65],[482.985,46.355],[-483.034,46.355],[-543.99,-14.65],[-543.99,-46.355]]}}},{"ty":"fl","nm":"F","c":{"a":0,"k":[0,0,0]},"r":1,"o":{"a":0,"k":100}},{"ty":"tr","a":{"a":0,"k":[0,0]},"s":{"a":0,"k":[100,100]},"sk":{"a":0,"k":0},"p":{"a":0,"k":[561.092,646.292]},"r":{"a":0,"k":0},"sa":{"a":0,"k":0},"o":{"a":0,"k":100}}]},{"ty":"gr","nm":"G","it":[{"ty":"sh","nm":"P","d":1,"ks":{"a":0,"k":{"c":true,"i":[[0,0],[-24.315,0],[0,0],[-7.947,-6.68],[0,-13.038],[0,0],[11.857,-7.926],[9.064,0],[0,0],[1.998,0.28],[0,22.274]],"o":[[0,-24.358],[0,0],[10.417,0],[9.989,8.42],[0,0],[0,15.293],[-7.024,4.704],[0,0],[-2.062,0],[-21.436,-2.985],[0,0]],"v":[[-527.149,-272.079],[-483.029,-316.242],[482.985,-316.242],[511.445,-305.867],[527.17,-272.079],[527.17,276.775],[507.494,313.505],[482.985,320.937],[-483.029,320.937],[-489.13,320.507],[-527.149,276.775]]}}},{"ty":"sh","nm":"P","d":1,"ks":{"a":0,"k":{"c":true,"i":[[17.614,14.864],[14.37,2.04],[8.39,4.695],[0,0],[0,-42.917],[0,0],[-15.38,-14.22],[-12.673,-3.265],[-6.681,0],[0,0],[-0.795,0.022],[-2.32,0.28],[-3.716,1.031],[-2.148,0.817],[-2.686,1.417],[-1.418,0.838],[0,0],[-3.631,3.286],[-4.253,13.339],[-0.558,2.728],[-0.236,2.32],[0,2.985],[0,0]],"o":[[-11.191,-9.408],[-3.63,-0.537],[0,0],[-38.2,4.695],[0,0],[0,22.553],[9.322,8.635],[6.187,1.59],[0,0],[0.816,0],[2.384,-0.064],[3.909,-0.472],[2.234,-0.623],[2.879,-1.074],[1.46,-0.752],[0,0],[4.21,-2.535],[10.181,-9.129],[0.859,-2.599],[0.473,-2.234],[0.344,-2.9],[0,0],[0,-22.983]],"v":[[533.14,-331.621],[493.961,-349.127],[478.289,-354.617],[-487.725,-354.617],[-560.829,-272.079],[-560.829,276.775],[-535.805,333.911],[-502.383,352.19],[-483.029,354.617],[482.985,354.617],[485.412,354.574],[492.479,354.037],[503.928,351.761],[510.501,349.591],[518.836,345.854],[523.153,343.469],[523.153,343.448],[534.945,334.684],[557.133,300.445],[559.238,292.455],[560.313,285.624],[560.829,276.775],[560.829,-272.079]]}}},{"ty":"mm","nm":"M","mm":1},{"ty":"fl","nm":"F","c":{"a":0,"k":[0.157,0.188,0.224]},"r":1,"o":{"a":0,"k":100}},{"ty":"tr","a":{"a":0,"k":[0,0]},"s":{"a":0,"k":[100,100]},"sk":{"a":0,"k":0},"p":{"a":0,"k":[561.079,354.867]},"r":{"a":0,"k":0},"sa":{"a":0,"k":0},"o":{"a":0,"k":100}}]},{"ty":"gr","nm":"G","it":[{"ty":"sh","nm":"P","d":1,"ks":{"a":0,"k":{"c":true,"i":[[0,0],[0,0],[0,0],[0,0],[0,0],[0,0],[0,0],[0,0]],"o":[[0,0],[0,0],[0,0],[0,0],[0,0],[0,0],[0,0],[0,0]],"v":[[158.543,106.11],[-158.543,106.11],[-142.046,33.315],[-113.736,-91.505],[-110.428,-106.111],[110.428,-106.111],[113.736,-91.505],[142.047,33.315]]}}},{"ty":"fl","nm":"F","c":{"a":0,"k":[0,0,0]},"r":1,"o":{"a":0,"k":100}},{"ty":"tr","a":{"a":0,"k":[0,0]},"s":{"a":0,"k":[100,100]},"sk":{"a":0,"k":0},"p":{"a":0,"k":[561.093,735.348]},"r":{"a":0,"k":0},"sa":{"a":0,"k":0},"o":{"a":0,"k":100}}]},{"ty":"gr","nm":"G","it":[{"ty":"sh","nm":"P","d":1,"ks":{"a":0,"k":{"c":true,"i":[[0,-13.038],[0,0],[24.358,0],[0,0],[0,24.358],[0,0],[-24.315,0],[0,0],[-7.948,-6.68]],"o":[[0,0],[0,24.358],[0,0],[-24.315,0],[0,0],[0,-24.358],[0,0],[10.418,0],[9.988,8.42]],"v":[[527.159,-274.427],[527.159,274.427],[482.975,318.589],[-483.039,318.589],[-527.159,274.427],[-527.159,-274.427],[-483.039,-318.589],[482.975,-318.589],[511.436,-308.214]]}}},{"ty":"fl","nm":"F","c":{"a":0,"k":[1,1,1]},"r":1,"o":{"a":0,"k":100}},{"ty":"tr","a":{"a":0,"k":[0,0]},"s":{"a":0,"k":[100,100]},"sk":{"a":0,"k":0},"p":{"a":0,"k":[561.093,357.216]},"r":{"a":0,"k":0},"sa":{"a":0,"k":0},"o":{"a":0,"k":100}}]}],"ind":10},{"ty":3,"nm":"L","sr":1,"st":0,"op":120,"ip":0,"hasMask":false,"ao":0,"ks":{"a":{"a":0,"k":[53.805,126.579,0]},"s":{"a":0,"k":[100,100,100]},"sk":{"a":0,"k":0},"p":{"a":0,"k":[1513.367,223.402,0]},"r":{"a":1,"k":[{"o":{"x":0.333,"y":0},"i":{"x":0.667,"y":1},"s":[0],"t":0},{"o":{"x":0.333,"y":0},"i":{"x":0.667,"y":1},"s":[-10],"t":20},{"o":{"x":0.333,"y":0},"i":{"x":0.667,"y":1},"s":[0],"t":40},{"o":{"x":0.333,"y":0},"i":{"x":0.667,"y":1},"s":[-10],"t":60},{"o":{"x":0.333,"y":0},"i":{"x":0.667,"y":1},"s":[0],"t":80},{"o":{"x":0.333,"y":0},"i":{"x":0.667,"y":1},"s":[-10],"t":100},{"o":{"x":0.333,"y":0},"i":{"x":0.667,"y":1},"s":[0],"t":120},{"s":[-10],"t":140}]},"sa":{"a":0,"k":0},"o":{"a":0,"k":100}},"ef":[],"ind":11}],"v":"5.9.0","fr":40,"op":120,"ip":0,"assets":[]}