{"nm":"1","h":2160,"w":3840,"meta":{"g":"@lottiefiles/toolkit-js 0.33.2"},"layers":[{"ty":4,"nm":"l","sr":1,"st":0,"op":180,"ip":0,"hasMask":false,"ao":0,"ks":{"a":{"a":0,"k":[4077.575,2303.025,0]},"s":{"a":0,"k":[61.56,61.56,100]},"sk":{"a":0,"k":0},"p":{"a":0,"k":[2741.255,1086.542,0]},"r":{"a":0,"k":0},"sa":{"a":0,"k":0},"o":{"a":0,"k":100}},"ef":[],"shapes":[{"ty":"gr","nm":"G","it":[{"ty":"sh","nm":"P","d":1,"ks":{"a":0,"k":{"c":false,"i":[[0,0],[-116.025,143.086],[-53.95,-98.266],[-52.792,55.035],[0,0]],"o":[[0,0],[72.205,-89.046],[44.461,80.984],[114.723,-119.599],[0,0]],"v":[[-491.179,58.277],[-258.59,-25.394],[-43.116,-4.811],[181.457,1.906],[491.179,-44.979]]}}},{"ty":"st","nm":"S","lc":2,"lj":2,"ml":1,"o":{"a":0,"k":100},"w":{"a":0,"k":6},"c":{"a":0,"k":[0.612,0.816,1]}},{"ty":"tr","a":{"a":0,"k":[0,0]},"s":{"a":0,"k":[100,100]},"sk":{"a":0,"k":0},"p":{"a":0,"k":[4077.575,2337.376]},"r":{"a":0,"k":0},"sa":{"a":0,"k":0},"o":{"a":0,"k":100}}]},{"ty":"gr","nm":"G","it":[{"ty":"sh","nm":"P","d":1,"ks":{"a":0,"k":{"c":false,"i":[[0,0],[-70.027,-77.9],[-52.168,47.202],[-76.089,-6.374],[-98.745,-23.047],[0,0]],"o":[[0,0],[70.028,77.901],[52.168,-47.202],[80.383,6.734],[98.746,23.047],[0,0]],"v":[[-491.179,-107.269],[-346.276,-12.232],[-110.018,-4.994],[40.949,-76.696],[252.469,84.222],[491.179,85.208]]}}},{"ty":"st","nm":"S","lc":2,"lj":2,"ml":1,"o":{"a":0,"k":100},"w":{"a":0,"k":6},"c":{"a":0,"k":[0.98,0.369,0.267]}},{"ty":"tr","a":{"a":0,"k":[0,0]},"s":{"a":0,"k":[100,100]},"sk":{"a":0,"k":0},"p":{"a":0,"k":[4077.575,2310.446]},"r":{"a":0,"k":0},"sa":{"a":0,"k":0},"o":{"a":0,"k":100}}]},{"ty":"gr","nm":"G","it":[{"ty":"sh","nm":"P","d":1,"ks":{"a":0,"k":{"c":false,"i":[[0,0],[-105.353,62.401],[-71.186,-75.716],[-71.924,42.203],[-147.765,5.534]],"o":[[0,0],[105.354,-62.401],[95.795,101.891],[71.926,-42.203],[0,0]],"v":[[-491.179,-16.342],[-329.602,-37.001],[-16.55,-9.677],[234.221,57.199],[491.179,-59.202]]}}},{"ty":"st","nm":"S","lc":2,"lj":2,"ml":1,"o":{"a":0,"k":100},"w":{"a":0,"k":6},"c":{"a":0,"k":[0.357,0.706,0.655]}},{"ty":"tr","a":{"a":0,"k":[0,0]},"s":{"a":0,"k":[100,100]},"sk":{"a":0,"k":0},"p":{"a":0,"k":[4077.575,2274.453]},"r":{"a":0,"k":0},"sa":{"a":0,"k":0},"o":{"a":0,"k":100}}]},{"ty":"tm","nm":"T","e":{"a":1,"k":[{"o":{"x":0.167,"y":0.167},"i":{"x":0.833,"y":0.833},"s":[0],"t":15},{"s":[100],"t":80}]},"o":{"a":0,"k":0},"s":{"a":0,"k":0},"m":1}],"ind":1},{"ty":4,"nm":"2","sr":1,"st":0,"op":180,"ip":0,"hasMask":false,"ao":0,"ks":{"a":{"a":0,"k":[4465.307,3231.402,0]},"s":{"a":1,"k":[{"o":{"x":0.333,"y":0},"i":{"x":0.667,"y":1},"s":[61.56,0,100],"t":71},{"s":[61.56,61.56,100],"t":80}]},"sk":{"a":0,"k":0},"p":{"a":0,"k":[2979.943,1658.051,0]},"r":{"a":0,"k":0},"sa":{"a":0,"k":0},"o":{"a":0,"k":100}},"ef":[],"shapes":[{"ty":"gr","nm":"G","it":[{"ty":"sh","nm":"P","d":1,"ks":{"a":0,"k":{"c":true,"i":[[0,0],[0,0],[0,0],[0,0]],"o":[[0,0],[0,0],[0,0],[0,0]],"v":[[31.2,290.965],[-31.199,290.965],[-31.199,-290.966],[31.2,-290.966]]}}},{"ty":"fl","nm":"F","c":{"a":0,"k":[0.357,0.706,0.655]},"r":1,"o":{"a":0,"k":100}},{"ty":"tr","a":{"a":0,"k":[0,0]},"s":{"a":0,"k":[100,100]},"sk":{"a":0,"k":0},"p":{"a":0,"k":[4463.455,2938.81]},"r":{"a":0,"k":0},"sa":{"a":0,"k":0},"o":{"a":0,"k":100}}]}],"ind":2},{"ty":4,"nm":"2","sr":1,"st":0,"op":180,"ip":0,"hasMask":false,"ao":0,"ks":{"a":{"a":0,"k":[4361.243,3226.924,0]},"s":{"a":1,"k":[{"o":{"x":0.333,"y":0},"i":{"x":0.667,"y":1},"s":[61.56,0,100],"t":64},{"s":[61.56,61.56,100],"t":73}]},"sk":{"a":0,"k":0},"p":{"a":0,"k":[2915.881,1655.294,0]},"r":{"a":0,"k":0},"sa":{"a":0,"k":0},"o":{"a":0,"k":100}},"ef":[],"shapes":[{"ty":"gr","nm":"G","it":[{"ty":"sh","nm":"P","d":1,"ks":{"a":0,"k":{"c":true,"i":[[0,0],[0,0],[0,0],[0,0]],"o":[[0,0],[0,0],[0,0],[0,0]],"v":[[31.2,225.073],[-31.199,225.073],[-31.199,-225.073],[31.2,-225.073]]}}},{"ty":"fl","nm":"F","c":{"a":0,"k":[0.98,0.369,0.267]},"r":1,"o":{"a":0,"k":100}},{"ty":"tr","a":{"a":0,"k":[0,0]},"s":{"a":0,"k":[100,100]},"sk":{"a":0,"k":0},"p":{"a":0,"k":[4361.243,3004.702]},"r":{"a":0,"k":0},"sa":{"a":0,"k":0},"o":{"a":0,"k":100}}]}],"ind":3},{"ty":4,"nm":"2","sr":1,"st":0,"op":180,"ip":0,"hasMask":false,"ao":0,"ks":{"a":{"a":0,"k":[4259.031,3230.889,0]},"s":{"a":1,"k":[{"o":{"x":0.333,"y":0},"i":{"x":0.667,"y":1},"s":[61.56,0,100],"t":57},{"s":[61.56,61.56,100],"t":66}]},"sk":{"a":0,"k":0},"p":{"a":0,"k":[2852.96,1657.735,0]},"r":{"a":0,"k":0},"sa":{"a":0,"k":0},"o":{"a":0,"k":100}},"ef":[],"shapes":[{"ty":"gr","nm":"G","it":[{"ty":"sh","nm":"P","d":1,"ks":{"a":0,"k":{"c":true,"i":[[0,0],[0,0],[0,0],[0,0]],"o":[[0,0],[0,0],[0,0],[0,0]],"v":[[31.2,97.034],[-31.199,97.034],[-31.199,-97.034],[31.2,-97.034]]}}},{"ty":"fl","nm":"F","c":{"a":0,"k":[0.357,0.706,0.655]},"r":1,"o":{"a":0,"k":100}},{"ty":"tr","a":{"a":0,"k":[0,0]},"s":{"a":0,"k":[100,100]},"sk":{"a":0,"k":0},"p":{"a":0,"k":[4259.031,3132.74]},"r":{"a":0,"k":0},"sa":{"a":0,"k":0},"o":{"a":0,"k":100}}]}],"ind":4},{"ty":4,"nm":"2","sr":1,"st":0,"op":180,"ip":0,"hasMask":false,"ao":0,"ks":{"a":{"a":0,"k":[4156.821,3231.533,0]},"s":{"a":1,"k":[{"o":{"x":0.333,"y":0},"i":{"x":0.667,"y":1},"s":[61.56,0,100],"t":50},{"s":[61.56,61.56,100],"t":59}]},"sk":{"a":0,"k":0},"p":{"a":0,"k":[2790.039,1658.132,0]},"r":{"a":0,"k":0},"sa":{"a":0,"k":0},"o":{"a":0,"k":100}},"ef":[],"shapes":[{"ty":"gr","nm":"G","it":[{"ty":"sh","nm":"P","d":1,"ks":{"a":0,"k":{"c":true,"i":[[0,0],[0,0],[0,0],[0,0]],"o":[[0,0],[0,0],[0,0],[0,0]],"v":[[31.2,287.131],[-31.2,287.131],[-31.2,-287.131],[31.2,-287.131]]}}},{"ty":"fl","nm":"F","c":{"a":0,"k":[0.98,0.369,0.267]},"r":1,"o":{"a":0,"k":100}},{"ty":"tr","a":{"a":0,"k":[0,0]},"s":{"a":0,"k":[100,100]},"sk":{"a":0,"k":0},"p":{"a":0,"k":[4156.821,2942.644]},"r":{"a":0,"k":0},"sa":{"a":0,"k":0},"o":{"a":0,"k":100}}]}],"ind":5},{"ty":4,"nm":"2","sr":1,"st":0,"op":180,"ip":0,"hasMask":false,"ao":0,"ks":{"a":{"a":0,"k":[4056.461,3231.662,0]},"s":{"a":1,"k":[{"o":{"x":0.333,"y":0},"i":{"x":0.667,"y":1},"s":[61.56,0,100],"t":43},{"s":[61.56,61.56,100],"t":52}]},"sk":{"a":0,"k":0},"p":{"a":0,"k":[2728.258,1658.211,0]},"r":{"a":0,"k":0},"sa":{"a":0,"k":0},"o":{"a":0,"k":100}},"ef":[],"shapes":[{"ty":"gr","nm":"G","it":[{"ty":"sh","nm":"P","d":1,"ks":{"a":0,"k":{"c":true,"i":[[0,0],[0,0],[0,0],[0,0]],"o":[[0,0],[0,0],[0,0],[0,0]],"v":[[31.199,183.298],[-31.199,183.298],[-31.199,-183.299],[31.199,-183.299]]}}},{"ty":"fl","nm":"F","c":{"a":0,"k":[0.357,0.706,0.655]},"r":1,"o":{"a":0,"k":100}},{"ty":"tr","a":{"a":0,"k":[0,0]},"s":{"a":0,"k":[100,100]},"sk":{"a":0,"k":0},"p":{"a":0,"k":[4054.61,3046.477]},"r":{"a":0,"k":0},"sa":{"a":0,"k":0},"o":{"a":0,"k":100}}]}],"ind":6},{"ty":4,"nm":"2","sr":1,"st":0,"op":180,"ip":0,"hasMask":false,"ao":0,"ks":{"a":{"a":0,"k":[3952.397,3230.154,0]},"s":{"a":1,"k":[{"o":{"x":0.333,"y":0},"i":{"x":0.667,"y":1},"s":[61.56,0,100],"t":36},{"s":[61.56,61.56,100],"t":45}]},"sk":{"a":0,"k":0},"p":{"a":0,"k":[2664.196,1657.283,0]},"r":{"a":0,"k":0},"sa":{"a":0,"k":0},"o":{"a":0,"k":100}},"ef":[],"shapes":[{"ty":"gr","nm":"G","it":[{"ty":"sh","nm":"P","d":1,"ks":{"a":0,"k":{"c":true,"i":[[0,0],[0,0],[0,0],[0,0]],"o":[[0,0],[0,0],[0,0],[0,0]],"v":[[31.199,127.399],[-31.199,127.399],[-31.199,-127.399],[31.199,-127.399]]}}},{"ty":"fl","nm":"F","c":{"a":0,"k":[0.98,0.369,0.267]},"r":1,"o":{"a":0,"k":100}},{"ty":"tr","a":{"a":0,"k":[0,0]},"s":{"a":0,"k":[100,100]},"sk":{"a":0,"k":0},"p":{"a":0,"k":[3952.397,3102.376]},"r":{"a":0,"k":0},"sa":{"a":0,"k":0},"o":{"a":0,"k":100}}]}],"ind":7},{"ty":4,"nm":"2","sr":1,"st":0,"op":180,"ip":0,"hasMask":false,"ao":0,"ks":{"a":{"a":0,"k":[3850.186,3232.384,0]},"s":{"a":1,"k":[{"o":{"x":0.333,"y":0},"i":{"x":0.667,"y":1},"s":[61.56,0,100],"t":29},{"s":[61.56,61.56,100],"t":38}]},"sk":{"a":0,"k":0},"p":{"a":0,"k":[2601.274,1658.656,0]},"r":{"a":0,"k":0},"sa":{"a":0,"k":0},"o":{"a":0,"k":100}},"ef":[],"shapes":[{"ty":"gr","nm":"G","it":[{"ty":"sh","nm":"P","d":1,"ks":{"a":0,"k":{"c":true,"i":[[0,0],[0,0],[0,0],[0,0]],"o":[[0,0],[0,0],[0,0],[0,0]],"v":[[31.199,254.798],[-31.199,254.798],[-31.199,-254.798],[31.199,-254.798]]}}},{"ty":"fl","nm":"F","c":{"a":0,"k":[0.357,0.706,0.655]},"r":1,"o":{"a":0,"k":100}},{"ty":"tr","a":{"a":0,"k":[0,0]},"s":{"a":0,"k":[100,100]},"sk":{"a":0,"k":0},"p":{"a":0,"k":[3850.186,2974.977]},"r":{"a":0,"k":0},"sa":{"a":0,"k":0},"o":{"a":0,"k":100}}]}],"ind":8},{"ty":4,"nm":"2","sr":1,"st":0,"op":180,"ip":0,"hasMask":false,"ao":0,"ks":{"a":{"a":0,"k":[3746.122,3228.776,0]},"s":{"a":1,"k":[{"o":{"x":0.333,"y":0},"i":{"x":0.667,"y":1},"s":[61.56,0,100],"t":22},{"s":[61.56,61.56,100],"t":31}]},"sk":{"a":0,"k":0},"p":{"a":0,"k":[2537.213,1656.434,0]},"r":{"a":0,"k":0},"sa":{"a":0,"k":0},"o":{"a":0,"k":100}},"ef":[],"shapes":[{"ty":"gr","nm":"G","it":[{"ty":"sh","nm":"P","d":1,"ks":{"a":0,"k":{"c":true,"i":[[0,0],[0,0],[0,0],[0,0]],"o":[[0,0],[0,0],[0,0],[0,0]],"v":[[31.199,225.073],[-31.199,225.073],[-31.199,-225.073],[31.199,-225.073]]}}},{"ty":"fl","nm":"F","c":{"a":0,"k":[0.98,0.369,0.267]},"r":1,"o":{"a":0,"k":100}},{"ty":"tr","a":{"a":0,"k":[0,0]},"s":{"a":0,"k":[100,100]},"sk":{"a":0,"k":0},"p":{"a":0,"k":[3747.974,3004.702]},"r":{"a":0,"k":0},"sa":{"a":0,"k":0},"o":{"a":0,"k":100}}]}],"ind":9},{"ty":4,"nm":"2","sr":1,"st":0,"op":180,"ip":0,"hasMask":false,"ao":0,"ks":{"a":{"a":0,"k":[3645.761,3228.247,0]},"s":{"a":1,"k":[{"o":{"x":0.333,"y":0},"i":{"x":0.667,"y":1},"s":[61.56,0,100],"t":15},{"s":[61.56,61.56,100],"t":24}]},"sk":{"a":0,"k":0},"p":{"a":0,"k":[2475.431,1656.109,0]},"r":{"a":0,"k":0},"sa":{"a":0,"k":0},"o":{"a":0,"k":100}},"ef":[],"shapes":[{"ty":"gr","nm":"G","it":[{"ty":"sh","nm":"P","d":1,"ks":{"a":0,"k":{"c":true,"i":[[0,0],[0,0],[0,0],[0,0]],"o":[[0,0],[0,0],[0,0],[0,0]],"v":[[31.199,334.861],[-31.199,334.861],[-31.199,-334.861],[31.199,-334.861]]}}},{"ty":"fl","nm":"F","c":{"a":0,"k":[0.357,0.706,0.655]},"r":1,"o":{"a":0,"k":100}},{"ty":"tr","a":{"a":0,"k":[0,0]},"s":{"a":0,"k":[100,100]},"sk":{"a":0,"k":0},"p":{"a":0,"k":[3645.761,2894.914]},"r":{"a":0,"k":0},"sa":{"a":0,"k":0},"o":{"a":0,"k":100}}]}],"ind":10},{"ty":4,"nm":"p","sr":1,"st":0,"op":180,"ip":0,"hasMask":false,"ao":0,"ks":{"a":{"a":0,"k":[4046.232,2445.313,0]},"s":{"a":0,"k":[68,61.56,100]},"sk":{"a":0,"k":0},"p":{"a":0,"k":[2721.96,1174.135,0]},"r":{"a":0,"k":0},"sa":{"a":0,"k":0},"o":{"a":0,"k":100}},"ef":[],"shapes":[{"ty":"gr","nm":"G","it":[{"ty":"sh","nm":"P","d":1,"ks":{"a":0,"k":{"c":true,"i":[[0,0],[0,0],[0,0],[0,0],[73.064,-81.574],[64.945,28.399],[106.134,-78.939]],"o":[[0,0],[0,0],[0,0],[0,0],[-89.695,100.145],[-64.945,-28.4],[-90.885,67.601]],"v":[[-514.146,37.1],[-514.146,125.151],[514.146,125.151],[514.146,-125.151],[307.134,-38.306],[41.954,16.645],[-251.662,44.893]]}}},{"ty":"fl","nm":"F","c":{"a":0,"k":[0.929,0.929,0.929]},"r":1,"o":{"a":0,"k":100}},{"ty":"tr","a":{"a":0,"k":[0,0]},"s":{"a":0,"k":[100,100]},"sk":{"a":0,"k":0},"p":{"a":0,"k":[4054.608,1922.385]},"r":{"a":0,"k":0},"sa":{"a":0,"k":0},"o":{"a":0,"k":100}}]},{"ty":"gr","nm":"G","it":[{"ty":"sh","nm":"P","d":1,"ks":{"a":0,"k":{"c":true,"i":[[0,0],[0,0],[0,0],[0,0],[-73.063,-81.575],[-64.944,28.4],[-106.134,-78.94]],"o":[[0,0],[0,0],[0,0],[0,0],[89.696,100.144],[64.945,-28.4],[90.886,67.6]],"v":[[514.146,8.993],[514.146,153.258],[-514.146,153.258],[-514.146,-153.258],[-307.135,-66.412],[-41.955,-11.462],[251.661,16.787]]}}},{"ty":"fl","nm":"F","c":{"a":0,"k":[0.89,0.89,0.89]},"r":1,"o":{"a":0,"k":100}},{"ty":"tr","a":{"a":0,"k":[0,0]},"s":{"a":0,"k":[100,100]},"sk":{"a":0,"k":0},"p":{"a":0,"k":[4054.608,1894.278]},"r":{"a":0,"k":0},"sa":{"a":0,"k":0},"o":{"a":0,"k":100}}]},{"ty":"gr","nm":"G","it":[{"ty":"sh","nm":"P","d":1,"ks":{"a":0,"k":{"c":false,"i":[[0,0],[0,0]],"o":[[0,0],[0,0]],"v":[[3540.462,1853.62],[4568.755,1853.62]]}}},{"ty":"st","nm":"S","lc":2,"lj":2,"ml":1,"o":{"a":0,"k":100},"w":{"a":0,"k":3},"d":[{"nm":"d","n":"d","v":{"a":0,"k":23}},{"nm":"g","n":"g","v":{"a":0,"k":23}},{"nm":"o","n":"o","v":{"a":0,"k":0}}],"c":{"a":0,"k":[0.949,0.922,0.922]}},{"ty":"tr","a":{"a":0,"k":[0,0]},"s":{"a":0,"k":[100,100]},"sk":{"a":0,"k":0},"p":{"a":0,"k":[0,0]},"r":{"a":0,"k":0},"sa":{"a":0,"k":0},"o":{"a":0,"k":100}}]},{"ty":"gr","nm":"G","it":[{"ty":"sh","nm":"P","d":1,"ks":{"a":0,"k":{"c":false,"i":[[0,0],[0,0]],"o":[[0,0],[0,0]],"v":[[3540.462,1799.172],[4568.755,1799.172]]}}},{"ty":"st","nm":"S","lc":2,"lj":2,"ml":1,"o":{"a":0,"k":100},"w":{"a":0,"k":3},"d":[{"nm":"d","n":"d","v":{"a":0,"k":23}},{"nm":"g","n":"g","v":{"a":0,"k":23}},{"nm":"o","n":"o","v":{"a":0,"k":0}}],"c":{"a":0,"k":[0.949,0.922,0.922]}},{"ty":"tr","a":{"a":0,"k":[0,0]},"s":{"a":0,"k":[100,100]},"sk":{"a":0,"k":0},"p":{"a":0,"k":[0,0]},"r":{"a":0,"k":0},"sa":{"a":0,"k":0},"o":{"a":0,"k":100}}]},{"ty":"gr","nm":"G","it":[{"ty":"sh","nm":"P","d":1,"ks":{"a":0,"k":{"c":false,"i":[[0,0],[0,0]],"o":[[0,0],[0,0]],"v":[[3540.462,1744.724],[4568.755,1744.724]]}}},{"ty":"st","nm":"S","lc":2,"lj":2,"ml":1,"o":{"a":0,"k":100},"w":{"a":0,"k":3},"d":[{"nm":"d","n":"d","v":{"a":0,"k":23}},{"nm":"g","n":"g","v":{"a":0,"k":23}},{"nm":"o","n":"o","v":{"a":0,"k":0}}],"c":{"a":0,"k":[0.949,0.922,0.922]}},{"ty":"tr","a":{"a":0,"k":[0,0]},"s":{"a":0,"k":[100,100]},"sk":{"a":0,"k":0},"p":{"a":0,"k":[0,0]},"r":{"a":0,"k":0},"sa":{"a":0,"k":0},"o":{"a":0,"k":100}}]},{"ty":"gr","nm":"G","it":[{"ty":"sh","nm":"P","d":1,"ks":{"a":0,"k":{"c":false,"i":[[0,0],[0,0]],"o":[[0,0],[0,0]],"v":[[3540.462,1690.276],[4568.755,1690.276]]}}},{"ty":"st","nm":"S","lc":2,"lj":2,"ml":1,"o":{"a":0,"k":100},"w":{"a":0,"k":3},"d":[{"nm":"d","n":"d","v":{"a":0,"k":23}},{"nm":"g","n":"g","v":{"a":0,"k":23}},{"nm":"o","n":"o","v":{"a":0,"k":0}}],"c":{"a":0,"k":[0.949,0.922,0.922]}},{"ty":"tr","a":{"a":0,"k":[0,0]},"s":{"a":0,"k":[100,100]},"sk":{"a":0,"k":0},"p":{"a":0,"k":[0,-60]},"r":{"a":0,"k":0},"sa":{"a":0,"k":0},"o":{"a":0,"k":100}}]},{"ty":"gr","nm":"G","it":[{"ty":"sh","nm":"P","d":1,"ks":{"a":0,"k":{"c":false,"i":[[0,0],[0,0]],"o":[[0,0],[0,0]],"v":[[3540.462,1690.276],[4568.755,1690.276]]}}},{"ty":"st","nm":"S","lc":2,"lj":2,"ml":1,"o":{"a":0,"k":100},"w":{"a":0,"k":3},"d":[{"nm":"d","n":"d","v":{"a":0,"k":23}},{"nm":"g","n":"g","v":{"a":0,"k":23}},{"nm":"o","n":"o","v":{"a":0,"k":0}}],"c":{"a":0,"k":[0.949,0.922,0.922]}},{"ty":"tr","a":{"a":0,"k":[0,0]},"s":{"a":0,"k":[100,100]},"sk":{"a":0,"k":0},"p":{"a":0,"k":[0,0]},"r":{"a":0,"k":0},"sa":{"a":0,"k":0},"o":{"a":0,"k":100}}]},{"ty":"gr","nm":"G","it":[{"ty":"sh","nm":"P","d":1,"ks":{"a":0,"k":{"c":true,"i":[[4.253,0],[0,0],[0,4.253],[0,0],[-4.253,0],[0,0],[0,-4.253],[0,0]],"o":[[0,0],[-4.253,0],[0,0],[0,-4.253],[0,0],[4.253,0],[0,0],[0,4.253]],"v":[[75.932,12.198],[-75.932,12.198],[-83.633,4.498],[-83.633,-4.496],[-75.932,-12.198],[75.932,-12.198],[83.632,-4.496],[83.632,4.498]]}}},{"ty":"fl","nm":"F","c":{"a":0,"k":[0.929,0.929,0.929]},"r":1,"o":{"a":0,"k":100}},{"ty":"tr","a":{"a":0,"k":[0,0]},"s":{"a":0,"k":[100,100]},"sk":{"a":0,"k":0},"p":{"a":0,"k":[4485.122,2149.529]},"r":{"a":0,"k":0},"sa":{"a":0,"k":0},"o":{"a":0,"k":100}}]},{"ty":"gr","nm":"G","it":[{"ty":"sh","nm":"P","d":1,"ks":{"a":0,"k":{"c":true,"i":[[4.253,0],[0,0],[0,4.253],[0,0],[-4.253,0],[0,0],[0,-4.253],[0,0]],"o":[[0,0],[-4.253,0],[0,0],[0,-4.253],[0,0],[4.253,0],[0,0],[0,4.253]],"v":[[75.932,12.198],[-75.932,12.198],[-83.633,4.498],[-83.633,-4.496],[-75.932,-12.198],[75.932,-12.198],[83.632,-4.496],[83.632,4.498]]}}},{"ty":"fl","nm":"F","c":{"a":0,"k":[0.929,0.929,0.929]},"r":1,"o":{"a":0,"k":100}},{"ty":"tr","a":{"a":0,"k":[0,0]},"s":{"a":0,"k":[100,100]},"sk":{"a":0,"k":0},"p":{"a":0,"k":[4269.865,2149.529]},"r":{"a":0,"k":0},"sa":{"a":0,"k":0},"o":{"a":0,"k":100}}]},{"ty":"gr","nm":"G","it":[{"ty":"sh","nm":"P","d":1,"ks":{"a":0,"k":{"c":true,"i":[[4.253,0],[0,0],[0,4.253],[0,0],[-4.253,0],[0,0],[0,-4.253],[0,0]],"o":[[0,0],[-4.253,0],[0,0],[0,-4.253],[0,0],[4.253,0],[0,0],[0,4.253]],"v":[[75.932,12.198],[-75.931,12.198],[-83.633,4.498],[-83.633,-4.496],[-75.931,-12.198],[75.932,-12.198],[83.632,-4.496],[83.632,4.498]]}}},{"ty":"fl","nm":"F","c":{"a":0,"k":[0.929,0.929,0.929]},"r":1,"o":{"a":0,"k":100}},{"ty":"tr","a":{"a":0,"k":[0,0]},"s":{"a":0,"k":[100,100]},"sk":{"a":0,"k":0},"p":{"a":0,"k":[4054.608,2149.529]},"r":{"a":0,"k":0},"sa":{"a":0,"k":0},"o":{"a":0,"k":100}}]},{"ty":"gr","nm":"G","it":[{"ty":"sh","nm":"P","d":1,"ks":{"a":0,"k":{"c":true,"i":[[4.253,0],[0,0],[0,4.253],[0,0],[-4.253,0],[0,0],[0,-4.253],[0,0]],"o":[[0,0],[-4.253,0],[0,0],[0,-4.253],[0,0],[4.253,0],[0,0],[0,4.253]],"v":[[75.932,12.198],[-75.931,12.198],[-83.633,4.498],[-83.633,-4.496],[-75.931,-12.198],[75.932,-12.198],[83.633,-4.496],[83.633,4.498]]}}},{"ty":"fl","nm":"F","c":{"a":0,"k":[0.929,0.929,0.929]},"r":1,"o":{"a":0,"k":100}},{"ty":"tr","a":{"a":0,"k":[0,0]},"s":{"a":0,"k":[100,100]},"sk":{"a":0,"k":0},"p":{"a":0,"k":[3839.352,2149.529]},"r":{"a":0,"k":0},"sa":{"a":0,"k":0},"o":{"a":0,"k":100}}]},{"ty":"gr","nm":"G","it":[{"ty":"sh","nm":"P","d":1,"ks":{"a":0,"k":{"c":true,"i":[[4.254,0],[0,0],[0,4.253],[0,0],[-4.253,0],[0,0],[0,-4.253],[0,0]],"o":[[0,0],[-4.253,0],[0,0],[0,-4.253],[0,0],[4.254,0],[0,0],[0,4.253]],"v":[[75.932,12.198],[-75.931,12.198],[-83.633,4.498],[-83.633,-4.496],[-75.931,-12.198],[75.932,-12.198],[83.633,-4.496],[83.633,4.498]]}}},{"ty":"fl","nm":"F","c":{"a":0,"k":[0.929,0.929,0.929]},"r":1,"o":{"a":0,"k":100}},{"ty":"tr","a":{"a":0,"k":[0,0]},"s":{"a":0,"k":[100,100]},"sk":{"a":0,"k":0},"p":{"a":0,"k":[3624.095,2149.529]},"r":{"a":0,"k":0},"sa":{"a":0,"k":0},"o":{"a":0,"k":100}}]},{"ty":"gr","nm":"G","it":[{"ty":"sh","nm":"P","d":1,"ks":{"a":0,"k":{"c":false,"i":[[0,0],[0,0],[0,0]],"o":[[0,0],[0,0],[0,0]],"v":[[-514.146,-124.379],[-514.146,124.379],[514.146,124.379]]}}},{"ty":"st","nm":"S","lc":2,"lj":2,"ml":1,"o":{"a":0,"k":100},"w":{"a":0,"k":5},"c":{"a":0,"k":[0.957,0.929,0.929]}},{"ty":"tr","a":{"a":0,"k":[0,0]},"s":{"a":0,"k":[100,100]},"sk":{"a":0,"k":0},"p":{"a":0,"k":[4054.608,2312.83]},"r":{"a":0,"k":0},"sa":{"a":0,"k":0},"o":{"a":0,"k":100}}]},{"ty":"gr","nm":"G","it":[{"ty":"sh","nm":"P","d":1,"ks":{"a":0,"k":{"c":false,"i":[[0,0],[0,0]],"o":[[0,0],[0,0]],"v":[[3540.462,2386.082],[4568.755,2386.082]]}}},{"ty":"st","nm":"S","lc":2,"lj":2,"ml":1,"o":{"a":0,"k":100},"w":{"a":0,"k":5},"c":{"a":0,"k":[0.957,0.929,0.929]}},{"ty":"tr","a":{"a":0,"k":[0,0]},"s":{"a":0,"k":[100,100]},"sk":{"a":0,"k":0},"p":{"a":0,"k":[0,0]},"r":{"a":0,"k":0},"sa":{"a":0,"k":0},"o":{"a":0,"k":100}}]},{"ty":"gr","nm":"G","it":[{"ty":"sh","nm":"P","d":1,"ks":{"a":0,"k":{"c":false,"i":[[0,0],[0,0]],"o":[[0,0],[0,0]],"v":[[3540.462,2330.472],[4568.755,2330.472]]}}},{"ty":"st","nm":"S","lc":2,"lj":2,"ml":1,"o":{"a":0,"k":100},"w":{"a":0,"k":5},"c":{"a":0,"k":[0.957,0.929,0.929]}},{"ty":"tr","a":{"a":0,"k":[0,0]},"s":{"a":0,"k":[100,100]},"sk":{"a":0,"k":0},"p":{"a":0,"k":[0,0]},"r":{"a":0,"k":0},"sa":{"a":0,"k":0},"o":{"a":0,"k":100}}]},{"ty":"gr","nm":"G","it":[{"ty":"sh","nm":"P","d":1,"ks":{"a":0,"k":{"c":false,"i":[[0,0],[0,0]],"o":[[0,0],[0,0]],"v":[[3540.462,2274.86],[4568.755,2274.86]]}}},{"ty":"st","nm":"S","lc":2,"lj":2,"ml":1,"o":{"a":0,"k":100},"w":{"a":0,"k":5},"c":{"a":0,"k":[0.957,0.929,0.929]}},{"ty":"tr","a":{"a":0,"k":[0,0]},"s":{"a":0,"k":[100,100]},"sk":{"a":0,"k":0},"p":{"a":0,"k":[0,0]},"r":{"a":0,"k":0},"sa":{"a":0,"k":0},"o":{"a":0,"k":100}}]},{"ty":"gr","nm":"G","it":[{"ty":"sh","nm":"P","d":1,"ks":{"a":0,"k":{"c":false,"i":[[0,0],[0,0]],"o":[[0,0],[0,0]],"v":[[3540.462,2219.25],[4568.755,2219.25]]}}},{"ty":"st","nm":"S","lc":2,"lj":2,"ml":1,"o":{"a":0,"k":100},"w":{"a":0,"k":5},"c":{"a":0,"k":[0.957,0.929,0.929]}},{"ty":"tr","a":{"a":0,"k":[0,0]},"s":{"a":0,"k":[100,100]},"sk":{"a":0,"k":0},"p":{"a":0,"k":[0,0]},"r":{"a":0,"k":0},"sa":{"a":0,"k":0},"o":{"a":0,"k":100}}]},{"ty":"gr","nm":"G","it":[{"ty":"sh","nm":"P","d":1,"ks":{"a":0,"k":{"c":true,"i":[[22.018,0],[0,0],[0,22.017],[0,0],[-22.018,0],[0,0],[0,-22.018],[0,0]],"o":[[0,0],[-22.018,0],[0,0],[0,-22.018],[0,0],[22.018,0],[0,0],[0,22.017]],"v":[[400.181,76.266],[-400.18,76.266],[-440.047,36.4],[-440.047,-36.4],[-400.18,-76.266],[400.181,-76.266],[440.047,-36.4],[440.047,36.4]]}}},{"ty":"fl","nm":"F","c":{"a":0,"k":[0.89,0.89,0.89]},"r":1,"o":{"a":0,"k":100}},{"ty":"tr","a":{"a":0,"k":[0,0]},"s":{"a":0,"k":[100,100]},"sk":{"a":0,"k":0},"p":{"a":0,"k":[4054.608,3369.308]},"r":{"a":0,"k":0},"sa":{"a":0,"k":0},"o":{"a":0,"k":100}}]},{"ty":"gr","nm":"G","it":[{"ty":"sh","nm":"P","d":1,"ks":{"a":0,"k":{"c":true,"i":[[28.01,0],[0,0],[0,28.01],[0,0],[0,0],[0,0]],"o":[[0,0],[-28.01,0],[0,0],[0,0],[0,0],[0,28.01]],"v":[[214.849,32.219],[-214.848,32.219],[-265.564,-18.497],[-265.564,-32.219],[265.564,-32.219],[265.564,-18.497]]}}},{"ty":"fl","nm":"F","c":{"a":0,"k":[0,0,0]},"r":1,"o":{"a":0,"k":100}},{"ty":"tr","a":{"a":0,"k":[0,0]},"s":{"a":0,"k":[100,100]},"sk":{"a":0,"k":0},"p":{"a":0,"k":[4046.232,1350.604]},"r":{"a":0,"k":0},"sa":{"a":0,"k":0},"o":{"a":0,"k":100}}]},{"ty":"gr","nm":"G","it":[{"ty":"sh","nm":"P","d":1,"ks":{"a":0,"k":{"c":true,"i":[[45.586,0],[0,0],[0,-45.588],[0,0],[0,0],[0,0]],"o":[[0,0],[-45.586,0],[0,0],[0,0],[0,0],[0,-45.588]],"v":[[477.942,-104.044],[-477.943,-104.044],[-560.485,-21.498],[-560.485,104.044],[560.484,104.044],[560.484,-21.498]]}}},{"ty":"fl","nm":"F","c":{"a":0,"k":[0.929,0.929,0.929]},"r":1,"o":{"a":0,"k":100}},{"ty":"tr","a":{"a":0,"k":[0,0]},"s":{"a":0,"k":[100,100]},"sk":{"a":0,"k":0},"p":{"a":0,"k":[4046.232,1443.544]},"r":{"a":0,"k":0},"sa":{"a":0,"k":0},"o":{"a":0,"k":100}}]},{"ty":"gr","nm":"G","it":[{"ty":"sh","nm":"P","d":1,"ks":{"a":0,"k":{"c":true,"i":[[45.588,0],[0,0],[0,45.588],[0,0],[-45.588,0],[0,0],[0,-45.587],[0,0]],"o":[[0,0],[-45.588,0],[0,0],[0,-45.587],[0,0],[45.588,0],[0,0],[0,45.588]],"v":[[477.941,1105.813],[-477.942,1105.813],[-560.486,1023.27],[-560.486,-1023.269],[-477.942,-1105.813],[477.941,-1105.813],[560.485,-1023.269],[560.485,1023.27]]}}},{"ty":"fl","nm":"F","c":{"a":0,"k":[1,1,1]},"r":1,"o":{"a":0,"k":100}},{"ty":"tr","a":{"a":0,"k":[0,0]},"s":{"a":0,"k":[100,100]},"sk":{"a":0,"k":0},"p":{"a":0,"k":[4046.232,2445.313]},"r":{"a":0,"k":0},"sa":{"a":0,"k":0},"o":{"a":0,"k":100}}]},{"ty":"gr","nm":"G","it":[{"ty":"sh","nm":"P","d":1,"ks":{"a":0,"k":{"c":true,"i":[[54.92,0],[0,0],[0,54.92],[0,0],[-54.92,0],[0,0],[0,-54.92],[0,0]],"o":[[0,0],[-54.92,0],[0,0],[0,-54.92],[0,0],[54.92,0],[0,0],[0,54.92]],"v":[[512.928,1166.969],[-512.927,1166.969],[-612.369,1067.528],[-612.369,-1067.528],[-512.927,-1166.969],[512.928,-1166.969],[612.369,-1067.528],[612.369,1067.528]]}}},{"ty":"fl","nm":"F","c":{"a":0,"k":[1,0.757,0.028]},"r":1,"o":{"a":0,"k":100}},{"ty":"tr","a":{"a":0,"k":[0,0]},"s":{"a":0,"k":[100,100]},"sk":{"a":0,"k":0},"p":{"a":0,"k":[4046.232,2445.313]},"r":{"a":0,"k":0},"sa":{"a":0,"k":0},"o":{"a":0,"k":100}}]},{"ty":"gr","nm":"G","it":[{"ty":"sh","nm":"P","d":1,"ks":{"a":0,"k":{"c":false,"i":[[0,0],[0,0]],"o":[[0,0],[0,0]],"v":[[3433.863,2974.978],[3433.863,3241.91]]}}},{"ty":"st","nm":"S","lc":2,"lj":2,"ml":1,"o":{"a":0,"k":100},"w":{"a":0,"k":57},"c":{"a":0,"k":[0,0,0]}},{"ty":"tr","a":{"a":0,"k":[0,0]},"s":{"a":0,"k":[100,100]},"sk":{"a":0,"k":0},"p":{"a":0,"k":[-6,-1360]},"r":{"a":0,"k":0},"sa":{"a":0,"k":0},"o":{"a":0,"k":100}}]}],"ind":11},{"ty":0,"nm":"g","sr":0.8,"st":-21,"op":210,"ip":-21,"hasMask":false,"ao":0,"ks":{"a":{"a":0,"k":[1920,1080,0]},"s":{"a":0,"k":[102.632,102.632,100]},"sk":{"a":0,"k":0},"p":{"a":0,"k":[1851.895,1036.737,0]},"r":{"a":0,"k":0},"sa":{"a":0,"k":0},"o":{"a":0,"k":100}},"ef":[],"w":3840,"h":2160,"refId":"comp_0","ind":12},{"ty":4,"nm":"l","sr":1,"st":0,"op":180,"ip":0,"hasMask":false,"ao":0,"ks":{"a":{"a":0,"k":[2570.966,2054.922,0]},"s":{"a":0,"k":[55.421,55.421,100]},"sk":{"a":0,"k":0},"p":{"a":0,"k":[1752.672,1067.175,0]},"r":{"a":0,"k":0},"sa":{"a":0,"k":0},"o":{"a":0,"k":100}},"ef":[],"shapes":[{"ty":"gr","nm":"G","it":[{"ty":"sh","nm":"P","d":1,"ks":{"a":0,"k":{"c":true,"i":[[4.672,0],[0,0],[0,4.672],[0,0],[-4.672,0],[0,0],[0,-4.672],[0,0]],"o":[[0,0],[-4.672,0],[0,0],[0,-4.672],[0,0],[4.672,0],[0,0],[0,4.672]],"v":[[112.053,30.013],[-112.052,30.013],[-120.512,21.554],[-120.512,-21.553],[-112.052,-30.013],[112.053,-30.013],[120.512,-21.553],[120.512,21.554]]}}},{"ty":"fl","nm":"F","c":{"a":0,"k":[1,1,1]},"r":1,"o":{"a":0,"k":100}},{"ty":"tr","a":{"a":0,"k":[0,0]},"s":{"a":0,"k":[100,100]},"sk":{"a":0,"k":0},"p":{"a":0,"k":[1679.059,1977.681]},"r":{"a":0,"k":0},"sa":{"a":0,"k":0},"o":{"a":0,"k":100}}]},{"ty":"gr","nm":"G","it":[{"ty":"sh","nm":"P","d":1,"ks":{"a":0,"k":{"c":true,"i":[[4.672,0],[0,0],[0,4.672],[0,0],[-4.672,0],[0,0],[0,-4.672],[0,0]],"o":[[0,0],[-4.672,0],[0,0],[0,-4.672],[0,0],[4.672,0],[0,0],[0,4.672]],"v":[[187.927,30.013],[-187.926,30.013],[-196.385,21.554],[-196.385,-21.553],[-187.926,-30.013],[187.927,-30.013],[196.385,-21.553],[196.385,21.554]]}}},{"ty":"fl","nm":"F","c":{"a":0,"k":[1,1,1]},"r":1,"o":{"a":0,"k":100}},{"ty":"tr","a":{"a":0,"k":[0,0]},"s":{"a":0,"k":[100,100]},"sk":{"a":0,"k":0},"p":{"a":0,"k":[1300.647,1977.681]},"r":{"a":0,"k":0},"sa":{"a":0,"k":0},"o":{"a":0,"k":100}}]},{"ty":"gr","nm":"G","it":[{"ty":"sh","nm":"P","d":1,"ks":{"a":0,"k":{"c":false,"i":[[0,0],[0,0]],"o":[[0,0],[0,0]],"v":[[1104.262,2720.681],[3041.575,2720.681]]}}},{"ty":"st","nm":"S","lc":2,"lj":2,"ml":1,"o":{"a":0,"k":100},"w":{"a":0,"k":11},"c":{"a":0,"k":[1,1,1]}},{"ty":"tr","a":{"a":0,"k":[0,0]},"s":{"a":0,"k":[100,100]},"sk":{"a":0,"k":0},"p":{"a":0,"k":[0,0]},"r":{"a":0,"k":0},"sa":{"a":0,"k":0},"o":{"a":0,"k":100}}]},{"ty":"gr","nm":"G","it":[{"ty":"sh","nm":"P","d":1,"ks":{"a":0,"k":{"c":false,"i":[[0,0],[0,0]],"o":[[0,0],[0,0]],"v":[[1104.262,2598.943],[3041.575,2598.943]]}}},{"ty":"st","nm":"S","lc":2,"lj":2,"ml":1,"o":{"a":0,"k":100},"w":{"a":0,"k":11},"c":{"a":0,"k":[1,1,1]}},{"ty":"tr","a":{"a":0,"k":[0,0]},"s":{"a":0,"k":[100,100]},"sk":{"a":0,"k":0},"p":{"a":0,"k":[0,0]},"r":{"a":0,"k":0},"sa":{"a":0,"k":0},"o":{"a":0,"k":100}}]},{"ty":"gr","nm":"G","it":[{"ty":"sh","nm":"P","d":1,"ks":{"a":0,"k":{"c":false,"i":[[0,0],[0,0]],"o":[[0,0],[0,0]],"v":[[1104.262,2477.206],[3041.575,2477.206]]}}},{"ty":"st","nm":"S","lc":2,"lj":2,"ml":1,"o":{"a":0,"k":100},"w":{"a":0,"k":11},"c":{"a":0,"k":[1,1,1]}},{"ty":"tr","a":{"a":0,"k":[0,0]},"s":{"a":0,"k":[100,100]},"sk":{"a":0,"k":0},"p":{"a":0,"k":[0,0]},"r":{"a":0,"k":0},"sa":{"a":0,"k":0},"o":{"a":0,"k":100}}]},{"ty":"gr","nm":"G","it":[{"ty":"sh","nm":"P","d":1,"ks":{"a":0,"k":{"c":false,"i":[[0,0],[0,0]],"o":[[0,0],[0,0]],"v":[[1104.262,2355.469],[3041.575,2355.469]]}}},{"ty":"st","nm":"S","lc":2,"lj":2,"ml":1,"o":{"a":0,"k":100},"w":{"a":0,"k":11},"c":{"a":0,"k":[1,1,1]}},{"ty":"tr","a":{"a":0,"k":[0,0]},"s":{"a":0,"k":[100,100]},"sk":{"a":0,"k":0},"p":{"a":0,"k":[0,0]},"r":{"a":0,"k":0},"sa":{"a":0,"k":0},"o":{"a":0,"k":100}}]},{"ty":"gr","nm":"G","it":[{"ty":"sh","nm":"P","d":1,"ks":{"a":0,"k":{"c":false,"i":[[0,0],[0,0]],"o":[[0,0],[0,0]],"v":[[1104.262,2233.731],[3041.575,2233.731]]}}},{"ty":"st","nm":"S","lc":2,"lj":2,"ml":1,"o":{"a":0,"k":100},"w":{"a":0,"k":11},"c":{"a":0,"k":[1,1,1]}},{"ty":"tr","a":{"a":0,"k":[0,0]},"s":{"a":0,"k":[100,100]},"sk":{"a":0,"k":0},"p":{"a":0,"k":[0,0]},"r":{"a":0,"k":0},"sa":{"a":0,"k":0},"o":{"a":0,"k":100}}]},{"ty":"gr","nm":"G","it":[{"ty":"sh","nm":"P","d":1,"ks":{"a":0,"k":{"c":false,"i":[[0,0],[0,0]],"o":[[0,0],[0,0]],"v":[[1104.262,2111.995],[3041.575,2111.995]]}}},{"ty":"st","nm":"S","lc":2,"lj":2,"ml":1,"o":{"a":0,"k":100},"w":{"a":0,"k":11},"d":[{"nm":"d","n":"d","v":{"a":0,"k":59.712}},{"nm":"g","n":"g","v":{"a":0,"k":59.712}},{"nm":"o","n":"o","v":{"a":0,"k":0}}],"c":{"a":0,"k":[1,1,1]}},{"ty":"tr","a":{"a":0,"k":[0,0]},"s":{"a":0,"k":[100,100]},"sk":{"a":0,"k":0},"p":{"a":0,"k":[0,0]},"r":{"a":0,"k":0},"sa":{"a":0,"k":0},"o":{"a":0,"k":100}}]},{"ty":"gr","nm":"G","it":[{"ty":"sh","nm":"P","d":1,"ks":{"a":0,"k":{"c":false,"i":[[0,0],[0,0],[0,0]],"o":[[0,0],[0,0],[0,0]],"v":[[-968.656,-404.664],[-968.656,404.664],[968.656,404.664]]}}},{"ty":"st","nm":"S","lc":2,"lj":2,"ml":1,"o":{"a":0,"k":100},"w":{"a":0,"k":11},"c":{"a":0,"k":[1,1,1]}},{"ty":"tr","a":{"a":0,"k":[0,0]},"s":{"a":0,"k":[100,100]},"sk":{"a":0,"k":0},"p":{"a":0,"k":[2072.918,2453.852]},"r":{"a":0,"k":0},"sa":{"a":0,"k":0},"o":{"a":0,"k":100}}]},{"ty":"gr","nm":"G","it":[{"ty":"sh","nm":"P","d":1,"ks":{"a":0,"k":{"c":false,"i":[[0,0],[0,0]],"o":[[0,0],[0,0]],"v":[[1104.262,1122.652],[4039.424,1122.652]]}}},{"ty":"st","nm":"S","lc":2,"lj":2,"ml":1,"o":{"a":0,"k":100},"w":{"a":0,"k":11},"d":[{"nm":"d","n":"d","v":{"a":0,"k":35.827}},{"nm":"g","n":"g","v":{"a":0,"k":35.827}},{"nm":"o","n":"o","v":{"a":0,"k":0}}],"c":{"a":0,"k":[1,1,1]}},{"ty":"tr","a":{"a":0,"k":[0,0]},"s":{"a":0,"k":[100,100]},"sk":{"a":0,"k":0},"p":{"a":0,"k":[0,0]},"r":{"a":0,"k":0},"sa":{"a":0,"k":0},"o":{"a":0,"k":100}}]},{"ty":"gr","nm":"G","it":[{"ty":"sh","nm":"P","d":1,"ks":{"a":0,"k":{"c":false,"i":[[0,0],[0,0]],"o":[[0,0],[0,0]],"v":[[1104.262,1278.345],[4039.424,1278.345]]}}},{"ty":"st","nm":"S","lc":2,"lj":2,"ml":1,"o":{"a":0,"k":100},"w":{"a":0,"k":11},"d":[{"nm":"d","n":"d","v":{"a":0,"k":35.827}},{"nm":"g","n":"g","v":{"a":0,"k":35.827}},{"nm":"o","n":"o","v":{"a":0,"k":0}}],"c":{"a":0,"k":[1,1,1]}},{"ty":"tr","a":{"a":0,"k":[0,0]},"s":{"a":0,"k":[100,100]},"sk":{"a":0,"k":0},"p":{"a":0,"k":[0,0]},"r":{"a":0,"k":0},"sa":{"a":0,"k":0},"o":{"a":0,"k":100}}]},{"ty":"gr","nm":"G","it":[{"ty":"sh","nm":"P","d":1,"ks":{"a":0,"k":{"c":false,"i":[[0,0],[0,0]],"o":[[0,0],[0,0]],"v":[[1104.262,1434.037],[4039.424,1434.037]]}}},{"ty":"st","nm":"S","lc":2,"lj":2,"ml":1,"o":{"a":0,"k":100},"w":{"a":0,"k":11},"d":[{"nm":"d","n":"d","v":{"a":0,"k":35.827}},{"nm":"g","n":"g","v":{"a":0,"k":35.827}},{"nm":"o","n":"o","v":{"a":0,"k":0}}],"c":{"a":0,"k":[1,1,1]}},{"ty":"tr","a":{"a":0,"k":[0,0]},"s":{"a":0,"k":[100,100]},"sk":{"a":0,"k":0},"p":{"a":0,"k":[0,0]},"r":{"a":0,"k":0},"sa":{"a":0,"k":0},"o":{"a":0,"k":100}}]},{"ty":"gr","nm":"G","it":[{"ty":"sh","nm":"P","d":1,"ks":{"a":0,"k":{"c":false,"i":[[0,0],[0,0]],"o":[[0,0],[0,0]],"v":[[1104.262,1589.73],[4039.424,1589.73]]}}},{"ty":"st","nm":"S","lc":2,"lj":2,"ml":1,"o":{"a":0,"k":100},"w":{"a":0,"k":11},"d":[{"nm":"d","n":"d","v":{"a":0,"k":35.827}},{"nm":"g","n":"g","v":{"a":0,"k":35.827}},{"nm":"o","n":"o","v":{"a":0,"k":0}}],"c":{"a":0,"k":[1,1,1]}},{"ty":"tr","a":{"a":0,"k":[0,0]},"s":{"a":0,"k":[100,100]},"sk":{"a":0,"k":0},"p":{"a":0,"k":[0,0]},"r":{"a":0,"k":0},"sa":{"a":0,"k":0},"o":{"a":0,"k":100}}]},{"ty":"gr","nm":"G","it":[{"ty":"sh","nm":"P","d":1,"ks":{"a":0,"k":{"c":false,"i":[[0,0],[0,0]],"o":[[0,0],[0,0]],"v":[[1104.262,1745.423],[4039.424,1745.423]]}}},{"ty":"st","nm":"S","lc":2,"lj":2,"ml":1,"o":{"a":0,"k":100},"w":{"a":0,"k":11},"d":[{"nm":"d","n":"d","v":{"a":0,"k":35.827}},{"nm":"g","n":"g","v":{"a":0,"k":35.827}},{"nm":"o","n":"o","v":{"a":0,"k":0}}],"c":{"a":0,"k":[1,1,1]}},{"ty":"tr","a":{"a":0,"k":[0,0]},"s":{"a":0,"k":[100,100]},"sk":{"a":0,"k":0},"p":{"a":0,"k":[0,0]},"r":{"a":0,"k":0},"sa":{"a":0,"k":0},"o":{"a":0,"k":100}}]},{"ty":"gr","nm":"G","it":[{"ty":"sh","nm":"P","d":1,"ks":{"a":0,"k":{"c":false,"i":[[0,0],[0,0],[0,0]],"o":[[0,0],[0,0],[0,0]],"v":[[-1467.581,-404.489],[-1467.581,404.489],[1467.581,404.489]]}}},{"ty":"st","nm":"S","lc":2,"lj":2,"ml":1,"o":{"a":0,"k":100},"w":{"a":0,"k":11},"c":{"a":0,"k":[1,1,1]}},{"ty":"tr","a":{"a":0,"k":[0,0]},"s":{"a":0,"k":[100,100]},"sk":{"a":0,"k":0},"p":{"a":0,"k":[2571.843,1484.678]},"r":{"a":0,"k":0},"sa":{"a":0,"k":0},"o":{"a":0,"k":100}}]},{"ty":"gr","nm":"G","it":[{"ty":"sh","nm":"P","d":1,"ks":{"a":0,"k":{"c":true,"i":[[25.161,0],[0,0],[0,25.162],[0,0],[-25.16,0],[0,0],[0,-25.161],[0,0]],"o":[[0,0],[-25.16,0],[0,0],[0,-25.161],[0,0],[25.161,0],[0,0],[0,25.162]],"v":[[393.213,222.827],[-393.213,222.827],[-438.771,177.269],[-438.771,-177.27],[-393.213,-222.827],[393.213,-222.827],[438.771,-177.27],[438.771,177.269]]}}},{"ty":"fl","nm":"F","c":{"a":0,"k":[0.357,0.706,0.655]},"r":1,"o":{"a":0,"k":100}},{"ty":"tr","a":{"a":0,"k":[0,0]},"s":{"a":0,"k":[100,100]},"sk":{"a":0,"k":0},"p":{"a":0,"k":[3625.423,2635.689]},"r":{"a":0,"k":0},"sa":{"a":0,"k":0},"o":{"a":0,"k":100}}]},{"ty":"gr","nm":"G","it":[{"ty":"sh","nm":"P","d":1,"ks":{"a":0,"k":{"c":true,"i":[[25.161,0],[0,0],[0,25.162],[0,0],[-25.16,0],[0,0],[0,-25.161],[0,0]],"o":[[0,0],[-25.16,0],[0,0],[0,-25.161],[0,0],[25.161,0],[0,0],[0,25.162]],"v":[[393.213,175.874],[-393.213,175.874],[-438.771,130.316],[-438.771,-130.316],[-393.213,-175.874],[393.213,-175.874],[438.771,-130.316],[438.771,130.316]]}}},{"ty":"fl","nm":"F","c":{"a":0,"k":[0.98,0.369,0.267]},"r":1,"o":{"a":0,"k":100}},{"ty":"tr","a":{"a":0,"k":[0,0]},"s":{"a":0,"k":[100,100]},"sk":{"a":0,"k":0},"p":{"a":0,"k":[3625.423,2158.948]},"r":{"a":0,"k":0},"sa":{"a":0,"k":0},"o":{"a":0,"k":100}}]},{"ty":"gr","nm":"G","it":[{"ty":"sh","nm":"P","d":1,"ks":{"a":0,"k":{"c":true,"i":[[47.303,0],[0,0],[0,-47.303],[0,0],[0,0],[0,0]],"o":[[0,0],[-47.303,0],[0,0],[0,0],[0,0],[0,-47.303]],"v":[[1527.894,-79.544],[-1527.894,-79.544],[-1613.542,6.106],[-1613.542,79.544],[1613.542,79.544],[1613.542,6.106]]}}},{"ty":"fl","nm":"F","c":{"a":0,"k":[1,1,1]},"r":1,"o":{"a":0,"k":100}},{"ty":"tr","a":{"a":0,"k":[0,0]},"s":{"a":0,"k":[100,100]},"sk":{"a":0,"k":0},"p":{"a":0,"k":[2574.497,915.724]},"r":{"a":0,"k":0},"sa":{"a":0,"k":0},"o":{"a":0,"k":100}}]},{"ty":"gr","nm":"G","it":[{"ty":"sh","nm":"P","d":1,"ks":{"a":0,"k":{"c":true,"i":[[47.304,0],[0,0],[0,47.303],[0,0],[-47.303,0],[0,0],[0,-47.303],[0,0]],"o":[[0,0],[-47.303,0],[0,0],[0,-47.303],[0,0],[47.304,0],[0,0],[0,47.303]],"v":[[1527.893,1052.986],[-1527.893,1052.986],[-1613.543,967.336],[-1613.543,-967.336],[-1527.893,-1052.986],[1527.893,-1052.986],[1613.543,-967.336],[1613.543,967.336]]}}},{"ty":"fl","nm":"F","c":{"a":0,"k":[0.929,0.929,0.929]},"r":1,"o":{"a":0,"k":100}},{"ty":"tr","a":{"a":0,"k":[0,0]},"s":{"a":0,"k":[100,100]},"sk":{"a":0,"k":0},"p":{"a":0,"k":[2574.497,1889.167]},"r":{"a":0,"k":0},"sa":{"a":0,"k":0},"o":{"a":0,"k":100}}]},{"ty":"gr","nm":"G","it":[{"ty":"sh","nm":"P","d":1,"ks":{"a":0,"k":{"c":true,"i":[[12.768,0],[0,0],[0,12.767],[-12.767,0],[0,0],[0,-12.767]],"o":[[0,0],[-12.767,0],[0,-12.768],[0,0],[12.768,0],[0,12.768]],"v":[[305.953,23.117],[-305.952,23.117],[-329.069,0],[-305.952,-23.117],[305.953,-23.117],[329.07,0]]}}},{"ty":"fl","nm":"F","c":{"a":0,"k":[0,0,0]},"r":1,"o":{"a":0,"k":100}},{"ty":"tr","a":{"a":0,"k":[0,0]},"s":{"a":0,"k":[100,100]},"sk":{"a":0,"k":0},"p":{"a":0,"k":[2570.966,784.611]},"r":{"a":0,"k":0},"sa":{"a":0,"k":0},"o":{"a":0,"k":100}}]},{"ty":"gr","nm":"G","it":[{"ty":"sh","nm":"P","d":1,"ks":{"a":0,"k":{"c":true,"i":[[0,0],[0,0],[0,0],[0,0]],"o":[[0,0],[0,0],[0,0],[0,0]],"v":[[467.079,25.654],[-467.078,25.654],[-407.366,-25.654],[407.366,-25.654]]}}},{"ty":"fl","nm":"F","c":{"a":0,"k":[1,0.757,0.028]},"r":1,"o":{"a":0,"k":100}},{"ty":"tr","a":{"a":0,"k":[0,0]},"s":{"a":0,"k":[100,100]},"sk":{"a":0,"k":0},"p":{"a":0,"k":[2574.497,3208.58]},"r":{"a":0,"k":0},"sa":{"a":0,"k":0},"o":{"a":0,"k":100}}]},{"ty":"gr","nm":"G","it":[{"ty":"sh","nm":"P","d":1,"ks":{"a":0,"k":{"c":true,"i":[[-1.449,-29.952],[0,0],[0,0],[-3.318,68.61],[7.256,15.318],[0,0]],"o":[[3.318,68.61],[0,0],[0,0],[1.449,-29.952],[0,0],[-7.257,15.318]],"v":[[-2019.369,-1.579],[-1943.07,67.031],[1943.071,67.031],[2019.369,-1.579],[2010.026,-67.031],[-2010.024,-67.031]]}}},{"ty":"fl","nm":"F","c":{"a":0,"k":[1,0.757,0.028]},"r":1,"o":{"a":0,"k":100}},{"ty":"tr","a":{"a":0,"k":[0,0]},"s":{"a":0,"k":[100,100]},"sk":{"a":0,"k":0},"p":{"a":0,"k":[2570.966,3323.382]},"r":{"a":0,"k":0},"sa":{"a":0,"k":0},"o":{"a":0,"k":100}}]},{"ty":"gr","nm":"G","it":[{"ty":"sh","nm":"P","d":1,"ks":{"a":0,"k":{"c":true,"i":[[1060.723,8.196],[-1060.723,-8.26]],"o":[[1060.721,-8.196],[-1060.721,8.263]],"v":[[-1599.209,0],[1599.209,-0.001]]}}},{"ty":"fl","nm":"F","c":{"a":0,"k":[0,0,0]},"r":1,"o":{"a":0,"k":100}},{"ty":"tr","a":{"a":0,"k":[0,0]},"s":{"a":0,"k":[100,100]},"sk":{"a":0,"k":0},"p":{"a":0,"k":[2570.966,3077.458]},"r":{"a":0,"k":0},"sa":{"a":0,"k":0},"o":{"a":0,"k":100}}]},{"ty":"gr","nm":"G","it":[{"ty":"sh","nm":"P","d":1,"ks":{"a":0,"k":{"c":true,"i":[[0,0],[0,0],[0,0],[0,0]],"o":[[0,0],[0,0],[0,0],[0,0]],"v":[[69.117,-74.102],[-69.29,-74.102],[-69.29,74.102],[69.29,74.102]]}}},{"ty":"fl","nm":"F","c":{"a":0,"k":[0.153,0.192,0.369]},"r":1,"o":{"a":0,"k":100}},{"ty":"tr","a":{"a":0,"k":[0,0]},"s":{"a":0,"k":[100,100]},"sk":{"a":0,"k":0},"p":{"a":0,"k":[4196.292,1229.249]},"r":{"a":0,"k":0},"sa":{"a":0,"k":0},"o":{"a":0,"k":100}}]},{"ty":"gr","nm":"G","it":[{"ty":"sh","nm":"P","d":1,"ks":{"a":0,"k":{"c":true,"i":[[24.506,19.604],[60.846,33.008],[22.599,2.656],[29.302,-3.446],[20.001,-10.852],[19.068,-15.255]],"o":[[-19.068,-15.255],[-20.001,-10.852],[-29.302,-3.446],[-22.599,2.656],[-60.845,33.008],[-24.506,19.604]],"v":[[2007.995,1202.547],[1763.561,1045.714],[1699.143,1025.226],[-1699.142,1025.226],[-1763.56,1045.714],[-2007.091,1201.645]]}}},{"ty":"fl","nm":"F","c":{"a":0,"k":[0,0,0]},"r":1,"o":{"a":0,"k":100}},{"ty":"tr","a":{"a":0,"k":[0,0]},"s":{"a":0,"k":[100,100]},"sk":{"a":0,"k":0},"p":{"a":0,"k":[2570.966,2053.718]},"r":{"a":0,"k":0},"sa":{"a":0,"k":0},"o":{"a":0,"k":100}}]},{"ty":"gr","nm":"G","it":[{"ty":"sh","nm":"P","d":1,"ks":{"a":0,"k":{"c":true,"i":[[24.506,19.604],[60.846,33.008],[22.599,2.656],[29.485,-5.021],[-6.038,72.473],[0,0],[93.115,-2.452],[0,0],[0,0],[0,0],[-24.395,-5.849],[29.302,-3.446],[20.001,-10.852],[19.068,-15.255],[-2.731,-56.504],[0,0],[0,0],[-3.319,68.61]],"o":[[-19.068,-15.255],[-20.001,-10.852],[-29.302,-3.446],[24.395,-5.849],[0,0],[0,0],[0,0],[-93.117,-2.452],[0,0],[6.038,72.473],[-29.486,-5.021],[-22.599,2.656],[-60.845,33.008],[-24.506,19.604],[3.318,68.61],[0,0],[0,0],[2.731,-56.504]],"v":[[1982.732,1170.068],[1763.56,1045.714],[1699.142,1025.226],[1599.21,1023.739],[1698.486,922.576],[1693.586,-1236.226],[1583.317,-1334.244],[-1583.316,-1334.244],[-1693.585,-1236.226],[-1698.486,922.576],[-1599.209,1023.739],[-1699.142,1025.226],[-1763.56,1045.714],[-1982.732,1170.068],[-2019.37,1268.085],[-1943.071,1336.695],[1943.071,1336.695],[2019.37,1268.085]]}}},{"ty":"fl","nm":"F","c":{"a":0,"k":[1,0.757,0.028]},"r":1,"o":{"a":0,"k":100}},{"ty":"tr","a":{"a":0,"k":[0,0]},"s":{"a":0,"k":[100,100]},"sk":{"a":0,"k":0},"p":{"a":0,"k":[2570.966,2053.718]},"r":{"a":0,"k":0},"sa":{"a":0,"k":0},"o":{"a":0,"k":100}}]}],"ind":13}],"v":"5.6.8","fr":30,"op":180,"ip":0,"assets":[{"nm":"","id":"comp_0","layers":[{"ty":4,"nm":"L","sr":1,"st":0,"op":300,"ip":0,"hasMask":false,"ao":0,"ks":{"a":{"a":0,"k":[2930.568,2339.233,0]},"s":{"a":1,"k":[{"o":{"x":0.333,"y":0},"i":{"x":0.667,"y":1},"s":[54,0,100],"t":128},{"s":[54,54,100],"t":139}]},"sk":{"a":0,"k":0},"p":{"a":0,"k":[2017.507,1263.186,0]},"r":{"a":0,"k":0},"sa":{"a":0,"k":0},"o":{"a":0,"k":100}},"ef":[],"shapes":[{"ty":"gr","nm":"G","it":[{"ty":"sh","nm":"P","d":1,"ks":{"a":0,"k":{"c":true,"i":[[0,0],[0,0],[0,0],[0,0]],"o":[[0,0],[0,0],[0,0],[0,0]],"v":[[4.298,189.824],[-4.299,189.824],[-4.299,-189.824],[4.298,-189.824]]}}},{"ty":"fl","nm":"F","c":{"a":0,"k":[0.357,0.706,0.655]},"r":1,"o":{"a":0,"k":100}},{"ty":"tr","a":{"a":0,"k":[0,0]},"s":{"a":0,"k":[100,100]},"sk":{"a":0,"k":0},"p":{"a":0,"k":[2923.161,2154.048]},"r":{"a":0,"k":0},"sa":{"a":0,"k":0},"o":{"a":0,"k":100}}]},{"ty":"gr","nm":"G","it":[{"ty":"sh","nm":"P","d":1,"ks":{"a":0,"k":{"c":true,"i":[[0,0],[0,0],[0,0],[0,0]],"o":[[0,0],[0,0],[0,0],[0,0]],"v":[[31.49,133.751],[-31.49,133.751],[-31.49,-133.751],[31.49,-133.751]]}}},{"ty":"fl","nm":"F","c":{"a":0,"k":[0.357,0.706,0.655]},"r":1,"o":{"a":0,"k":100}},{"ty":"tr","a":{"a":0,"k":[0,0]},"s":{"a":0,"k":[100,100]},"sk":{"a":0,"k":0},"p":{"a":0,"k":[2923.16,2154.048]},"r":{"a":0,"k":0},"sa":{"a":0,"k":0},"o":{"a":0,"k":100}}]}],"ind":1},{"ty":4,"nm":"L","sr":1,"st":0,"op":300,"ip":0,"hasMask":false,"ao":0,"ks":{"a":{"a":0,"k":[2840.338,2387.525,0]},"s":{"a":1,"k":[{"o":{"x":0.333,"y":0},"i":{"x":0.667,"y":1},"s":[54,0,100],"t":125},{"s":[54,54,100],"t":136}]},"sk":{"a":0,"k":0},"p":{"a":0,"k":[1968.782,1289.264,0]},"r":{"a":0,"k":0},"sa":{"a":0,"k":0},"o":{"a":0,"k":100}},"ef":[],"shapes":[{"ty":"gr","nm":"G","it":[{"ty":"sh","nm":"P","d":1,"ks":{"a":0,"k":{"c":true,"i":[[0,0],[0,0],[0,0],[0,0]],"o":[[0,0],[0,0],[0,0],[0,0]],"v":[[4.299,189.824],[-4.299,189.824],[-4.299,-189.824],[4.299,-189.824]]}}},{"ty":"fl","nm":"F","c":{"a":0,"k":[0.357,0.706,0.655]},"r":1,"o":{"a":0,"k":100}},{"ty":"tr","a":{"a":0,"k":[0,0]},"s":{"a":0,"k":[100,100]},"sk":{"a":0,"k":0},"p":{"a":0,"k":[2832.93,2202.34]},"r":{"a":0,"k":0},"sa":{"a":0,"k":0},"o":{"a":0,"k":100}}]},{"ty":"gr","nm":"G","it":[{"ty":"sh","nm":"P","d":1,"ks":{"a":0,"k":{"c":true,"i":[[0,0],[0,0],[0,0],[0,0]],"o":[[0,0],[0,0],[0,0],[0,0]],"v":[[31.49,133.751],[-31.49,133.751],[-31.49,-133.751],[31.49,-133.751]]}}},{"ty":"fl","nm":"F","c":{"a":0,"k":[0.357,0.706,0.655]},"r":1,"o":{"a":0,"k":100}},{"ty":"tr","a":{"a":0,"k":[0,0]},"s":{"a":0,"k":[100,100]},"sk":{"a":0,"k":0},"p":{"a":0,"k":[2832.93,2202.34]},"r":{"a":0,"k":0},"sa":{"a":0,"k":0},"o":{"a":0,"k":100}}]}],"ind":2},{"ty":4,"nm":"L","sr":1,"st":0,"op":300,"ip":0,"hasMask":false,"ao":0,"ks":{"a":{"a":0,"k":[2768.902,2344.867,0]},"s":{"a":1,"k":[{"o":{"x":0.333,"y":0},"i":{"x":0.667,"y":1},"s":[54,0,100],"t":122},{"s":[54,54,100],"t":133}]},"sk":{"a":0,"k":0},"p":{"a":0,"k":[1930.207,1266.228,0]},"r":{"a":0,"k":0},"sa":{"a":0,"k":0},"o":{"a":0,"k":100}},"ef":[],"shapes":[{"ty":"gr","nm":"G","it":[{"ty":"sh","nm":"P","d":1,"ks":{"a":0,"k":{"c":true,"i":[[0,0],[0,0],[0,0],[0,0]],"o":[[0,0],[0,0],[0,0],[0,0]],"v":[[2.443,107.868],[-2.443,107.868],[-2.443,-107.868],[2.443,-107.868]]}}},{"ty":"fl","nm":"F","c":{"a":0,"k":[0.98,0.369,0.267]},"r":1,"o":{"a":0,"k":100}},{"ty":"tr","a":{"a":0,"k":[0,0]},"s":{"a":0,"k":[100,100]},"sk":{"a":0,"k":0},"p":{"a":0,"k":[2768.902,2230.052]},"r":{"a":0,"k":0},"sa":{"a":0,"k":0},"o":{"a":0,"k":100}}]},{"ty":"gr","nm":"G","it":[{"ty":"sh","nm":"P","d":1,"ks":{"a":0,"k":{"c":true,"i":[[0,0],[0,0],[0,0],[0,0]],"o":[[0,0],[0,0],[0,0],[0,0]],"v":[[17.894,76.005],[-17.894,76.005],[-17.894,-76.005],[17.894,-76.005]]}}},{"ty":"fl","nm":"F","c":{"a":0,"k":[0.98,0.369,0.267]},"r":1,"o":{"a":0,"k":100}},{"ty":"tr","a":{"a":0,"k":[0,0]},"s":{"a":0,"k":[100,100]},"sk":{"a":0,"k":0},"p":{"a":0,"k":[2768.902,2230.052]},"r":{"a":0,"k":0},"sa":{"a":0,"k":0},"o":{"a":0,"k":100}}]}],"ind":3},{"ty":4,"nm":"2","sr":1,"st":0,"op":300,"ip":0,"hasMask":false,"ao":0,"ks":{"a":{"a":0,"k":[2719.42,2437.415,0]},"s":{"a":1,"k":[{"o":{"x":0.333,"y":0},"i":{"x":0.667,"y":1},"s":[54,0,100],"t":119},{"s":[54,54,100],"t":130}]},"sk":{"a":0,"k":0},"p":{"a":0,"k":[1903.487,1316.204,0]},"r":{"a":0,"k":0},"sa":{"a":0,"k":0},"o":{"a":0,"k":100}},"ef":[],"shapes":[{"ty":"gr","nm":"G","it":[{"ty":"sh","nm":"P","d":1,"ks":{"a":0,"k":{"c":true,"i":[[0,0],[0,0],[0,0],[0,0]],"o":[[0,0],[0,0],[0,0],[0,0]],"v":[[2.443,107.868],[-2.442,107.868],[-2.442,-107.868],[2.443,-107.868]]}}},{"ty":"fl","nm":"F","c":{"a":0,"k":[0.98,0.369,0.267]},"r":1,"o":{"a":0,"k":100}},{"ty":"tr","a":{"a":0,"k":[0,0]},"s":{"a":0,"k":[100,100]},"sk":{"a":0,"k":0},"p":{"a":0,"k":[2719.42,2326.304]},"r":{"a":0,"k":0},"sa":{"a":0,"k":0},"o":{"a":0,"k":100}}]},{"ty":"gr","nm":"G","it":[{"ty":"sh","nm":"P","d":1,"ks":{"a":0,"k":{"c":true,"i":[[0,0],[0,0],[0,0],[0,0]],"o":[[0,0],[0,0],[0,0],[0,0]],"v":[[17.895,76.005],[-17.895,76.005],[-17.895,-76.005],[17.895,-76.005]]}}},{"ty":"fl","nm":"F","c":{"a":0,"k":[0.98,0.369,0.267]},"r":1,"o":{"a":0,"k":100}},{"ty":"tr","a":{"a":0,"k":[0,0]},"s":{"a":0,"k":[100,100]},"sk":{"a":0,"k":0},"p":{"a":0,"k":[2719.42,2326.304]},"r":{"a":0,"k":0},"sa":{"a":0,"k":0},"o":{"a":0,"k":100}}]}],"ind":4},{"ty":4,"nm":"1","sr":1,"st":0,"op":300,"ip":0,"hasMask":false,"ao":0,"ks":{"a":{"a":0,"k":[2654.282,2500.324,0]},"s":{"a":1,"k":[{"o":{"x":0.333,"y":0},"i":{"x":0.667,"y":1},"s":[54,0,100],"t":116},{"s":[54,54,100],"t":127}]},"sk":{"a":0,"k":0},"p":{"a":0,"k":[1868.313,1350.175,0]},"r":{"a":0,"k":0},"sa":{"a":0,"k":0},"o":{"a":0,"k":100}},"ef":[],"shapes":[{"ty":"gr","nm":"G","it":[{"ty":"sh","nm":"P","d":1,"ks":{"a":0,"k":{"c":true,"i":[[0,0],[0,0],[0,0],[0,0]],"o":[[0,0],[0,0],[0,0],[0,0]],"v":[[4.298,189.824],[-4.299,189.824],[-4.299,-189.824],[4.298,-189.824]]}}},{"ty":"fl","nm":"F","c":{"a":0,"k":[0.357,0.706,0.655]},"r":1,"o":{"a":0,"k":100}},{"ty":"tr","a":{"a":0,"k":[0,0]},"s":{"a":0,"k":[100,100]},"sk":{"a":0,"k":0},"p":{"a":0,"k":[2654.283,2307.731]},"r":{"a":0,"k":0},"sa":{"a":0,"k":0},"o":{"a":0,"k":100}}]},{"ty":"gr","nm":"G","it":[{"ty":"sh","nm":"P","d":1,"ks":{"a":0,"k":{"c":true,"i":[[0,0],[0,0],[0,0],[0,0]],"o":[[0,0],[0,0],[0,0],[0,0]],"v":[[31.49,133.751],[-31.49,133.751],[-31.49,-133.751],[31.49,-133.751]]}}},{"ty":"fl","nm":"F","c":{"a":0,"k":[0.357,0.706,0.655]},"r":1,"o":{"a":0,"k":100}},{"ty":"tr","a":{"a":0,"k":[0,0]},"s":{"a":0,"k":[100,100]},"sk":{"a":0,"k":0},"p":{"a":0,"k":[2654.282,2307.73]},"r":{"a":0,"k":0},"sa":{"a":0,"k":0},"o":{"a":0,"k":100}}]}],"ind":5},{"ty":4,"nm":"1","sr":1,"st":0,"op":300,"ip":0,"hasMask":false,"ao":0,"ks":{"a":{"a":0,"k":[2567.534,2563.038,0]},"s":{"a":1,"k":[{"o":{"x":0.333,"y":0},"i":{"x":0.667,"y":1},"s":[54,0,100],"t":112},{"s":[54,54,100],"t":123}]},"sk":{"a":0,"k":0},"p":{"a":0,"k":[1821.469,1384.04,0]},"r":{"a":0,"k":0},"sa":{"a":0,"k":0},"o":{"a":0,"k":100}},"ef":[],"shapes":[{"ty":"gr","nm":"G","it":[{"ty":"sh","nm":"P","d":1,"ks":{"a":0,"k":{"c":true,"i":[[0,0],[0,0],[0,0],[0,0]],"o":[[0,0],[0,0],[0,0],[0,0]],"v":[[4.298,189.824],[-4.299,189.824],[-4.299,-189.824],[4.298,-189.824]]}}},{"ty":"fl","nm":"F","c":{"a":0,"k":[0.357,0.706,0.655]},"r":1,"o":{"a":0,"k":100}},{"ty":"tr","a":{"a":0,"k":[0,0]},"s":{"a":0,"k":[100,100]},"sk":{"a":0,"k":0},"p":{"a":0,"k":[2571.239,2370.445]},"r":{"a":0,"k":0},"sa":{"a":0,"k":0},"o":{"a":0,"k":100}}]},{"ty":"gr","nm":"G","it":[{"ty":"sh","nm":"P","d":1,"ks":{"a":0,"k":{"c":true,"i":[[0,0],[0,0],[0,0],[0,0]],"o":[[0,0],[0,0],[0,0],[0,0]],"v":[[31.49,133.751],[-31.49,133.751],[-31.49,-133.751],[31.49,-133.751]]}}},{"ty":"fl","nm":"F","c":{"a":0,"k":[0.357,0.706,0.655]},"r":1,"o":{"a":0,"k":100}},{"ty":"tr","a":{"a":0,"k":[0,0]},"s":{"a":0,"k":[100,100]},"sk":{"a":0,"k":0},"p":{"a":0,"k":[2571.238,2370.444]},"r":{"a":0,"k":0},"sa":{"a":0,"k":0},"o":{"a":0,"k":100}}]}],"ind":6},{"ty":4,"nm":"1","sr":1,"st":0,"op":300,"ip":0,"hasMask":false,"ao":0,"ks":{"a":{"a":0,"k":[2497.381,2565.95,0]},"s":{"a":1,"k":[{"o":{"x":0.333,"y":0},"i":{"x":0.667,"y":1},"s":[54,0,100],"t":109},{"s":[54,54,100],"t":120}]},"sk":{"a":0,"k":0},"p":{"a":0,"k":[1783.586,1385.613,0]},"r":{"a":0,"k":0},"sa":{"a":0,"k":0},"o":{"a":0,"k":100}},"ef":[],"shapes":[{"ty":"gr","nm":"G","it":[{"ty":"sh","nm":"P","d":1,"ks":{"a":0,"k":{"c":true,"i":[[0,0],[0,0],[0,0],[0,0]],"o":[[0,0],[0,0],[0,0],[0,0]],"v":[[2.443,107.868],[-2.442,107.868],[-2.442,-107.868],[2.443,-107.868]]}}},{"ty":"fl","nm":"F","c":{"a":0,"k":[0.98,0.369,0.267]},"r":1,"o":{"a":0,"k":100}},{"ty":"tr","a":{"a":0,"k":[0,0]},"s":{"a":0,"k":[100,100]},"sk":{"a":0,"k":0},"p":{"a":0,"k":[2497.381,2462.246]},"r":{"a":0,"k":0},"sa":{"a":0,"k":0},"o":{"a":0,"k":100}}]},{"ty":"gr","nm":"G","it":[{"ty":"sh","nm":"P","d":1,"ks":{"a":0,"k":{"c":true,"i":[[0,0],[0,0],[0,0],[0,0]],"o":[[0,0],[0,0],[0,0],[0,0]],"v":[[17.895,76.004],[-17.895,76.004],[-17.895,-76.005],[17.895,-76.005]]}}},{"ty":"fl","nm":"F","c":{"a":0,"k":[0.98,0.369,0.267]},"r":1,"o":{"a":0,"k":100}},{"ty":"tr","a":{"a":0,"k":[0,0]},"s":{"a":0,"k":[100,100]},"sk":{"a":0,"k":0},"p":{"a":0,"k":[2497.381,2462.247]},"r":{"a":0,"k":0},"sa":{"a":0,"k":0},"o":{"a":0,"k":100}}]}],"ind":7},{"ty":4,"nm":"1","sr":1,"st":0,"op":300,"ip":0,"hasMask":false,"ao":0,"ks":{"a":{"a":0,"k":[2419.821,2623.697,0]},"s":{"a":1,"k":[{"o":{"x":0.333,"y":0},"i":{"x":0.667,"y":1},"s":[54,0,100],"t":105},{"s":[54,54,100],"t":116}]},"sk":{"a":0,"k":0},"p":{"a":0,"k":[1741.703,1416.796,0]},"r":{"a":0,"k":0},"sa":{"a":0,"k":0},"o":{"a":0,"k":100}},"ef":[],"shapes":[{"ty":"gr","nm":"G","it":[{"ty":"sh","nm":"P","d":1,"ks":{"a":0,"k":{"c":true,"i":[[0,0],[0,0],[0,0],[0,0]],"o":[[0,0],[0,0],[0,0],[0,0]],"v":[[2.443,107.868],[-2.442,107.868],[-2.442,-107.868],[2.443,-107.868]]}}},{"ty":"fl","nm":"F","c":{"a":0,"k":[0.98,0.369,0.267]},"r":1,"o":{"a":0,"k":100}},{"ty":"tr","a":{"a":0,"k":[0,0]},"s":{"a":0,"k":[100,100]},"sk":{"a":0,"k":0},"p":{"a":0,"k":[2423.525,2519.993]},"r":{"a":0,"k":0},"sa":{"a":0,"k":0},"o":{"a":0,"k":100}}]},{"ty":"gr","nm":"G","it":[{"ty":"sh","nm":"P","d":1,"ks":{"a":0,"k":{"c":true,"i":[[0,0],[0,0],[0,0],[0,0]],"o":[[0,0],[0,0],[0,0],[0,0]],"v":[[17.895,76.005],[-17.895,76.005],[-17.895,-76.005],[17.895,-76.005]]}}},{"ty":"fl","nm":"F","c":{"a":0,"k":[0.98,0.369,0.267]},"r":1,"o":{"a":0,"k":100}},{"ty":"tr","a":{"a":0,"k":[0,0]},"s":{"a":0,"k":[100,100]},"sk":{"a":0,"k":0},"p":{"a":0,"k":[2423.524,2519.993]},"r":{"a":0,"k":0},"sa":{"a":0,"k":0},"o":{"a":0,"k":100}}]}],"ind":8},{"ty":4,"nm":"1","sr":1,"st":0,"op":300,"ip":0,"hasMask":false,"ao":0,"ks":{"a":{"a":0,"k":[2349.668,2515.354,0]},"s":{"a":1,"k":[{"o":{"x":0.333,"y":0},"i":{"x":0.667,"y":1},"s":[54,0,100],"t":101},{"s":[54,54,100],"t":112}]},"sk":{"a":0,"k":0},"p":{"a":0,"k":[1703.821,1358.291,0]},"r":{"a":0,"k":0},"sa":{"a":0,"k":0},"o":{"a":0,"k":100}},"ef":[],"shapes":[{"ty":"gr","nm":"G","it":[{"ty":"sh","nm":"P","d":1,"ks":{"a":0,"k":{"c":true,"i":[[0,0],[0,0],[0,0],[0,0]],"o":[[0,0],[0,0],[0,0],[0,0]],"v":[[4.299,189.824],[-4.298,189.824],[-4.298,-189.824],[4.299,-189.824]]}}},{"ty":"fl","nm":"F","c":{"a":0,"k":[0.357,0.706,0.655]},"r":1,"o":{"a":0,"k":100}},{"ty":"tr","a":{"a":0,"k":[0,0]},"s":{"a":0,"k":[100,100]},"sk":{"a":0,"k":0},"p":{"a":0,"k":[2349.668,2330.169]},"r":{"a":0,"k":0},"sa":{"a":0,"k":0},"o":{"a":0,"k":100}}]},{"ty":"gr","nm":"G","it":[{"ty":"sh","nm":"P","d":1,"ks":{"a":0,"k":{"c":true,"i":[[0,0],[0,0],[0,0],[0,0]],"o":[[0,0],[0,0],[0,0],[0,0]],"v":[[31.49,133.751],[-31.49,133.751],[-31.49,-133.751],[31.49,-133.751]]}}},{"ty":"fl","nm":"F","c":{"a":0,"k":[0.357,0.706,0.655]},"r":1,"o":{"a":0,"k":100}},{"ty":"tr","a":{"a":0,"k":[0,0]},"s":{"a":0,"k":[100,100]},"sk":{"a":0,"k":0},"p":{"a":0,"k":[2349.668,2330.169]},"r":{"a":0,"k":0},"sa":{"a":0,"k":0},"o":{"a":0,"k":100}}]}],"ind":9},{"ty":4,"nm":"1","sr":1,"st":0,"op":300,"ip":0,"hasMask":false,"ao":0,"ks":{"a":{"a":0,"k":[2275.812,2493.649,0]},"s":{"a":1,"k":[{"o":{"x":0.333,"y":0},"i":{"x":0.667,"y":1},"s":[54,0,100],"t":97},{"s":[54,54,100],"t":108}]},"sk":{"a":0,"k":0},"p":{"a":0,"k":[1663.938,1346.57,0]},"r":{"a":0,"k":0},"sa":{"a":0,"k":0},"o":{"a":0,"k":100}},"ef":[],"shapes":[{"ty":"gr","nm":"G","it":[{"ty":"sh","nm":"P","d":1,"ks":{"a":0,"k":{"c":true,"i":[[0,0],[0,0],[0,0],[0,0]],"o":[[0,0],[0,0],[0,0],[0,0]],"v":[[2.442,107.868],[-2.443,107.868],[-2.443,-107.868],[2.442,-107.868]]}}},{"ty":"fl","nm":"F","c":{"a":0,"k":[0.98,0.369,0.267]},"r":1,"o":{"a":0,"k":100}},{"ty":"tr","a":{"a":0,"k":[0,0]},"s":{"a":0,"k":[100,100]},"sk":{"a":0,"k":0},"p":{"a":0,"k":[2275.812,2386.241]},"r":{"a":0,"k":0},"sa":{"a":0,"k":0},"o":{"a":0,"k":100}}]},{"ty":"gr","nm":"G","it":[{"ty":"sh","nm":"P","d":1,"ks":{"a":0,"k":{"c":true,"i":[[0,0],[0,0],[0,0],[0,0]],"o":[[0,0],[0,0],[0,0],[0,0]],"v":[[17.895,76.005],[-17.895,76.005],[-17.895,-76.005],[17.895,-76.005]]}}},{"ty":"fl","nm":"F","c":{"a":0,"k":[0.98,0.369,0.267]},"r":1,"o":{"a":0,"k":100}},{"ty":"tr","a":{"a":0,"k":[0,0]},"s":{"a":0,"k":[100,100]},"sk":{"a":0,"k":0},"p":{"a":0,"k":[2275.812,2386.241]},"r":{"a":0,"k":0},"sa":{"a":0,"k":0},"o":{"a":0,"k":100}}]}],"ind":10},{"ty":4,"nm":"1","sr":1,"st":0,"op":300,"ip":0,"hasMask":false,"ao":0,"ks":{"a":{"a":0,"k":[2205.659,2398.144,0]},"s":{"a":1,"k":[{"o":{"x":0.333,"y":0},"i":{"x":0.667,"y":1},"s":[54,0,100],"t":93},{"s":[54,54,100],"t":104}]},"sk":{"a":0,"k":0},"p":{"a":0,"k":[1626.056,1294.998,0]},"r":{"a":0,"k":0},"sa":{"a":0,"k":0},"o":{"a":0,"k":100}},"ef":[],"shapes":[{"ty":"gr","nm":"G","it":[{"ty":"sh","nm":"P","d":1,"ks":{"a":0,"k":{"c":true,"i":[[0,0],[0,0],[0,0],[0,0]],"o":[[0,0],[0,0],[0,0],[0,0]],"v":[[2.442,107.869],[-2.443,107.869],[-2.443,-107.868],[2.442,-107.868]]}}},{"ty":"fl","nm":"F","c":{"a":0,"k":[0.98,0.369,0.267]},"r":1,"o":{"a":0,"k":100}},{"ty":"tr","a":{"a":0,"k":[0,0]},"s":{"a":0,"k":[100,100]},"sk":{"a":0,"k":0},"p":{"a":0,"k":[2201.956,2294.44]},"r":{"a":0,"k":0},"sa":{"a":0,"k":0},"o":{"a":0,"k":100}}]},{"ty":"gr","nm":"G","it":[{"ty":"sh","nm":"P","d":1,"ks":{"a":0,"k":{"c":true,"i":[[0,0],[0,0],[0,0],[0,0]],"o":[[0,0],[0,0],[0,0],[0,0]],"v":[[17.895,76.004],[-17.895,76.004],[-17.895,-76.004],[17.895,-76.004]]}}},{"ty":"fl","nm":"F","c":{"a":0,"k":[0.98,0.369,0.267]},"r":1,"o":{"a":0,"k":100}},{"ty":"tr","a":{"a":0,"k":[0,0]},"s":{"a":0,"k":[100,100]},"sk":{"a":0,"k":0},"p":{"a":0,"k":[2201.956,2294.439]},"r":{"a":0,"k":0},"sa":{"a":0,"k":0},"o":{"a":0,"k":100}}]}],"ind":11},{"ty":4,"nm":"1","sr":1,"st":0,"op":300,"ip":0,"hasMask":false,"ao":0,"ks":{"a":{"a":0,"k":[2128.099,2483.33,0]},"s":{"a":1,"k":[{"o":{"x":0.333,"y":0},"i":{"x":0.667,"y":1},"s":[54,0,100],"t":89},{"s":[54,54,100],"t":100}]},"sk":{"a":0,"k":0},"p":{"a":0,"k":[1584.174,1340.998,0]},"r":{"a":0,"k":0},"sa":{"a":0,"k":0},"o":{"a":0,"k":100}},"ef":[],"shapes":[{"ty":"gr","nm":"G","it":[{"ty":"sh","nm":"P","d":1,"ks":{"a":0,"k":{"c":true,"i":[[0,0],[0,0],[0,0],[0,0]],"o":[[0,0],[0,0],[0,0],[0,0]],"v":[[4.298,189.823],[-4.299,189.823],[-4.299,-189.823],[4.298,-189.823]]}}},{"ty":"fl","nm":"F","c":{"a":0,"k":[0.357,0.706,0.655]},"r":1,"o":{"a":0,"k":100}},{"ty":"tr","a":{"a":0,"k":[0,0]},"s":{"a":0,"k":[100,100]},"sk":{"a":0,"k":0},"p":{"a":0,"k":[2128.099,2294.441]},"r":{"a":0,"k":0},"sa":{"a":0,"k":0},"o":{"a":0,"k":100}}]},{"ty":"gr","nm":"G","it":[{"ty":"sh","nm":"P","d":1,"ks":{"a":0,"k":{"c":true,"i":[[0,0],[0,0],[0,0],[0,0]],"o":[[0,0],[0,0],[0,0],[0,0]],"v":[[31.49,133.751],[-31.49,133.751],[-31.49,-133.751],[31.49,-133.751]]}}},{"ty":"fl","nm":"F","c":{"a":0,"k":[0.357,0.706,0.655]},"r":1,"o":{"a":0,"k":100}},{"ty":"tr","a":{"a":0,"k":[0,0]},"s":{"a":0,"k":[100,100]},"sk":{"a":0,"k":0},"p":{"a":0,"k":[2128.099,2294.439]},"r":{"a":0,"k":0},"sa":{"a":0,"k":0},"o":{"a":0,"k":100}}]}],"ind":12},{"ty":4,"nm":"1","sr":1,"st":0,"op":300,"ip":0,"hasMask":false,"ao":0,"ks":{"a":{"a":0,"k":[2036.385,2552.693,0]},"s":{"a":1,"k":[{"o":{"x":0.333,"y":0},"i":{"x":0.667,"y":1},"s":[54,0,100],"t":85},{"s":[54,54,100],"t":96}]},"sk":{"a":0,"k":0},"p":{"a":0,"k":[1534.648,1378.454,0]},"r":{"a":0,"k":0},"sa":{"a":0,"k":0},"o":{"a":0,"k":100}},"ef":[],"shapes":[{"ty":"gr","nm":"G","it":[{"ty":"sh","nm":"P","d":1,"ks":{"a":0,"k":{"c":true,"i":[[0,0],[0,0],[0,0],[0,0]],"o":[[0,0],[0,0],[0,0],[0,0]],"v":[[4.299,189.824],[-4.298,189.824],[-4.298,-189.824],[4.299,-189.824]]}}},{"ty":"fl","nm":"F","c":{"a":0,"k":[0.357,0.706,0.655]},"r":1,"o":{"a":0,"k":100}},{"ty":"tr","a":{"a":0,"k":[0,0]},"s":{"a":0,"k":[100,100]},"sk":{"a":0,"k":0},"p":{"a":0,"k":[2040.088,2363.804]},"r":{"a":0,"k":0},"sa":{"a":0,"k":0},"o":{"a":0,"k":100}}]},{"ty":"gr","nm":"G","it":[{"ty":"sh","nm":"P","d":1,"ks":{"a":0,"k":{"c":true,"i":[[0,0],[0,0],[0,0],[0,0]],"o":[[0,0],[0,0],[0,0],[0,0]],"v":[[31.49,133.751],[-31.49,133.751],[-31.49,-133.751],[31.49,-133.751]]}}},{"ty":"fl","nm":"F","c":{"a":0,"k":[0.357,0.706,0.655]},"r":1,"o":{"a":0,"k":100}},{"ty":"tr","a":{"a":0,"k":[0,0]},"s":{"a":0,"k":[100,100]},"sk":{"a":0,"k":0},"p":{"a":0,"k":[2040.088,2363.804]},"r":{"a":0,"k":0},"sa":{"a":0,"k":0},"o":{"a":0,"k":100}}]}],"ind":13},{"ty":4,"nm":"1","sr":1,"st":0,"op":300,"ip":0,"hasMask":false,"ao":0,"ks":{"a":{"a":0,"k":[1955.616,2617.081,0]},"s":{"a":1,"k":[{"o":{"x":0.333,"y":0},"i":{"x":0.667,"y":1},"s":[54,0,100],"t":81},{"s":[54,54,100],"t":92}]},"sk":{"a":0,"k":0},"p":{"a":0,"k":[1491.033,1413.224,0]},"r":{"a":0,"k":0},"sa":{"a":0,"k":0},"o":{"a":0,"k":100}},"ef":[],"shapes":[{"ty":"gr","nm":"G","it":[{"ty":"sh","nm":"P","d":1,"ks":{"a":0,"k":{"c":true,"i":[[0,0],[0,0],[0,0],[0,0]],"o":[[0,0],[0,0],[0,0],[0,0]],"v":[[4.299,189.824],[-4.298,189.824],[-4.298,-189.824],[4.299,-189.824]]}}},{"ty":"fl","nm":"F","c":{"a":0,"k":[0.357,0.706,0.655]},"r":1,"o":{"a":0,"k":100}},{"ty":"tr","a":{"a":0,"k":[0,0]},"s":{"a":0,"k":[100,100]},"sk":{"a":0,"k":0},"p":{"a":0,"k":[1955.616,2428.192]},"r":{"a":0,"k":0},"sa":{"a":0,"k":0},"o":{"a":0,"k":100}}]},{"ty":"gr","nm":"G","it":[{"ty":"sh","nm":"P","d":1,"ks":{"a":0,"k":{"c":true,"i":[[0,0],[0,0],[0,0],[0,0]],"o":[[0,0],[0,0],[0,0],[0,0]],"v":[[31.49,133.751],[-31.49,133.751],[-31.49,-133.751],[31.49,-133.751]]}}},{"ty":"fl","nm":"F","c":{"a":0,"k":[0.357,0.706,0.655]},"r":1,"o":{"a":0,"k":100}},{"ty":"tr","a":{"a":0,"k":[0,0]},"s":{"a":0,"k":[100,100]},"sk":{"a":0,"k":0},"p":{"a":0,"k":[1955.616,2428.19]},"r":{"a":0,"k":0},"sa":{"a":0,"k":0},"o":{"a":0,"k":100}}]}],"ind":14},{"ty":4,"nm":"9","sr":1,"st":0,"op":300,"ip":0,"hasMask":false,"ao":0,"ks":{"a":{"a":0,"k":[1878.056,2761.152,0]},"s":{"a":1,"k":[{"o":{"x":0.333,"y":0},"i":{"x":0.667,"y":1},"s":[54,0,100],"t":77},{"s":[54,54,100],"t":88}]},"sk":{"a":0,"k":0},"p":{"a":0,"k":[1449.15,1491.022,0]},"r":{"a":0,"k":0},"sa":{"a":0,"k":0},"o":{"a":0,"k":100}},"ef":[],"shapes":[{"ty":"gr","nm":"G","it":[{"ty":"sh","nm":"P","d":1,"ks":{"a":0,"k":{"c":true,"i":[[0,0],[0,0],[0,0],[0,0]],"o":[[0,0],[0,0],[0,0],[0,0]],"v":[[2.443,107.868],[-2.443,107.868],[-2.443,-107.868],[2.443,-107.868]]}}},{"ty":"fl","nm":"F","c":{"a":0,"k":[0.98,0.369,0.267]},"r":1,"o":{"a":0,"k":100}},{"ty":"tr","a":{"a":0,"k":[0,0]},"s":{"a":0,"k":[100,100]},"sk":{"a":0,"k":0},"p":{"a":0,"k":[1881.76,2653.744]},"r":{"a":0,"k":0},"sa":{"a":0,"k":0},"o":{"a":0,"k":100}}]},{"ty":"gr","nm":"G","it":[{"ty":"sh","nm":"P","d":1,"ks":{"a":0,"k":{"c":true,"i":[[0,0],[0,0],[0,0],[0,0]],"o":[[0,0],[0,0],[0,0],[0,0]],"v":[[17.895,76.005],[-17.895,76.005],[-17.895,-76.005],[17.895,-76.005]]}}},{"ty":"fl","nm":"F","c":{"a":0,"k":[0.98,0.369,0.267]},"r":1,"o":{"a":0,"k":100}},{"ty":"tr","a":{"a":0,"k":[0,0]},"s":{"a":0,"k":[100,100]},"sk":{"a":0,"k":0},"p":{"a":0,"k":[1881.76,2653.744]},"r":{"a":0,"k":0},"sa":{"a":0,"k":0},"o":{"a":0,"k":100}}]}],"ind":15},{"ty":4,"nm":"8","sr":1,"st":0,"op":300,"ip":0,"hasMask":false,"ao":0,"ks":{"a":{"a":0,"k":[1804,2800.612,0]},"s":{"a":1,"k":[{"o":{"x":0.333,"y":0},"i":{"x":0.667,"y":1},"s":[54,0,100],"t":73},{"s":[54,54,100],"t":84}]},"sk":{"a":0,"k":0},"p":{"a":0,"k":[1409.268,1512.33,0]},"r":{"a":0,"k":0},"sa":{"a":0,"k":0},"o":{"a":0,"k":100}},"ef":[],"shapes":[{"ty":"gr","nm":"G","it":[{"ty":"sh","nm":"P","d":1,"ks":{"a":0,"k":{"c":true,"i":[[0,0],[0,0],[0,0],[0,0]],"o":[[0,0],[0,0],[0,0],[0,0]],"v":[[2.443,107.868],[-2.443,107.868],[-2.443,-107.869],[2.443,-107.869]]}}},{"ty":"fl","nm":"F","c":{"a":0,"k":[0.98,0.369,0.267]},"r":1,"o":{"a":0,"k":100}},{"ty":"tr","a":{"a":0,"k":[0,0]},"s":{"a":0,"k":[100,100]},"sk":{"a":0,"k":0},"p":{"a":0,"k":[1807.903,2693.205]},"r":{"a":0,"k":0},"sa":{"a":0,"k":0},"o":{"a":0,"k":100}}]},{"ty":"gr","nm":"G","it":[{"ty":"sh","nm":"P","d":1,"ks":{"a":0,"k":{"c":true,"i":[[0,0],[0,0],[0,0],[0,0]],"o":[[0,0],[0,0],[0,0],[0,0]],"v":[[17.894,76.004],[-17.895,76.004],[-17.895,-76.005],[17.894,-76.005]]}}},{"ty":"fl","nm":"F","c":{"a":0,"k":[0.98,0.369,0.267]},"r":1,"o":{"a":0,"k":100}},{"ty":"tr","a":{"a":0,"k":[0,0]},"s":{"a":0,"k":[100,100]},"sk":{"a":0,"k":0},"p":{"a":0,"k":[1807.904,2693.205]},"r":{"a":0,"k":0},"sa":{"a":0,"k":0},"o":{"a":0,"k":100}}]}],"ind":16},{"ty":4,"nm":"7","sr":1,"st":0,"op":300,"ip":0,"hasMask":false,"ao":0,"ks":{"a":{"a":0,"k":[1734.048,2708.882,0]},"s":{"a":1,"k":[{"o":{"x":0.333,"y":0},"i":{"x":0.667,"y":1},"s":[54,0,100],"t":69},{"s":[54,54,100],"t":80}]},"sk":{"a":0,"k":0},"p":{"a":0,"k":[1371.386,1462.796,0]},"r":{"a":0,"k":0},"sa":{"a":0,"k":0},"o":{"a":0,"k":100}},"ef":[],"shapes":[{"ty":"gr","nm":"G","it":[{"ty":"sh","nm":"P","d":1,"ks":{"a":0,"k":{"c":true,"i":[[0,0],[0,0],[0,0],[0,0]],"o":[[0,0],[0,0],[0,0],[0,0]],"v":[[4.299,189.824],[-4.298,189.824],[-4.298,-189.824],[4.299,-189.824]]}}},{"ty":"fl","nm":"F","c":{"a":0,"k":[0.357,0.706,0.655]},"r":1,"o":{"a":0,"k":100}},{"ty":"tr","a":{"a":0,"k":[0,0]},"s":{"a":0,"k":[100,100]},"sk":{"a":0,"k":0},"p":{"a":0,"k":[1734.047,2519.993]},"r":{"a":0,"k":0},"sa":{"a":0,"k":0},"o":{"a":0,"k":100}}]},{"ty":"gr","nm":"G","it":[{"ty":"sh","nm":"P","d":1,"ks":{"a":0,"k":{"c":true,"i":[[0,0],[0,0],[0,0],[0,0]],"o":[[0,0],[0,0],[0,0],[0,0]],"v":[[31.49,133.751],[-31.49,133.751],[-31.49,-133.751],[31.49,-133.751]]}}},{"ty":"fl","nm":"F","c":{"a":0,"k":[0.357,0.706,0.655]},"r":1,"o":{"a":0,"k":100}},{"ty":"tr","a":{"a":0,"k":[0,0]},"s":{"a":0,"k":[100,100]},"sk":{"a":0,"k":0},"p":{"a":0,"k":[1734.047,2519.993]},"r":{"a":0,"k":0},"sa":{"a":0,"k":0},"o":{"a":0,"k":100}}]}],"ind":17},{"ty":4,"nm":"6","sr":1,"st":0,"op":300,"ip":0,"hasMask":false,"ao":0,"ks":{"a":{"a":0,"k":[1660.19,2759.825,0]},"s":{"a":1,"k":[{"o":{"x":0.333,"y":0},"i":{"x":0.667,"y":1},"s":[54,0,100],"t":65},{"s":[54,54,100],"t":76}]},"sk":{"a":0,"k":0},"p":{"a":0,"k":[1331.503,1490.306,0]},"r":{"a":0,"k":0},"sa":{"a":0,"k":0},"o":{"a":0,"k":100}},"ef":[],"shapes":[{"ty":"gr","nm":"G","it":[{"ty":"sh","nm":"P","d":1,"ks":{"a":0,"k":{"c":true,"i":[[0,0],[0,0],[0,0],[0,0]],"o":[[0,0],[0,0],[0,0],[0,0]],"v":[[2.443,107.868],[-2.443,107.868],[-2.443,-107.868],[2.443,-107.868]]}}},{"ty":"fl","nm":"F","c":{"a":0,"k":[0.98,0.369,0.267]},"r":1,"o":{"a":0,"k":100}},{"ty":"tr","a":{"a":0,"k":[0,0]},"s":{"a":0,"k":[100,100]},"sk":{"a":0,"k":0},"p":{"a":0,"k":[1660.19,2652.418]},"r":{"a":0,"k":0},"sa":{"a":0,"k":0},"o":{"a":0,"k":100}}]},{"ty":"gr","nm":"G","it":[{"ty":"sh","nm":"P","d":1,"ks":{"a":0,"k":{"c":true,"i":[[0,0],[0,0],[0,0],[0,0]],"o":[[0,0],[0,0],[0,0],[0,0]],"v":[[17.894,76.004],[-17.894,76.004],[-17.894,-76.004],[17.894,-76.004]]}}},{"ty":"fl","nm":"F","c":{"a":0,"k":[0.98,0.369,0.267]},"r":1,"o":{"a":0,"k":100}},{"ty":"tr","a":{"a":0,"k":[0,0]},"s":{"a":0,"k":[100,100]},"sk":{"a":0,"k":0},"p":{"a":0,"k":[1660.19,2652.417]},"r":{"a":0,"k":0},"sa":{"a":0,"k":0},"o":{"a":0,"k":100}}]}],"ind":18},{"ty":4,"nm":"5","sr":1,"st":0,"op":300,"ip":0,"hasMask":false,"ao":0,"ks":{"a":{"a":0,"k":[1586.334,2856.807,0]},"s":{"a":1,"k":[{"o":{"x":0.333,"y":0},"i":{"x":0.667,"y":1},"s":[54,0,100],"t":61},{"s":[54,54,100],"t":72}]},"sk":{"a":0,"k":0},"p":{"a":0,"k":[1291.62,1542.676,0]},"r":{"a":0,"k":0},"sa":{"a":0,"k":0},"o":{"a":0,"k":100}},"ef":[],"shapes":[{"ty":"gr","nm":"G","it":[{"ty":"sh","nm":"P","d":1,"ks":{"a":0,"k":{"c":true,"i":[[0,0],[0,0],[0,0],[0,0]],"o":[[0,0],[0,0],[0,0],[0,0]],"v":[[2.443,107.868],[-2.443,107.868],[-2.443,-107.868],[2.443,-107.868]]}}},{"ty":"fl","nm":"F","c":{"a":0,"k":[0.98,0.369,0.267]},"r":1,"o":{"a":0,"k":100}},{"ty":"tr","a":{"a":0,"k":[0,0]},"s":{"a":0,"k":[100,100]},"sk":{"a":0,"k":0},"p":{"a":0,"k":[1586.333,2749]},"r":{"a":0,"k":0},"sa":{"a":0,"k":0},"o":{"a":0,"k":100}}]},{"ty":"gr","nm":"G","it":[{"ty":"sh","nm":"P","d":1,"ks":{"a":0,"k":{"c":true,"i":[[0,0],[0,0],[0,0],[0,0]],"o":[[0,0],[0,0],[0,0],[0,0]],"v":[[17.894,76.005],[-17.894,76.005],[-17.894,-76.005],[17.894,-76.005]]}}},{"ty":"fl","nm":"F","c":{"a":0,"k":[0.98,0.369,0.267]},"r":1,"o":{"a":0,"k":100}},{"ty":"tr","a":{"a":0,"k":[0,0]},"s":{"a":0,"k":[100,100]},"sk":{"a":0,"k":0},"p":{"a":0,"k":[1586.334,2749.399]},"r":{"a":0,"k":0},"sa":{"a":0,"k":0},"o":{"a":0,"k":100}}]}],"ind":19},{"ty":4,"nm":"4","sr":1,"st":0,"op":300,"ip":0,"hasMask":false,"ao":0,"ks":{"a":{"a":0,"k":[1508.774,2830.42,0]},"s":{"a":1,"k":[{"o":{"x":0.333,"y":0},"i":{"x":0.667,"y":1},"s":[54,0,100],"t":57},{"s":[54,54,100],"t":68}]},"sk":{"a":0,"k":0},"p":{"a":0,"k":[1249.738,1528.427,0]},"r":{"a":0,"k":0},"sa":{"a":0,"k":0},"o":{"a":0,"k":100}},"ef":[],"shapes":[{"ty":"gr","nm":"G","it":[{"ty":"sh","nm":"P","d":1,"ks":{"a":0,"k":{"c":true,"i":[[0,0],[0,0],[0,0],[0,0]],"o":[[0,0],[0,0],[0,0],[0,0]],"v":[[4.298,189.824],[-4.299,189.824],[-4.299,-189.824],[4.298,-189.824]]}}},{"ty":"fl","nm":"F","c":{"a":0,"k":[0.357,0.706,0.655]},"r":1,"o":{"a":0,"k":100}},{"ty":"tr","a":{"a":0,"k":[0,0]},"s":{"a":0,"k":[100,100]},"sk":{"a":0,"k":0},"p":{"a":0,"k":[1512.478,2641.531]},"r":{"a":0,"k":0},"sa":{"a":0,"k":0},"o":{"a":0,"k":100}}]},{"ty":"gr","nm":"G","it":[{"ty":"sh","nm":"P","d":1,"ks":{"a":0,"k":{"c":true,"i":[[0,0],[0,0],[0,0],[0,0]],"o":[[0,0],[0,0],[0,0],[0,0]],"v":[[31.49,133.751],[-31.49,133.751],[-31.49,-133.751],[31.49,-133.751]]}}},{"ty":"fl","nm":"F","c":{"a":0,"k":[0.357,0.706,0.655]},"r":1,"o":{"a":0,"k":100}},{"ty":"tr","a":{"a":0,"k":[0,0]},"s":{"a":0,"k":[100,100]},"sk":{"a":0,"k":0},"p":{"a":0,"k":[1512.478,2641.531]},"r":{"a":0,"k":0},"sa":{"a":0,"k":0},"o":{"a":0,"k":100}}]}],"ind":20},{"ty":4,"nm":"3","sr":1,"st":0,"op":300,"ip":0,"hasMask":false,"ao":0,"ks":{"a":{"a":0,"k":[1434.917,2595.537,0]},"s":{"a":1,"k":[{"o":{"x":0.333,"y":0},"i":{"x":0.667,"y":1},"s":[54,0,100],"t":53},{"s":[54,54,100],"t":64}]},"sk":{"a":0,"k":0},"p":{"a":0,"k":[1209.855,1401.59,0]},"r":{"a":0,"k":0},"sa":{"a":0,"k":0},"o":{"a":0,"k":100}},"ef":[],"shapes":[{"ty":"gr","nm":"G","it":[{"ty":"sh","nm":"P","d":1,"ks":{"a":0,"k":{"c":true,"i":[[0,0],[0,0],[0,0],[0,0]],"o":[[0,0],[0,0],[0,0],[0,0]],"v":[[2.443,107.869],[-2.443,107.869],[-2.443,-107.868],[2.443,-107.868]]}}},{"ty":"fl","nm":"F","c":{"a":0,"k":[0.98,0.369,0.267]},"r":1,"o":{"a":0,"k":100}},{"ty":"tr","a":{"a":0,"k":[0,0]},"s":{"a":0,"k":[100,100]},"sk":{"a":0,"k":0},"p":{"a":0,"k":[1438.62,2488.129]},"r":{"a":0,"k":0},"sa":{"a":0,"k":0},"o":{"a":0,"k":100}}]},{"ty":"gr","nm":"G","it":[{"ty":"sh","nm":"P","d":1,"ks":{"a":0,"k":{"c":true,"i":[[0,0],[0,0],[0,0],[0,0]],"o":[[0,0],[0,0],[0,0],[0,0]],"v":[[17.894,76.005],[-17.895,76.005],[-17.895,-76.004],[17.894,-76.004]]}}},{"ty":"fl","nm":"F","c":{"a":0,"k":[0.98,0.369,0.267]},"r":1,"o":{"a":0,"k":100}},{"ty":"tr","a":{"a":0,"k":[0,0]},"s":{"a":0,"k":[100,100]},"sk":{"a":0,"k":0},"p":{"a":0,"k":[1438.621,2488.129]},"r":{"a":0,"k":0},"sa":{"a":0,"k":0},"o":{"a":0,"k":100}}]}],"ind":21},{"ty":4,"nm":"2","sr":1,"st":0,"op":300,"ip":0,"hasMask":false,"ao":0,"ks":{"a":{"a":0,"k":[1364.765,2707.109,0]},"s":{"a":1,"k":[{"o":{"x":0.333,"y":0},"i":{"x":0.667,"y":1},"s":[54,0,100],"t":49},{"s":[54,54,100],"t":60}]},"sk":{"a":0,"k":0},"p":{"a":0,"k":[1171.973,1461.839,0]},"r":{"a":0,"k":0},"sa":{"a":0,"k":0},"o":{"a":0,"k":100}},"ef":[],"shapes":[{"ty":"gr","nm":"G","it":[{"ty":"sh","nm":"P","d":1,"ks":{"a":0,"k":{"c":true,"i":[[0,0],[0,0],[0,0],[0,0]],"o":[[0,0],[0,0],[0,0],[0,0]],"v":[[2.443,107.868],[-2.443,107.868],[-2.443,-107.868],[2.443,-107.868]]}}},{"ty":"fl","nm":"F","c":{"a":0,"k":[0.98,0.369,0.267]},"r":1,"o":{"a":0,"k":100}},{"ty":"tr","a":{"a":0,"k":[0,0]},"s":{"a":0,"k":[100,100]},"sk":{"a":0,"k":0},"p":{"a":0,"k":[1364.765,2595.998]},"r":{"a":0,"k":0},"sa":{"a":0,"k":0},"o":{"a":0,"k":100}}]},{"ty":"gr","nm":"G","it":[{"ty":"sh","nm":"P","d":1,"ks":{"a":0,"k":{"c":true,"i":[[0,0],[0,0],[0,0],[0,0]],"o":[[0,0],[0,0],[0,0],[0,0]],"v":[[17.894,76.004],[-17.895,76.004],[-17.895,-76.005],[17.894,-76.005]]}}},{"ty":"fl","nm":"F","c":{"a":0,"k":[0.98,0.369,0.267]},"r":1,"o":{"a":0,"k":100}},{"ty":"tr","a":{"a":0,"k":[0,0]},"s":{"a":0,"k":[100,100]},"sk":{"a":0,"k":0},"p":{"a":0,"k":[1364.765,2595.998]},"r":{"a":0,"k":0},"sa":{"a":0,"k":0},"o":{"a":0,"k":100}}]}],"ind":22},{"ty":4,"nm":"1","sr":1,"st":0,"op":300,"ip":0,"hasMask":false,"ao":0,"ks":{"a":{"a":0,"k":[1287.204,2753.628,0]},"s":{"a":1,"k":[{"o":{"x":0.333,"y":0},"i":{"x":0.667,"y":1},"s":[54,0,100],"t":45},{"s":[54,54,100],"t":56}]},"sk":{"a":0,"k":0},"p":{"a":0,"k":[1130.09,1486.959,0]},"r":{"a":0,"k":0},"sa":{"a":0,"k":0},"o":{"a":0,"k":100}},"ef":[],"shapes":[{"ty":"gr","nm":"G","it":[{"ty":"sh","nm":"P","d":1,"ks":{"a":0,"k":{"c":true,"i":[[0,0],[0,0],[0,0],[0,0]],"o":[[0,0],[0,0],[0,0],[0,0]],"v":[[4.299,189.824],[-4.298,189.824],[-4.298,-189.824],[4.299,-189.824]]}}},{"ty":"fl","nm":"F","c":{"a":0,"k":[0.357,0.706,0.655]},"r":1,"o":{"a":0,"k":100}},{"ty":"tr","a":{"a":0,"k":[0,0]},"s":{"a":0,"k":[100,100]},"sk":{"a":0,"k":0},"p":{"a":0,"k":[1290.908,2553.628]},"r":{"a":0,"k":0},"sa":{"a":0,"k":0},"o":{"a":0,"k":100}}]},{"ty":"gr","nm":"G","it":[{"ty":"sh","nm":"P","d":1,"ks":{"a":0,"k":{"c":true,"i":[[0,0],[0,0],[0,0],[0,0]],"o":[[0,0],[0,0],[0,0],[0,0]],"v":[[31.49,133.751],[-31.49,133.751],[-31.49,-133.751],[31.49,-133.751]]}}},{"ty":"fl","nm":"F","c":{"a":0,"k":[0.357,0.706,0.655]},"r":1,"o":{"a":0,"k":100}},{"ty":"tr","a":{"a":0,"k":[0,0]},"s":{"a":0,"k":[100,100]},"sk":{"a":0,"k":0},"p":{"a":0,"k":[1290.907,2553.627]},"r":{"a":0,"k":0},"sa":{"a":0,"k":0},"o":{"a":0,"k":100}}]}],"ind":23},{"ty":4,"nm":"l","sr":1,"st":0,"op":300,"ip":0,"hasMask":false,"ao":0,"ks":{"a":{"a":0,"k":[2573.158,1411.123,0]},"s":{"a":0,"k":[54,54,100]},"sk":{"a":0,"k":0},"p":{"a":0,"k":[1824.505,762.006,0]},"r":{"a":0,"k":0},"sa":{"a":0,"k":0},"o":{"a":0,"k":100}},"ef":[],"shapes":[{"ty":"gr","nm":"8","it":[{"ty":"sh","nm":"P","d":1,"ks":{"a":0,"k":{"c":true,"i":[[0,-45.87],[45.869,0],[0,45.87],[-45.87,0]],"o":[[0,45.87],[-45.87,0],[0,-45.87],[45.869,0]],"v":[[83.054,-0.001],[0,83.055],[-83.054,-0.001],[0,-83.055]]}}},{"ty":"st","nm":"S","lc":2,"lj":2,"ml":1,"o":{"a":0,"k":100},"w":{"a":0,"k":23},"c":{"a":0,"k":[1,1,1]}},{"ty":"fl","nm":"F","c":{"a":0,"k":[0.51,0.702,0.482]},"r":1,"o":{"a":0,"k":100}},{"ty":"tr","a":{"a":0,"k":[0,0]},"s":{"a":1,"k":[{"o":{"x":0.333,"y":0},"i":{"x":0.667,"y":1},"s":[0,0],"t":178},{"s":[100,100],"t":185}]},"sk":{"a":0,"k":0},"p":{"a":0,"k":[4012.077,1117.664]},"r":{"a":0,"k":0},"sa":{"a":0,"k":0},"o":{"a":0,"k":100}}]},{"ty":"gr","nm":"7","it":[{"ty":"sh","nm":"P","d":1,"ks":{"a":0,"k":{"c":true,"i":[[0,-45.87],[45.869,0],[0,45.87],[-45.87,0]],"o":[[0,45.87],[-45.87,0],[0,-45.87],[45.869,0]],"v":[[83.055,-0.001],[0,83.055],[-83.054,-0.001],[0,-83.055]]}}},{"ty":"st","nm":"S","lc":2,"lj":2,"ml":1,"o":{"a":0,"k":100},"w":{"a":0,"k":23},"c":{"a":0,"k":[1,1,1]}},{"ty":"fl","nm":"F","c":{"a":0,"k":[0.522,0.773,1]},"r":1,"o":{"a":0,"k":100}},{"ty":"tr","a":{"a":0,"k":[0,0]},"s":{"a":1,"k":[{"o":{"x":0.333,"y":0},"i":{"x":0.667,"y":1},"s":[0,0],"t":165},{"s":[100,100],"t":172}]},"sk":{"a":0,"k":0},"p":{"a":0,"k":[3769.143,1361.29]},"r":{"a":0,"k":0},"sa":{"a":0,"k":0},"o":{"a":0,"k":100}}]},{"ty":"gr","nm":"6","it":[{"ty":"sh","nm":"P","d":1,"ks":{"a":0,"k":{"c":true,"i":[[0,-45.87],[45.87,0],[0,45.87],[-45.869,0]],"o":[[0,45.87],[-45.869,0],[0,-45.87],[45.87,0]],"v":[[83.055,-0.001],[0,83.055],[-83.054,-0.001],[0,-83.055]]}}},{"ty":"st","nm":"S","lc":2,"lj":2,"ml":1,"o":{"a":0,"k":100},"w":{"a":0,"k":23},"c":{"a":0,"k":[1,1,1]}},{"ty":"fl","nm":"F","c":{"a":0,"k":[0.886,0.377,0.377]},"r":1,"o":{"a":0,"k":100}},{"ty":"tr","a":{"a":0,"k":[0,0]},"s":{"a":1,"k":[{"o":{"x":0.333,"y":0},"i":{"x":0.667,"y":1},"s":[0,0],"t":152},{"s":[100,100],"t":159}]},"sk":{"a":0,"k":0},"p":{"a":0,"k":[3433.464,1361.29]},"r":{"a":0,"k":0},"sa":{"a":0,"k":0},"o":{"a":0,"k":100}}]},{"ty":"gr","nm":"5","it":[{"ty":"sh","nm":"P","d":1,"ks":{"a":0,"k":{"c":true,"i":[[0,-45.87],[45.869,0],[0,45.87],[-45.87,0]],"o":[[0,45.87],[-45.87,0],[0,-45.87],[45.869,0]],"v":[[83.054,-0.001],[0,83.055],[-83.054,-0.001],[0,-83.055]]}}},{"ty":"st","nm":"S","lc":2,"lj":2,"ml":1,"o":{"a":0,"k":100},"w":{"a":0,"k":23},"c":{"a":0,"k":[1,1,1]}},{"ty":"fl","nm":"F","c":{"a":0,"k":[0.98,0.369,0.267]},"r":1,"o":{"a":0,"k":100}},{"ty":"tr","a":{"a":0,"k":[0,0]},"s":{"a":1,"k":[{"o":{"x":0.333,"y":0},"i":{"x":0.667,"y":1},"s":[0,0],"t":131},{"s":[100,100],"t":138}]},"sk":{"a":0,"k":0},"p":{"a":0,"k":[3045.876,1704.582]},"r":{"a":0,"k":0},"sa":{"a":0,"k":0},"o":{"a":0,"k":100}}]},{"ty":"gr","nm":"4","it":[{"ty":"sh","nm":"P","d":1,"ks":{"a":0,"k":{"c":true,"i":[[0,-45.87],[45.87,0],[0,45.87],[-45.869,0]],"o":[[0,45.87],[-45.869,0],[0,-45.87],[45.87,0]],"v":[[83.055,-0.001],[0,83.055],[-83.054,-0.001],[0,-83.055]]}}},{"ty":"st","nm":"S","lc":2,"lj":2,"ml":1,"o":{"a":0,"k":100},"w":{"a":0,"k":23},"c":{"a":0,"k":[1,1,1]}},{"ty":"fl","nm":"F","c":{"a":0,"k":[0.357,0.706,0.655]},"r":1,"o":{"a":0,"k":100}},{"ty":"tr","a":{"a":0,"k":[0,0]},"s":{"a":1,"k":[{"o":{"x":0.333,"y":0},"i":{"x":0.667,"y":1},"s":[0,0],"t":112},{"s":[100,100],"t":119}]},"sk":{"a":0,"k":0},"p":{"a":0,"k":[2649.983,1463.032]},"r":{"a":0,"k":0},"sa":{"a":0,"k":0},"o":{"a":0,"k":100}}]},{"ty":"gr","nm":"3","it":[{"ty":"sh","nm":"P","d":1,"ks":{"a":0,"k":{"c":true,"i":[[0,-45.87],[45.869,0],[0,45.87],[-45.87,0]],"o":[[0,45.87],[-45.87,0],[0,-45.87],[45.869,0]],"v":[[83.055,-0.001],[0,83.055],[-83.054,-0.001],[0,-83.055]]}}},{"ty":"st","nm":"S","lc":2,"lj":2,"ml":1,"o":{"a":0,"k":100},"w":{"a":0,"k":23},"c":{"a":0,"k":[1,1,1]}},{"ty":"fl","nm":"F","c":{"a":0,"k":[0.98,0.369,0.267]},"r":1,"o":{"a":0,"k":100}},{"ty":"tr","a":{"a":0,"k":[0,0]},"s":{"a":1,"k":[{"o":{"x":0.333,"y":0},"i":{"x":0.667,"y":1},"s":[0,0],"t":98},{"s":[100,100],"t":105}]},"sk":{"a":0,"k":0},"p":{"a":0,"k":[2353.755,1604.917]},"r":{"a":0,"k":0},"sa":{"a":0,"k":0},"o":{"a":0,"k":100}}]},{"ty":"gr","nm":"2","it":[{"ty":"sh","nm":"P","d":1,"ks":{"a":0,"k":{"c":true,"i":[[0,-45.87],[45.869,0],[0,45.87],[-45.87,0]],"o":[[0,45.87],[-45.87,0],[0,-45.87],[45.869,0]],"v":[[83.054,-0.001],[0,83.055],[-83.055,-0.001],[0,-83.055]]}}},{"ty":"st","nm":"S","lc":2,"lj":2,"ml":1,"o":{"a":0,"k":100},"w":{"a":0,"k":23},"c":{"a":0,"k":[1,1,1]}},{"ty":"fl","nm":"F","c":{"a":0,"k":[0.357,0.706,0.655]},"r":1,"o":{"a":0,"k":100}},{"ty":"tr","a":{"a":0,"k":[0,0]},"s":{"a":1,"k":[{"o":{"x":0.333,"y":0},"i":{"x":0.667,"y":1},"s":[0,0],"t":68},{"s":[100,100],"t":75}]},"sk":{"a":0,"k":0},"p":{"a":0,"k":[1685.167,1361.29]},"r":{"a":0,"k":0},"sa":{"a":0,"k":0},"o":{"a":0,"k":100}}]},{"ty":"gr","nm":"1","it":[{"ty":"sh","nm":"P","d":1,"ks":{"a":0,"k":{"c":true,"i":[[0,-45.87],[45.87,0],[0,45.87],[-45.869,0]],"o":[[0,45.87],[-45.869,0],[0,-45.87],[45.87,0]],"v":[[83.054,-0.001],[-0.001,83.055],[-83.055,-0.001],[-0.001,-83.055]]}}},{"ty":"st","nm":"S","lc":2,"lj":2,"ml":1,"o":{"a":0,"k":100},"w":{"a":0,"k":23},"c":{"a":0,"k":[1,1,1]}},{"ty":"fl","nm":"F","c":{"a":0,"k":[0.98,0.369,0.267]},"r":1,"o":{"a":0,"k":100}},{"ty":"tr","a":{"a":0,"k":[0,0]},"s":{"a":1,"k":[{"o":{"x":0.333,"y":0},"i":{"x":0.667,"y":1},"s":[0,0],"t":41},{"s":[100,100],"t":48}]},"sk":{"a":0,"k":0},"p":{"a":0,"k":[1134.24,1604.917]},"r":{"a":0,"k":0},"sa":{"a":0,"k":0},"o":{"a":0,"k":100}}]},{"ty":"gr","nm":"G","it":[{"ty":"sh","nm":"P","d":1,"ks":{"a":0,"k":{"c":false,"i":[[0,0],[0,0],[0,0],[0,0],[0,0],[0,0],[0,0],[0,0]],"o":[[0,0],[0,0],[0,0],[0,0],[0,0],[0,0],[0,0],[0,0]],"v":[[-1438.919,193.793],[-887.991,-55.129],[-222.171,193.793],[76.825,44.296],[472.719,293.459],[860.306,-49.833],[1198.06,-49.833],[1438.919,-293.459]]}}},{"ty":"tm","nm":"T","e":{"a":1,"k":[{"o":{"x":0.167,"y":0.167},"i":{"x":0.833,"y":0.833},"s":[0],"t":45},{"s":[100],"t":180}]},"o":{"a":0,"k":0},"s":{"a":0,"k":0},"m":1},{"ty":"st","nm":"S","lc":2,"lj":2,"ml":1,"o":{"a":0,"k":100},"w":{"a":0,"k":37},"c":{"a":0,"k":[1,1,1]}},{"ty":"tr","a":{"a":0,"k":[0,0]},"s":{"a":0,"k":[100,100]},"sk":{"a":0,"k":0},"p":{"a":0,"k":[2573.158,1411.123]},"r":{"a":0,"k":0},"sa":{"a":0,"k":0},"o":{"a":0,"k":100}}]}],"ind":24}]}]}