{"nm":"05","mn":"","layers":[{"ty":4,"nm":"Telefono - texto","mn":"","sr":1,"st":0,"op":1500,"ip":0,"hd":false,"cl":"","ln":"","ddd":0,"bm":0,"hasMask":false,"ao":0,"ks":{"a":{"a":0,"k":[250,250,0],"ix":1},"s":{"a":0,"k":[100,100,100],"ix":6},"sk":{"a":0,"k":0},"p":{"a":0,"k":[250,250,0],"ix":2},"r":{"a":0,"k":0,"ix":10},"sa":{"a":0,"k":0},"o":{"a":1,"k":[{"o":{"x":0.167,"y":0.167},"i":{"x":0.833,"y":0.833},"s":[0],"t":31},{"o":{"x":0.167,"y":0.167},"i":{"x":0.833,"y":0.833},"s":[100],"t":53},{"o":{"x":0.167,"y":0.167},"i":{"x":0.833,"y":0.833},"s":[100],"t":1421},{"o":{"x":0.167,"y":0.167},"i":{"x":0.833,"y":0.833},"s":[0],"t":1436}],"ix":11}},"ef":[],"shapes":[{"ty":"gr","bm":0,"cl":"","ln":"","hd":false,"mn":"ADBE Vector Group","nm":"Group 1","ix":1,"cix":2,"np":2,"it":[{"ty":"sh","bm":0,"cl":"","ln":"","hd":false,"mn":"ADBE Vector Shape - Group","nm":"Path 1","ix":1,"d":1,"ks":{"a":0,"k":{"c":true,"i":[[-0.43600000000000017,-7.096],[-2.962,-4.726],[-0.8199999999999998,-0.258],[-3.959,6.056],[-2.188,7.096],[-0.411,6.769],[1.526,-5.391]],"o":[[-2.543,-6.007999999999999],[-2.3520000000000003,-3.535],[-4.212,4.721],[-2.6100000000000003,6.976],[-1.085,7.096],[4.212999999999999,-0.019999999999999574],[0.865,-6.671]],"v":[[-1.489,-6.552],[-2.418,-3.672],[-3.544,3.741],[-2.979,6.724],[-1.772,7.096],[0.004,6.158],[1.409,-5.617]]},"ix":2},"_render":true},{"ty":"fl","bm":0,"cl":"","ln":"","hd":false,"mn":"ADBE Vector Graphic - Fill","nm":"Fill 1","c":{"a":0,"k":[0.3724,0.1657,0.0076,1],"ix":4},"r":1,"o":{"a":0,"k":100,"ix":5},"_render":true},{"ty":"tr","a":{"a":0,"k":[0,0],"ix":1},"s":{"a":0,"k":[100,100],"ix":3},"sk":{"a":0,"k":0,"ix":4},"p":{"a":0,"k":[222.264,265.546],"ix":2},"r":{"a":0,"k":0,"ix":6},"sa":{"a":0,"k":0,"ix":5},"o":{"a":0,"k":100,"ix":7},"_render":true}],"_render":true},{"ty":"gr","bm":0,"cl":"","ln":"","hd":false,"mn":"ADBE Vector Group","nm":"Group 2","ix":2,"cix":2,"np":2,"it":[{"ty":"sh","bm":0,"cl":"","ln":"","hd":false,"mn":"ADBE Vector Shape - Group","nm":"Path 1","ix":1,"d":1,"ks":{"a":0,"k":{"c":true,"i":[[7.762,-1.298],[5.765,-4.131],[-6.048,-0.045],[-7.762,1.565],[-6.235,4.131],[-4.876,4.093],[6.046,0.313]],"o":[[6.986,-3.5380000000000003],[4.643,-3.745],[-7.168,0.343],[-7.066999999999999,3.574],[-5.113,4.131],[-4.644,4.013],[7.167,-0.07500000000000001]],"v":[[7.374,-2.418],[4.643,-3.745],[-6.048,-0.045],[-7.374,2.686],[-5.346,4.131],[-4.644,4.013],[6.046,0.313]]},"ix":2},"_render":true},{"ty":"fl","bm":0,"cl":"","ln":"","hd":false,"mn":"ADBE Vector Graphic - Fill","nm":"Fill 1","c":{"a":0,"k":[0.3724,0.1657,0.0076,1],"ix":4},"r":1,"o":{"a":0,"k":100,"ix":5},"_render":true},{"ty":"tr","a":{"a":0,"k":[0,0],"ix":1},"s":{"a":0,"k":[100,100],"ix":3},"sk":{"a":0,"k":0,"ix":4},"p":{"a":0,"k":[235.878,256.401],"ix":2},"r":{"a":0,"k":0,"ix":6},"sa":{"a":0,"k":0,"ix":5},"o":{"a":0,"k":100,"ix":7},"_render":true}],"_render":true},{"ty":"gr","bm":0,"cl":"","ln":"","hd":false,"mn":"ADBE Vector Group","nm":"Group 3","ix":3,"cix":2,"np":2,"it":[{"ty":"sh","bm":0,"cl":"","ln":"","hd":false,"mn":"ADBE Vector Shape - Group","nm":"Path 1","ix":1,"d":1,"ks":{"a":0,"k":{"c":true,"i":[[11.293000000000001,-6.045],[-11.577,1.869],[-13.291,3.4789999999999996],[-11.765,6.045],[-10.405,6.007],[11.576,-1.601],[13.291,-3.2119999999999997]],"o":[[10.172,-5.659],[-12.697,2.257],[-12.596,5.4879999999999995],[-10.642,6.045],[-10.173,5.927],[12.697000000000001,-1.9889999999999999],[12.515,-5.452999999999999]],"v":[[10.172,-5.659],[-11.577,1.869],[-12.904,4.6],[-10.875,6.045],[-10.173,5.927],[11.576,-1.601],[12.903,-4.332]]},"ix":2},"_render":true},{"ty":"fl","bm":0,"cl":"","ln":"","hd":false,"mn":"ADBE Vector Graphic - Fill","nm":"Fill 1","c":{"a":0,"k":[0.3724,0.1657,0.0076,1],"ix":4},"r":1,"o":{"a":0,"k":100,"ix":5},"_render":true},{"ty":"tr","a":{"a":0,"k":[0,0],"ix":1},"s":{"a":0,"k":[100,100],"ix":3},"sk":{"a":0,"k":0,"ix":4},"p":{"a":0,"k":[201.94,268.108],"ix":2},"r":{"a":0,"k":0,"ix":6},"sa":{"a":0,"k":0,"ix":5},"o":{"a":0,"k":100,"ix":7},"_render":true}],"_render":true},{"ty":"gr","bm":0,"cl":"","ln":"","hd":false,"mn":"ADBE Vector Group","nm":"Group 4","ix":4,"cix":2,"np":2,"it":[{"ty":"sh","bm":0,"cl":"","ln":"","hd":false,"mn":"ADBE Vector Shape - Group","nm":"Path 1","ix":1,"d":1,"ks":{"a":0,"k":{"c":true,"i":[[-0.43700000000000006,-7.0969999999999995],[-2.963,-4.726],[-0.8209999999999997,-0.2589999999999999],[-3.959,6.055],[-2.189,7.096],[-0.412,6.768000000000001],[1.525,-5.391]],"o":[[-2.544,-6.009],[-2.353,-3.535],[-4.213,4.721],[-2.61,6.975],[-1.0869999999999997,7.096],[4.212,-0.019999999999999574],[0.8639999999999999,-6.671]],"v":[[-1.49,-6.553],[-2.419,-3.672],[-3.545,3.741],[-2.98,6.723],[-1.773,7.096],[0.003,6.158],[1.408,-5.617]]},"ix":2},"_render":true},{"ty":"fl","bm":0,"cl":"","ln":"","hd":false,"mn":"ADBE Vector Graphic - Fill","nm":"Fill 1","c":{"a":0,"k":[0.3724,0.1657,0.0076,1],"ix":4},"r":1,"o":{"a":0,"k":100,"ix":5},"_render":true},{"ty":"tr","a":{"a":0,"k":[0,0],"ix":1},"s":{"a":0,"k":[100,100],"ix":3},"sk":{"a":0,"k":0,"ix":4},"p":{"a":0,"k":[202.531,207.439],"ix":2},"r":{"a":0,"k":0,"ix":6},"sa":{"a":0,"k":0,"ix":5},"o":{"a":0,"k":100,"ix":7},"_render":true}],"_render":true},{"ty":"gr","bm":0,"cl":"","ln":"","hd":false,"mn":"ADBE Vector Group","nm":"Group 5","ix":5,"cix":2,"np":2,"it":[{"ty":"sh","bm":0,"cl":"","ln":"","hd":false,"mn":"ADBE Vector Shape - Group","nm":"Path 1","ix":1,"d":1,"ks":{"a":0,"k":{"c":true,"i":[[21.194,-5.933],[19.198,-8.768],[-19.478,4.592],[-21.194,6.201],[-19.668,8.769],[-18.308,8.73],[19.479,-4.324]],"o":[[20.419999999999998,-8.175],[18.077,-8.381],[-20.599,4.978999999999999],[-20.5,8.209999999999999],[-18.545,8.769],[-18.076,8.65],[20.599,-4.711]],"v":[[20.807,-7.054],[18.077,-8.381],[-19.478,4.592],[-20.807,7.321],[-18.777,8.769],[-18.076,8.65],[19.479,-4.324]]},"ix":2},"_render":true},{"ty":"fl","bm":0,"cl":"","ln":"","hd":false,"mn":"ADBE Vector Graphic - Fill","nm":"Fill 1","c":{"a":0,"k":[0.3724,0.1657,0.0076,1],"ix":4},"r":1,"o":{"a":0,"k":100,"ix":5},"_render":true},{"ty":"tr","a":{"a":0,"k":[0,0],"ix":1},"s":{"a":0,"k":[100,100],"ix":3},"sk":{"a":0,"k":0,"ix":4},"p":{"a":0,"k":[182.341,153.482],"ix":2},"r":{"a":0,"k":0,"ix":6},"sa":{"a":0,"k":0,"ix":5},"o":{"a":0,"k":100,"ix":7},"_render":true}],"_render":true},{"ty":"gr","bm":0,"cl":"","ln":"","hd":false,"mn":"ADBE Vector Group","nm":"Group 6","ix":6,"cix":2,"np":2,"it":[{"ty":"sh","bm":0,"cl":"","ln":"","hd":false,"mn":"ADBE Vector Shape - Group","nm":"Path 1","ix":1,"d":1,"ks":{"a":0,"k":{"c":true,"i":[[-6.234,4.132],[-4.8740000000000006,4.095000000000001],[6.048,0.314],[7.7620000000000005,-1.2959999999999998],[5.766,-4.132],[-6.046,-0.044],[-7.761,1.5670000000000002]],"o":[[-5.111000000000001,4.132],[-4.642,4.014],[7.168,-0.07300000000000001],[6.987,-3.537],[4.644,-3.743],[-7.167,0.34400000000000003],[-7.065,3.576]],"v":[[-5.344,4.132],[-4.642,4.014],[6.048,0.314],[7.375,-2.416],[4.644,-3.743],[-6.046,-0.044],[-7.373,2.688]]},"ix":2},"_render":true},{"ty":"fl","bm":0,"cl":"","ln":"","hd":false,"mn":"ADBE Vector Graphic - Fill","nm":"Fill 1","c":{"a":0,"k":[0.3724,0.1657,0.0076,1],"ix":4},"r":1,"o":{"a":0,"k":100,"ix":5},"_render":true},{"ty":"tr","a":{"a":0,"k":[0,0],"ix":1},"s":{"a":0,"k":[100,100],"ix":3},"sk":{"a":0,"k":0,"ix":4},"p":{"a":0,"k":[216.143,198.292],"ix":2},"r":{"a":0,"k":0,"ix":6},"sa":{"a":0,"k":0,"ix":5},"o":{"a":0,"k":100,"ix":7},"_render":true}],"_render":true},{"ty":"gr","bm":0,"cl":"","ln":"","hd":false,"mn":"ADBE Vector Group","nm":"Group 7","ix":7,"cix":2,"np":2,"it":[{"ty":"sh","bm":0,"cl":"","ln":"","hd":false,"mn":"ADBE Vector Shape - Group","nm":"Path 1","ix":1,"d":1,"ks":{"a":0,"k":{"c":true,"i":[[13.292,-3.2110000000000003],[11.294,-6.047000000000001],[-11.576,1.869],[-13.291,3.4799999999999995],[-11.764000000000001,6.046],[-10.404,6.009],[11.577,-1.6]],"o":[[12.517,-5.4510000000000005],[10.173,-5.658],[-12.697000000000001,2.257],[-12.595,5.4879999999999995],[-10.641,6.046],[-10.172,5.928],[12.698,-1.988]],"v":[[12.904,-4.331],[10.173,-5.658],[-11.576,1.869],[-12.903,4.6],[-10.874,6.046],[-10.172,5.928],[11.577,-1.6]]},"ix":2},"_render":true},{"ty":"fl","bm":0,"cl":"","ln":"","hd":false,"mn":"ADBE Vector Graphic - Fill","nm":"Fill 1","c":{"a":0,"k":[0.3724,0.1657,0.0076,1],"ix":4},"r":1,"o":{"a":0,"k":100,"ix":5},"_render":true},{"ty":"tr","a":{"a":0,"k":[0,0],"ix":1},"s":{"a":0,"k":[100,100],"ix":3},"sk":{"a":0,"k":0,"ix":4},"p":{"a":0,"k":[182.206,210],"ix":2},"r":{"a":0,"k":0,"ix":6},"sa":{"a":0,"k":0,"ix":5},"o":{"a":0,"k":100,"ix":7},"_render":true}],"_render":true},{"ty":"gr","bm":0,"cl":"","ln":"","hd":false,"mn":"ADBE Vector Group","nm":"Group 8","ix":8,"cix":2,"np":2,"it":[{"ty":"sh","bm":0,"cl":"","ln":"","hd":false,"mn":"ADBE Vector Shape - Group","nm":"Path 1","ix":1,"d":1,"ks":{"a":0,"k":{"c":true,"i":[[9.807,-1.999],[7.8100000000000005,-4.835000000000001],[-8.091,0.658],[-9.807,2.267],[-8.281,4.835],[-6.921,4.797000000000001],[8.092,-0.39]],"o":[[9.033,-4.241],[6.69,-4.448],[-9.212,1.045],[-9.113,4.277],[-7.158,4.835],[-6.689,4.716],[9.212,-0.777]],"v":[[9.42,-3.12],[6.69,-4.448],[-8.091,0.658],[-9.42,3.388],[-7.391,4.835],[-6.689,4.716],[8.092,-0.39]]},"ix":2},"_render":true},{"ty":"fl","bm":0,"cl":"","ln":"","hd":false,"mn":"ADBE Vector Graphic - Fill","nm":"Fill 1","c":{"a":0,"k":[0.3724,0.1657,0.0076,1],"ix":4},"r":1,"o":{"a":0,"k":100,"ix":5},"_render":true},{"ty":"tr","a":{"a":0,"k":[0,0],"ix":1},"s":{"a":0,"k":[100,100],"ix":3},"sk":{"a":0,"k":0,"ix":4},"p":{"a":0,"k":[166.66,145.966],"ix":2},"r":{"a":0,"k":0,"ix":6},"sa":{"a":0,"k":0,"ix":5},"o":{"a":0,"k":100,"ix":7},"_render":true}],"_render":true}],"ind":1,"parent":2,"completed":true},{"ty":4,"nm":"Telefono - frame","mn":"","sr":1,"st":0,"op":1500,"ip":0,"hd":false,"cl":"","ln":"","ddd":0,"bm":0,"hasMask":false,"ao":0,"ks":{"a":{"a":0,"k":[250,250,0],"ix":1},"s":{"a":0,"k":[100,100,100],"ix":6},"sk":{"a":0,"k":0},"p":{"a":0,"k":[250,250,0],"ix":2},"r":{"a":0,"k":0,"ix":10},"sa":{"a":0,"k":0},"o":{"a":1,"k":[{"o":{"x":0.167,"y":0.167},"i":{"x":0.833,"y":0.833},"s":[0],"t":31},{"o":{"x":0.167,"y":0.167},"i":{"x":0.833,"y":0.833},"s":[100],"t":53},{"o":{"x":0.167,"y":0.167},"i":{"x":0.833,"y":0.833},"s":[100],"t":1421},{"o":{"x":0.167,"y":0.167},"i":{"x":0.833,"y":0.833},"s":[0],"t":1436}],"ix":11}},"ef":[],"shapes":[{"ty":"gr","bm":0,"cl":"","ln":"","hd":false,"mn":"ADBE Vector Group","nm":"Group 1","ix":1,"cix":2,"np":4,"it":[{"ty":"sh","bm":0,"cl":"","ln":"","hd":false,"mn":"ADBE Vector Shape - Group","nm":"Path 1","ix":1,"d":1,"ks":{"a":0,"k":{"c":true,"i":[[93.787,100.232],[-1.89,133.892],[-14.452000000000002,133.016],[-94.661,-86.41],[-93.786,-98.972],[-72.944,-106.352],[-71.065,-101.239],[-66.166,-96.218],[-14.568,-115.18],[-9.548,-120.079],[-12.647,-128.511],[2.857,-133.891],[15.418999999999999,-133.017],[94.661,87.67]],"o":[[87.84,102.417],[-7.837,136.077],[-16.638,127.07],[-96.846,-92.357],[-87.84,-101.157],[-72.944,-106.352],[-69.845,-97.921],[-62.848,-97.437],[-11.25,-116.4],[-10.768,-123.398],[-12.647,-128.511],[8.803,-136.076],[17.604,-127.071],[96.84700000000001,93.617]],"v":[[87.84,102.417],[-1.89,133.892],[-16.638,127.07],[-94.661,-86.41],[-87.84,-101.157],[-72.944,-106.352],[-71.065,-101.239],[-62.848,-97.437],[-14.568,-115.18],[-10.768,-123.398],[-12.647,-128.511],[2.857,-133.891],[17.604,-127.071],[94.661,87.67]]},"ix":2},"_render":true},{"ty":"sh","bm":0,"cl":"","ln":"","hd":false,"mn":"ADBE Vector Shape - Group","nm":"Path 2","ix":2,"d":1,"ks":{"a":0,"k":{"c":true,"i":[[102.232,94.44],[22.082,-128.715],[9.626999999999999,-141.46300000000002],[-91.461,-104.744],[-102.232,-93.18],[-21.116,128.717],[-8.659999999999998,141.462],[89.486,106.895]],"o":[[99.139,86.025],[18.989,-137.131],[-0.765,-137.479],[-97.901,-102.542],[-99.139,-84.765],[-18.023,137.132],[-0.245,138.369],[97.90100000000001,103.80199999999999]],"v":[[99.139,86.025],[22.082,-128.715],[-0.765,-137.479],[-91.461,-104.744],[-99.139,-84.765],[-21.116,128.717],[-0.245,138.369],[89.486,106.895]]},"ix":2},"_render":true},{"ty":"mm","bm":0,"cl":"","ln":"","hd":false,"mn":"ADBE Vector Filter - Merge","nm":"Merge Paths 1","mm":1,"_render":true},{"ty":"fl","bm":0,"cl":"","ln":"","hd":false,"mn":"ADBE Vector Graphic - Fill","nm":"Fill 1","c":{"a":0,"k":[0.3724,0.1657,0.0076,1],"ix":4},"r":1,"o":{"a":0,"k":100,"ix":5},"_render":true},{"ty":"tr","a":{"a":0,"k":[0,0],"ix":1},"s":{"a":0,"k":[100,100],"ix":3},"sk":{"a":0,"k":0,"ix":4},"p":{"a":0,"k":[181.513,213.496],"ix":2},"r":{"a":0,"k":0,"ix":6},"sa":{"a":0,"k":0,"ix":5},"o":{"a":0,"k":100,"ix":7},"_render":true}],"_render":true},{"ty":"gr","bm":0,"cl":"","ln":"","hd":false,"mn":"ADBE Vector Group","nm":"Group 2","ix":2,"cix":2,"np":2,"it":[{"ty":"sh","bm":0,"cl":"","ln":"","hd":false,"mn":"ADBE Vector Shape - Group","nm":"Path 1","ix":1,"d":1,"ks":{"a":0,"k":{"c":true,"i":[[33.014,-12.767],[31.697,-14.125],[-32.477,9.192],[-33.834,10.507],[-33.014,12.767],[-31.697,14.125],[32.477,-9.191],[33.834,-10.507]],"o":[[32.688,-13.663],[30.801,-13.8],[-33.373,9.517],[-33.508,11.403],[-32.688,13.663],[-30.801,13.799],[33.373,-9.517000000000001],[33.509,-11.403]],"v":[[33.014,-12.767],[30.801,-13.8],[-32.477,9.192],[-33.508,11.403],[-33.014,12.767],[-30.801,13.799],[32.477,-9.191],[33.509,-11.403]]},"ix":2},"_render":true},{"ty":"fl","bm":0,"cl":"","ln":"","hd":false,"mn":"ADBE Vector Graphic - Fill","nm":"Fill 1","c":{"a":0,"k":[0.3724,0.1657,0.0076,1],"ix":4},"r":1,"o":{"a":0,"k":100,"ix":5},"_render":true},{"ty":"tr","a":{"a":0,"k":[0,0],"ix":1},"s":{"a":0,"k":[100,100],"ix":3},"sk":{"a":0,"k":0,"ix":4},"p":{"a":0,"k":[221.024,320.099],"ix":2},"r":{"a":0,"k":0,"ix":6},"sa":{"a":0,"k":0,"ix":5},"o":{"a":0,"k":100,"ix":7},"_render":true}],"_render":true}],"ind":2,"parent":7,"completed":true},{"ty":4,"nm":"Telefono - signos dolar 01","mn":"","sr":1,"st":0,"op":1500,"ip":0,"hd":false,"cl":"","ln":"","ddd":0,"bm":0,"hasMask":false,"ao":0,"ks":{"a":{"a":0,"k":[250,250,0],"ix":1},"s":{"a":0,"k":[100,100,100],"ix":6},"sk":{"a":0,"k":0},"p":{"a":0,"k":[250,250,0],"ix":2},"r":{"a":0,"k":0,"ix":10},"sa":{"a":0,"k":0},"o":{"a":1,"k":[{"o":{"x":0.167,"y":0.167},"i":{"x":0.833,"y":0.833},"s":[0],"t":31},{"o":{"x":0.167,"y":0.167},"i":{"x":0.833,"y":0.833},"s":[100],"t":53},{"o":{"x":0.167,"y":0.167},"i":{"x":0.833,"y":0.833},"s":[100],"t":1421},{"o":{"x":0.167,"y":0.167},"i":{"x":0.833,"y":0.833},"s":[0],"t":1436}],"ix":11}},"ef":[],"shapes":[{"ty":"gr","bm":0,"cl":"","ln":"","hd":false,"mn":"ADBE Vector Group","nm":"Group 1","ix":1,"cix":2,"np":2,"it":[{"ty":"sh","bm":0,"cl":"","ln":"","hd":false,"mn":"ADBE Vector Shape - Group","nm":"Path 1","ix":1,"d":1,"ks":{"a":0,"k":{"c":true,"i":[[8.655000000000001,21.801],[6.49,14.952],[12.700999999999999,6.969],[5.2,-4.359],[-7.221,-4.31],[-9.982,-11.703000000000001],[1.507,-10.214],[2.351,-8.389],[3.963,-11.601],[-1.976,-16.267],[-6.42,-21.48],[-7.384,-22.615000000000002],[-9.382000000000001,-21.387999999999998],[-7.214,-15.119],[-7.367,-15.048],[-11.33,-6.246],[-10.985999999999999,-5.055000000000001],[-0.676,-0.377],[6.940999999999999,-2.407],[4.281,12.943],[-4.675,9.368],[-6.611,7.727],[-8.202,7.843999999999999],[-4.959,13.684],[3.75,15.958],[4.824,19.313],[6.982,22.437]],"o":[[7.797000000000001,19.151],[11.361,11.939],[9.513,-1.5759999999999996],[-5.5649999999999995,-1.9649999999999999],[-8.378,-5.295999999999999],[0.16799999999999926,-14.261000000000001],[1.507,-10.214],[5.255,-9.605],[1.621,-15.875],[-4.487,-15.893],[-6.659,-22.173000000000002],[-8.925,-22.239],[-9.114,-20.612],[-7.311000000000001,-15.076],[-12.701,-12.059000000000001],[-11.018,-5.144],[-7.702999999999999,2.1819999999999995],[-0.676,-0.377],[10.370999999999999,10.844999999999999],[-2.0410000000000004,15.129999999999999],[-5.127,7.3870000000000005],[-6.611,7.727],[-6.792,11.92],[-0.8479999999999999,17.317],[3.75,15.958],[5.965999999999999,22.615],[7.553999999999999,22.239]],"v":[[8.226,20.476],[6.49,14.952],[11.107,2.697],[-0.183,-3.162],[-7.221,-4.31],[-5.057,-12.944],[1.507,-10.214],[3.803,-8.997],[3.963,-11.601],[-4.487,-15.893],[-6.42,-21.48],[-8.102,-22.44],[-9.114,-20.612],[-7.214,-15.119],[-7.367,-15.048],[-11.044,-5.235],[-10.947,-4.969],[-0.676,-0.377],[8.681,4.316],[4.281,12.943],[-4.675,9.368],[-6.611,7.727],[-7.497,9.882],[-4.959,13.684],[3.75,15.958],[5.395,20.964],[7.268,22.338]]},"ix":2},"_render":true},{"ty":"fl","bm":0,"cl":"","ln":"","hd":false,"mn":"ADBE Vector Graphic - Fill","nm":"Fill 1","c":{"a":0,"k":[0.868,0.7859,0.252,1],"ix":4},"r":1,"o":{"a":0,"k":100,"ix":5},"_render":true},{"ty":"tr","a":{"a":0,"k":[0,0],"ix":1},"s":{"a":0,"k":[100,100],"ix":3},"sk":{"a":0,"k":0,"ix":4},"p":{"a":0,"k":[151.521,222.879],"ix":2},"r":{"a":0,"k":0,"ix":6},"sa":{"a":0,"k":0,"ix":5},"o":{"a":0,"k":100,"ix":7},"_render":true}],"_render":true}],"ind":3,"parent":2,"completed":true},{"ty":4,"nm":"Telefono - signos dolar 02","mn":"","sr":1,"st":0,"op":1500,"ip":0,"hd":false,"cl":"","ln":"","ddd":0,"bm":0,"hasMask":false,"ao":0,"ks":{"a":{"a":0,"k":[250,250,0],"ix":1},"s":{"a":0,"k":[100,100,100],"ix":6},"sk":{"a":0,"k":0},"p":{"a":0,"k":[250,250,0],"ix":2},"r":{"a":0,"k":0,"ix":10},"sa":{"a":0,"k":0},"o":{"a":1,"k":[{"o":{"x":0.167,"y":0.167},"i":{"x":0.833,"y":0.833},"s":[0],"t":31},{"o":{"x":0.167,"y":0.167},"i":{"x":0.833,"y":0.833},"s":[100],"t":53},{"o":{"x":0.167,"y":0.167},"i":{"x":0.833,"y":0.833},"s":[100],"t":1421},{"o":{"x":0.167,"y":0.167},"i":{"x":0.833,"y":0.833},"s":[0],"t":1436}],"ix":11}},"ef":[],"shapes":[{"ty":"gr","bm":0,"cl":"","ln":"","hd":false,"mn":"ADBE Vector Group","nm":"Group 1","ix":1,"cix":2,"np":2,"it":[{"ty":"sh","bm":0,"cl":"","ln":"","hd":false,"mn":"ADBE Vector Shape - Group","nm":"Path 1","ix":1,"d":1,"ks":{"a":0,"k":{"c":true,"i":[[12.700999999999999,6.968999999999999],[5.199999999999999,-4.359999999999999],[-7.221,-4.311],[-9.982,-11.704],[1.507,-10.214],[2.352,-8.389999999999999],[3.963,-11.602],[-1.976,-16.267],[-6.42,-21.481],[-7.383000000000001,-22.615],[-9.382,-21.387999999999998],[-7.213,-15.12],[-7.366,-15.049],[-11.33,-6.247],[-10.985999999999999,-5.056],[-0.676,-0.378],[6.940999999999999,-2.4079999999999995],[4.281,12.943],[-4.675,9.368],[-6.611,7.726],[-8.202,7.843],[-4.959,13.683],[3.751,15.957],[4.824,19.312],[6.982,22.437],[8.655000000000001,21.8],[6.491,14.952]],"o":[[9.513,-1.5769999999999995],[-5.565,-1.9659999999999997],[-8.378,-5.297],[0.1689999999999996,-14.262],[1.507,-10.214],[5.255,-9.604999999999999],[1.621,-15.876000000000001],[-4.487,-15.894],[-6.659,-22.173000000000002],[-8.925,-22.24],[-9.113,-20.613],[-7.311,-15.075999999999999],[-12.701,-12.059],[-11.018,-5.145],[-7.702999999999999,2.181],[-0.676,-0.378],[10.372,10.845],[-2.0410000000000004,15.129],[-5.127,7.386],[-6.611,7.726],[-6.792,11.92],[-0.8479999999999999,17.316],[3.751,15.957],[5.965999999999999,22.615000000000002],[7.553999999999999,22.239],[7.797000000000001,19.150000000000002],[11.362,11.938]],"v":[[11.107,2.696],[-0.182,-3.163],[-7.221,-4.311],[-5.056,-12.945],[1.507,-10.214],[3.803,-8.998],[3.963,-11.602],[-4.487,-15.894],[-6.42,-21.481],[-8.101,-22.441],[-9.113,-20.613],[-7.213,-15.12],[-7.366,-15.049],[-11.044,-5.236],[-10.947,-4.969],[-0.676,-0.378],[8.681,4.315],[4.281,12.943],[-4.675,9.368],[-6.611,7.726],[-7.497,9.882],[-4.959,13.683],[3.751,15.957],[5.395,20.963],[7.268,22.338],[8.226,20.475],[6.491,14.952]]},"ix":2},"_render":true},{"ty":"fl","bm":0,"cl":"","ln":"","hd":false,"mn":"ADBE Vector Graphic - Fill","nm":"Fill 1","c":{"a":0,"k":[0.868,0.7859,0.252,1],"ix":4},"r":1,"o":{"a":0,"k":100,"ix":5},"_render":true},{"ty":"tr","a":{"a":0,"k":[0,0],"ix":1},"s":{"a":0,"k":[100,100],"ix":3},"sk":{"a":0,"k":0,"ix":4},"p":{"a":0,"k":[171.081,279.175],"ix":2},"r":{"a":0,"k":0,"ix":6},"sa":{"a":0,"k":0,"ix":5},"o":{"a":0,"k":100,"ix":7},"_render":true}],"_render":true}],"ind":4,"parent":2,"completed":true},{"ty":4,"nm":"icono user borde","mn":"","sr":1,"st":0,"op":1500,"ip":0,"hd":false,"cl":"","ln":"","ddd":0,"bm":0,"hasMask":false,"ao":0,"ks":{"a":{"a":0,"k":[250,250,0],"ix":1},"s":{"a":0,"k":[100,100,100],"ix":6},"sk":{"a":0,"k":0},"p":{"a":0,"k":[250,250,0],"ix":2},"r":{"a":0,"k":0,"ix":10},"sa":{"a":0,"k":0},"o":{"a":1,"k":[{"o":{"x":0.167,"y":0.167},"i":{"x":0.833,"y":0.833},"s":[0],"t":31},{"o":{"x":0.167,"y":0.167},"i":{"x":0.833,"y":0.833},"s":[100],"t":53},{"o":{"x":0.167,"y":0.167},"i":{"x":0.833,"y":0.833},"s":[100],"t":1421},{"o":{"x":0.167,"y":0.167},"i":{"x":0.833,"y":0.833},"s":[0],"t":1436}],"ix":11}},"ef":[],"shapes":[{"ty":"gr","bm":0,"cl":"","ln":"","hd":false,"mn":"ADBE Vector Group","nm":"Group 1","ix":1,"cix":2,"np":5,"it":[{"ty":"sh","bm":0,"cl":"","ln":"","hd":false,"mn":"ADBE Vector Shape - Group","nm":"Path 1","ix":1,"d":1,"ks":{"a":0,"k":{"c":true,"i":[[0.251,-1.642],[8.094000000000001,0.08999999999999986],[10.179,7.115],[-8.102,13.908],[-9.538,9.39],[-9.877,5.301],[-6.009,0.14300000000000002],[-0.975,-1.367]],"o":[[4.246,-2.2399999999999998],[9.21,3.78],[10.179,7.115],[-8.102,13.908],[-10.123000000000001,7.409000000000001],[-7.776000000000001,1.546],[-3.867,-0.499],[-0.975,-1.367]],"v":[[0.251,-1.642],[9.21,3.78],[10.179,7.115],[-8.102,13.908],[-9.538,9.39],[-8.842,3.451],[-3.867,-0.499],[-0.975,-1.367]]},"ix":2},"_render":true},{"ty":"sh","bm":0,"cl":"","ln":"","hd":false,"mn":"ADBE Vector Shape - Group","nm":"Path 2","ix":2,"d":1,"ks":{"a":0,"k":{"c":true,"i":[[-8.561,-13.792000000000002],[-1.001,-12.782],[-2.011,-5.221],[-9.57,-6.231]],"o":[[-3.4099999999999997,-14.564],[-0.22899999999999998,-7.630999999999999],[-7.162000000000001,-4.45],[-10.341999999999999,-11.383000000000001]],"v":[[-5.986,-14.178],[-0.615,-10.206],[-4.586,-4.836],[-9.956,-8.807]]},"ix":2},"_render":true},{"ty":"sh","bm":0,"cl":"","ln":"","hd":false,"mn":"ADBE Vector Shape - Group","nm":"Path 3","ix":3,"d":1,"ks":{"a":0,"k":{"c":true,"i":[[13.242,2.586],[7.629,-5.359],[3.8529999999999998,-9.39],[-1.6559999999999997,-18.841],[-14.869,-13.209999999999999],[-12.089,-3.182],[-14.94,6.024],[-11.816,16.109],[-9.304,18.841],[12.453,10.757],[14.939,8.417]],"o":[[11.816,-2.1670000000000003],[3.596,-7.51],[2.551,-15.739],[-11.276,-17.885],[-13.706,-5.443],[-13.352,1.214],[-13.558,10.628],[-11.248000000000001,17.893],[-7.549,18.189],[14.064,10.158],[14.458,6.768]],"v":[[13.242,2.586],[2.861,-5.869],[3.46,-11.308],[-6.156,-18.393],[-14.116,-8.184],[-9.887,-1.855],[-13.558,10.628],[-11.816,16.109],[-7.549,18.189],[12.453,10.757],[14.458,6.768]]},"ix":2},"_render":true},{"ty":"mm","bm":0,"cl":"","ln":"","hd":false,"mn":"ADBE Vector Filter - Merge","nm":"Merge Paths 1","mm":1,"_render":true},{"ty":"fl","bm":0,"cl":"","ln":"","hd":false,"mn":"ADBE Vector Graphic - Fill","nm":"Fill 1","c":{"a":0,"k":[0.3724,0.1657,0.0076,1],"ix":4},"r":1,"o":{"a":0,"k":100,"ix":5},"_render":true},{"ty":"tr","a":{"a":0,"k":[0,0],"ix":1},"s":{"a":0,"k":[100,100],"ix":3},"sk":{"a":0,"k":0,"ix":4},"p":{"a":0,"k":[135.455,165.215],"ix":2},"r":{"a":0,"k":0,"ix":6},"sa":{"a":0,"k":0,"ix":5},"o":{"a":0,"k":100,"ix":7},"_render":true}],"_render":true}],"ind":5,"parent":2,"completed":true},{"ty":4,"nm":"icono user fill","mn":"","sr":1,"st":0,"op":1500,"ip":0,"hd":false,"cl":"","ln":"","ddd":0,"bm":0,"hasMask":false,"ao":0,"ks":{"a":{"a":0,"k":[250,250,0],"ix":1},"s":{"a":0,"k":[100,100,100],"ix":6},"sk":{"a":0,"k":0},"p":{"a":0,"k":[250,250,0],"ix":2},"r":{"a":0,"k":0,"ix":10},"sa":{"a":0,"k":0},"o":{"a":1,"k":[{"o":{"x":0.167,"y":0.167},"i":{"x":0.833,"y":0.833},"s":[0],"t":31},{"o":{"x":0.167,"y":0.167},"i":{"x":0.833,"y":0.833},"s":[100],"t":53},{"o":{"x":0.167,"y":0.167},"i":{"x":0.833,"y":0.833},"s":[100],"t":1421},{"o":{"x":0.167,"y":0.167},"i":{"x":0.833,"y":0.833},"s":[0],"t":1436}],"ix":11}},"ef":[],"shapes":[{"ty":"gr","bm":0,"cl":"","ln":"","hd":false,"mn":"ADBE Vector Group","nm":"Group 1","ix":1,"cix":2,"np":2,"it":[{"ty":"sh","bm":0,"cl":"","ln":"","hd":false,"mn":"ADBE Vector Shape - Group","nm":"Path 1","ix":1,"d":1,"ks":{"a":0,"k":{"c":true,"i":[[10.668999999999999,-11.995000000000001],[-9.198,11.995],[15.077,2.848]],"o":[[-15.077,-3.3850000000000007],[-9.198,11.995],[15.077,2.848]],"v":[[-2.204,-7.69],[-9.198,11.995],[15.077,2.848]]},"ix":2},"_render":true},{"ty":"fl","bm":0,"cl":"","ln":"","hd":false,"mn":"ADBE Vector Graphic - Fill","nm":"Fill 1","c":{"a":0,"k":[0.9961,0.9608,0.7412,1],"ix":4},"r":1,"o":{"a":0,"k":100,"ix":5},"_render":true},{"ty":"tr","a":{"a":0,"k":[0,0],"ix":1},"s":{"a":0,"k":[100,100],"ix":3},"sk":{"a":0,"k":0,"ix":4},"p":{"a":0,"k":[140.9,171.901],"ix":2},"r":{"a":0,"k":0,"ix":6},"sa":{"a":0,"k":0,"ix":5},"o":{"a":0,"k":100,"ix":7},"_render":true}],"_render":true},{"ty":"gr","bm":0,"cl":"","ln":"","hd":false,"mn":"ADBE Vector Group","nm":"Group 2","ix":2,"cix":2,"np":2,"it":[{"ty":"sh","bm":0,"cl":"","ln":"","hd":false,"mn":"ADBE Vector Shape - Group","nm":"Path 1","ix":1,"d":1,"ks":{"a":0,"k":{"c":true,"i":[[-3.681,6.664],[6.665,3.681],[3.681,-6.664],[-6.665,-3.681]],"o":[[3.681,6.664],[6.665,-3.681],[-3.681,-6.664],[-6.665,3.681]],"v":[[0,6.664],[6.665,0],[0,-6.664],[-6.665,0]]},"ix":2},"_render":true},{"ty":"fl","bm":0,"cl":"","ln":"","hd":false,"mn":"ADBE Vector Graphic - Fill","nm":"Fill 1","c":{"a":0,"k":[0.9961,0.9608,0.7412,1],"ix":4},"r":1,"o":{"a":0,"k":100,"ix":5},"_render":true},{"ty":"tr","a":{"a":0,"k":[0,0],"ix":1},"s":{"a":0,"k":[100,100],"ix":3},"sk":{"a":0,"k":0,"ix":4},"p":{"a":0,"k":[136.398,157.954],"ix":2},"r":{"a":0,"k":0,"ix":6},"sa":{"a":0,"k":0,"ix":5},"o":{"a":0,"k":100,"ix":7},"_render":true}],"_render":true}],"ind":6,"parent":5,"completed":true},{"ty":4,"nm":"***Mano Borde","mn":"","sr":1,"st":0,"op":1500,"ip":0,"hd":false,"cl":"","ln":"","ddd":0,"bm":0,"hasMask":false,"ao":0,"ks":{"a":{"a":0,"k":[102,416,0],"ix":1},"s":{"a":1,"k":[{"o":{"x":0.333,"y":0},"i":{"x":0.833,"y":0.833},"s":[70,70,100],"t":30},{"o":{"x":0.167,"y":0},"i":{"x":0.667,"y":1},"s":[100,100,100],"t":48},{"o":{"x":0.333,"y":0},"i":{"x":0.833,"y":0.833},"s":[100,100,100],"t":1421},{"o":{"x":0.167,"y":0.167},"i":{"x":0.833,"y":0.833},"s":[70,70,100],"t":1436}],"ix":6},"sk":{"a":0,"k":0},"p":{"a":1,"k":[{"o":{"x":0.333,"y":0},"i":{"x":0.833,"y":0.833},"s":[72,416,0],"t":31,"ti":null,"to":null},{"o":{"x":0.167,"y":0.167},"i":{"x":0.635,"y":0.635},"s":[102,416,0],"t":48,"ti":null,"to":null},{"o":{"x":0.253,"y":0},"i":{"x":0.599,"y":1},"s":[102,416,0],"t":91,"ti":null,"to":null},{"o":{"x":0.301,"y":0},"i":{"x":0.643,"y":0.829},"s":[82,436,0],"t":360,"ti":[-3.191,3.191,0],"to":[0,0,0]},{"o":{"x":0.329,"y":0.109},"i":{"x":0.67,"y":0.913},"s":[87.647,410.353,0],"t":720,"ti":[-2.977,-2.583,0],"to":[3.346,-3.346,0]},{"o":{"x":0.352,"y":0.146},"i":{"x":0.694,"y":1},"s":[118.123,431.837,0],"t":1079,"ti":[0,0,0],"to":[2.285,1.983,0]},{"o":{"x":0.333,"y":0},"i":{"x":0.833,"y":0.833},"s":[102,416,0],"t":1421,"ti":[7.5,-7.833,0],"to":[-7.5,7.833,0]},{"o":{"x":0.167,"y":0.167},"i":{"x":0.833,"y":0.833},"s":[57,463,0],"t":1436}],"ix":2},"r":{"a":1,"k":[{"o":{"x":0.333,"y":0},"i":{"x":0.667,"y":1},"s":[66],"t":30},{"o":{"x":0.167,"y":0.167},"i":{"x":0.833,"y":0.833},"s":[-10],"t":48},{"o":{"x":0.167,"y":0},"i":{"x":0.667,"y":1},"s":[0],"t":59},{"o":{"x":0.333,"y":0},"i":{"x":0.667,"y":1},"s":[0],"t":1406},{"o":{"x":0.333,"y":0},"i":{"x":0.833,"y":0.833},"s":[-10],"t":1421},{"o":{"x":0.167,"y":0.167},"i":{"x":0.833,"y":0.833},"s":[45],"t":1436}],"ix":10},"sa":{"a":0,"k":0},"o":{"a":1,"k":[{"o":{"x":0.333,"y":0},"i":{"x":0.833,"y":0.833},"s":[0],"t":30},{"o":{"x":0.167,"y":0},"i":{"x":0.667,"y":1},"s":[100],"t":48},{"o":{"x":0.333,"y":0},"i":{"x":0.833,"y":0.833},"s":[100],"t":1421},{"o":{"x":0.167,"y":0.167},"i":{"x":0.833,"y":0.833},"s":[0],"t":1436}],"ix":11}},"ef":[],"shapes":[{"ty":"gr","bm":0,"cl":"","ln":"","hd":false,"mn":"ADBE Vector Group","nm":"Group 1","ix":1,"cix":2,"np":4,"it":[{"ty":"sh","bm":0,"cl":"","ln":"","hd":false,"mn":"ADBE Vector Shape - Group","nm":"Path 1","ix":1,"d":1,"ks":{"a":0,"k":{"c":true,"i":[[-37.123,-109.92399999999999],[-38.008,-109.06200000000001],[-41.49,-124.839],[-38.16,-114.74900000000001]],"o":[[-37.434999999999995,-109.458],[-43.459,-120.99300000000001],[-39.539,-122.05499999999999],[-37.196999999999996,-110.70400000000001]],"v":[[-37.288,-109.678],[-40.079,-108.629],[-40.271,-125.99],[-37.504,-111.995]]},"ix":2},"_render":true},{"ty":"sh","bm":0,"cl":"","ln":"","hd":false,"mn":"ADBE Vector Shape - Group","nm":"Path 2","ix":2,"d":1,"ks":{"a":0,"k":{"c":true,"i":[[59.854,46.166],[42.421,47.442],[2.0780000000000003,-59.857],[0.732,-63.526],[-1.572,-61.832],[-4.059,-60.603],[-4.44,-60.773],[-12.968,-89.04899999999999],[-21.035,-114.901],[-26.417,-122.64999999999999],[-37.713,-132.04299999999998],[-48.865,-122.637],[-38.93000000000001,-54.908],[-42.912,-24.39],[-40.202,31.181000000000004],[-44.503,51.721],[-64.166,103.361],[-60.413,105.477],[-45.88,74.07900000000001],[-34.924,36.705],[-34.668,35.959],[-34.818,35.347],[-42.123000000000005,5.057000000000002],[-38.222,-27.153],[-31.463,-79.02],[-35.037,-106.17999999999999],[-33.361,-111.074],[-35.697,-122.282],[-32.272,-123.827],[-29.188,-119.113],[-22.236,-109.103],[-17.482,-89.177],[-10.259,-64.652],[-6.9830000000000005,-57.027],[-2.6319999999999997,-56.373],[34.119,39.85],[47.488,53.734],[47.661,70.442],[15.101,129.601],[18.865,132.042],[27.631,102.07600000000001],[62.329,49.696000000000005],[64.309,44.49]],"o":[[49.324,50.129999999999995],[37.882,37.76],[1.717,-60.842],[0.732,-63.526],[-3.465,-60.44],[-4.068,-60.606],[-6.131,-65.848],[-18.253,-110.89699999999999],[-25.638,-121.529],[-31.205000000000002,-130.12],[-45.367,-128.50799999999998],[-35.732,-79.423],[-42.46,-27.852],[-46.269,3.567],[-40.122,38.664],[-49.938,72.626],[-64.309,103.67],[-59.821,104.2],[-40.062,51.704],[-34.873,36.555],[-34.668,35.959],[-34.891,35.048],[-38.651,-23.855999999999998],[-34.805,-53.34],[-36.692,-105.461],[-33.032999999999994,-109.176],[-34.397999999999996,-115.43],[-34.445,-125.536],[-29.989,-120.265],[-24.694,-112.642],[-17.51,-89.285],[-17.186999999999998,-88.17800000000001],[-8.179,-58.413],[-3.9970000000000003,-56.079],[4.298,-41.340999999999994],[39.497,51.32],[53.972,57.882000000000005],[23.740000000000002,100.05799999999999],[14.74,130.85],[18.950999999999997,131.744],[55.403999999999996,67.69],[62.617,48.938],[64.309,44.49]],"v":[[59.854,46.166],[40.464,43.269],[1.717,-60.842],[0.732,-63.526],[-1.572,-61.832],[-4.064,-60.604],[-4.846,-61.99],[-13.347,-90.336],[-24.885,-120.445],[-27.268,-123.978],[-41.482,-130.301],[-43.463,-104.863],[-42.023,-31.199],[-43.314,-21.039],[-39.135,35.752],[-47.092,61.678],[-64.309,103.67],[-60.413,105.477],[-42.936,62.758],[-34.873,36.555],[-34.668,35.959],[-34.818,35.347],[-39.051,-20.528],[-37.767,-30.643],[-39.017,-104.951],[-34.117,-107.556],[-33.791,-112.879],[-36.441,-126.27],[-30.883,-121.66],[-28.413,-117.997],[-17.51,-89.285],[-17.482,-89.177],[-8.919,-60.632],[-5.363,-56.513],[-1.42,-56.922],[36.577,45.091],[56.831,51.566],[37.93,82.49],[14.74,130.85],[18.865,132.042],[41.271,85.188],[62.617,48.938],[64.309,44.49]]},"ix":2},"_render":true},{"ty":"mm","bm":0,"cl":"","ln":"","hd":false,"mn":"ADBE Vector Filter - Merge","nm":"Merge Paths 1","mm":1,"_render":true},{"ty":"fl","bm":0,"cl":"","ln":"","hd":false,"mn":"ADBE Vector Graphic - Fill","nm":"Fill 1","c":{"a":0,"k":[0.3724,0.1657,0.0076,1],"ix":4},"r":1,"o":{"a":0,"k":100,"ix":5},"_render":true},{"ty":"tr","a":{"a":0,"k":[0,0],"ix":1},"s":{"a":0,"k":[100,100],"ix":3},"sk":{"a":0,"k":0,"ix":4},"p":{"a":0,"k":[124.824,300.075],"ix":2},"r":{"a":0,"k":0,"ix":6},"sa":{"a":0,"k":0,"ix":5},"o":{"a":0,"k":100,"ix":7},"_render":true}],"_render":true}],"ind":7,"completed":true},{"ty":4,"nm":"Mano Fill","mn":"","sr":1,"st":0,"op":1500,"ip":0,"hd":false,"cl":"","ln":"","ddd":0,"bm":0,"hasMask":false,"ao":0,"ks":{"a":{"a":0,"k":[250,250,0],"ix":1},"s":{"a":0,"k":[100,100,100],"ix":6},"sk":{"a":0,"k":0},"p":{"a":0,"k":[250,250,0],"ix":2},"r":{"a":0,"k":0,"ix":10},"sa":{"a":0,"k":0},"o":{"a":1,"k":[{"o":{"x":0.167,"y":0.167},"i":{"x":0.833,"y":0.833},"s":[0],"t":31},{"o":{"x":0.167,"y":0.167},"i":{"x":0.833,"y":0.833},"s":[100],"t":53},{"o":{"x":0.167,"y":0.167},"i":{"x":0.833,"y":0.833},"s":[100],"t":1421},{"o":{"x":0.167,"y":0.167},"i":{"x":0.833,"y":0.833},"s":[0],"t":1436}],"ix":11}},"ef":[],"shapes":[{"ty":"gr","bm":0,"cl":"","ln":"","hd":false,"mn":"ADBE Vector Group","nm":"Group 1","ix":1,"cix":2,"np":2,"it":[{"ty":"sh","bm":0,"cl":"","ln":"","hd":false,"mn":"ADBE Vector Shape - Group","nm":"Path 1","ix":1,"d":1,"ks":{"a":0,"k":{"c":false,"i":[[-63.747,103.327],[-49.376000000000005,72.284],[-39.56,38.321],[-45.708,3.2230000000000025],[-41.899,-28.195],[-35.169,-79.767],[-44.627,-128.887],[-31.597,-130.464],[-26.03,-121.872],[-18.645,-111.24000000000001],[-6.523000000000001,-66.191],[-4.46,-60.949],[-3.857,-59.827999999999996],[0.34,-62.915],[1.325,-61.185],[37.49,37.417],[48.846,50.157],[63.746,44.592],[62.225,48.595],[55.013000000000005,67.346],[18.558999999999997,131.4]],"o":[[-63.604,103.018],[-43.941,51.379000000000005],[-39.64,30.837000000000003],[-42.351,-24.733999999999998],[-38.369,-55.251999999999995],[-48.302,-122.981],[-37.536,-131.699],[-26.809,-122.994],[-21.427,-115.245],[-13.360000000000001,-89.39200000000001],[-4.832000000000001,-61.116],[-4.4510000000000005,-60.946],[-1.964,-61.221],[0.34,-62.915],[1.686,-60.199000000000005],[42.029,47.099000000000004],[59.376,46.193],[63.746,44.592],[61.937000000000005,49.353],[27.240000000000002,101.733],[18.473,131.698]],"v":[[-63.747,103.327],[-46.53,61.335],[-38.573,35.408],[-42.753,-21.383],[-41.462,-31.543],[-42.9,-105.207],[-41.396,-130.168],[-27.66,-124.322],[-25.277,-120.789],[-13.739,-90.68],[-5.238,-62.333],[-4.456,-60.948],[-1.964,-61.221],[0.34,-62.915],[1.325,-61.185],[40.072,42.926],[59.376,46.193],[63.746,44.592],[62.225,48.595],[40.88,84.845],[18.473,131.698]]},"ix":2},"_render":true},{"ty":"fl","bm":0,"cl":"","ln":"","hd":false,"mn":"ADBE Vector Graphic - Fill","nm":"Fill 1","c":{"a":0,"k":[1,1,1,1],"ix":4},"r":1,"o":{"a":0,"k":100,"ix":5},"_render":true},{"ty":"tr","a":{"a":0,"k":[0,0],"ix":1},"s":{"a":0,"k":[100,100],"ix":3},"sk":{"a":0,"k":0,"ix":4},"p":{"a":0,"k":[124.694,300.419],"ix":2},"r":{"a":0,"k":0,"ix":6},"sa":{"a":0,"k":0,"ix":5},"o":{"a":0,"k":100,"ix":7},"_render":true}],"_render":true}],"ind":8,"parent":7,"completed":true},{"ty":4,"nm":"Telefono - fill","mn":"","sr":1,"st":0,"op":1500,"ip":0,"hd":false,"cl":"","ln":"","ddd":0,"bm":0,"hasMask":false,"ao":0,"ks":{"a":{"a":0,"k":[250,250,0],"ix":1},"s":{"a":0,"k":[100,100,100],"ix":6},"sk":{"a":0,"k":0},"p":{"a":0,"k":[250,250,0],"ix":2},"r":{"a":0,"k":0,"ix":10},"sa":{"a":0,"k":0},"o":{"a":1,"k":[{"o":{"x":0.167,"y":0.167},"i":{"x":0.833,"y":0.833},"s":[0],"t":31},{"o":{"x":0.167,"y":0.167},"i":{"x":0.833,"y":0.833},"s":[100],"t":53},{"o":{"x":0.167,"y":0.167},"i":{"x":0.833,"y":0.833},"s":[100],"t":1421},{"o":{"x":0.167,"y":0.167},"i":{"x":0.833,"y":0.833},"s":[0],"t":1436}],"ix":11}},"ef":[],"shapes":[{"ty":"gr","bm":0,"cl":"","ln":"","hd":false,"mn":"ADBE Vector Group","nm":"Group 1","ix":1,"cix":2,"np":2,"it":[{"ty":"sh","bm":0,"cl":"","ln":"","hd":false,"mn":"ADBE Vector Shape - Group","nm":"Path 1","ix":1,"d":1,"ks":{"a":0,"k":{"c":true,"i":[[12.585,-142.48100000000002],[-94.421,-103.726],[-105.191,-92.16199999999999],[-24.076,129.734],[-11.62,142.481],[92.445,105.877],[105.191,93.42099999999999],[25.041,-129.735]],"o":[[2.194,-138.497],[-100.861,-101.524],[-102.099,-83.746],[-20.983,138.15],[-3.205,139.388],[100.85999999999999,102.78399999999999],[102.098,85.006],[21.948,-138.15]],"v":[[2.194,-138.497],[-94.421,-103.726],[-102.099,-83.746],[-24.076,129.734],[-3.205,139.388],[92.445,105.877],[102.098,85.006],[25.041,-129.735]]},"ix":2},"_render":true},{"ty":"fl","bm":0,"cl":"","ln":"","hd":false,"mn":"ADBE Vector Graphic - Fill","nm":"Fill 1","c":{"a":0,"k":[1,1,1,1],"ix":4},"r":1,"o":{"a":0,"k":100,"ix":5},"_render":true},{"ty":"tr","a":{"a":0,"k":[0,0],"ix":1},"s":{"a":0,"k":[100,100],"ix":3},"sk":{"a":0,"k":0,"ix":4},"p":{"a":0,"k":[192.995,225.419],"ix":2},"r":{"a":0,"k":0,"ix":6},"sa":{"a":0,"k":0,"ix":5},"o":{"a":0,"k":100,"ix":7},"_render":true}],"_render":true}],"ind":9,"parent":2,"completed":true},{"ty":4,"nm":"dedos outline","mn":"","sr":1,"st":0,"op":1500,"ip":0,"hd":false,"cl":"","ln":"","ddd":0,"bm":0,"hasMask":false,"ao":0,"ks":{"a":{"a":0,"k":[250,250,0],"ix":1},"s":{"a":0,"k":[100,100,100],"ix":6},"sk":{"a":0,"k":0},"p":{"a":0,"k":[250,250,0],"ix":2},"r":{"a":0,"k":0,"ix":10},"sa":{"a":0,"k":0},"o":{"a":1,"k":[{"o":{"x":0.167,"y":0.167},"i":{"x":0.833,"y":0.833},"s":[0],"t":31},{"o":{"x":0.167,"y":0.167},"i":{"x":0.833,"y":0.833},"s":[100],"t":53},{"o":{"x":0.167,"y":0.167},"i":{"x":0.833,"y":0.833},"s":[100],"t":1421},{"o":{"x":0.167,"y":0.167},"i":{"x":0.833,"y":0.833},"s":[0],"t":1436}],"ix":11}},"ef":[],"shapes":[{"ty":"gr","bm":0,"cl":"","ln":"","hd":false,"mn":"ADBE Vector Group","nm":"Group 1","ix":1,"cix":2,"np":2,"it":[{"ty":"sh","bm":0,"cl":"","ln":"","hd":false,"mn":"ADBE Vector Shape - Group","nm":"Path 1","ix":1,"d":1,"ks":{"a":0,"k":{"c":true,"i":[[12.666,-12.762999999999998],[-0.375,-21.003],[-13.181000000000001,-5.2059999999999995],[-13.77,-3.154],[-10.943000000000001,-1.924],[-7.161,-6.495],[4.3420000000000005,-14.402000000000001],[9.667,-7.031000000000001],[-4.431,17.948999999999998],[-4.776,20.192],[-3.2270000000000003,21.003],[-1.612,20.673],[8.764000000000001,3.3089999999999997]],"o":[[5.145,-18.612],[-10.116,-8.909],[-13.883000000000001,-4.356999999999999],[-12.146,-1.8079999999999998],[-10.241000000000001,-2.7729999999999997],[1.186,-16.856],[8.898,-10.858],[5.414,1.475],[-5.071000000000001,19.02],[-3.564,20.916],[-2.244,21.003],[-0.8460000000000001,19.392],[13.884,-6.930999999999999]],"v":[[7.874,-16.49],[-6.679,-13.175],[-13.211,-5.169],[-12.958,-2.481],[-10.271,-2.735],[-3.707,-10.782],[5.53,-13.477],[7.639,-2.977],[-4.53,18.115],[-3.871,20.732],[-2.894,21.003],[-1.254,20.075],[11.053,-1.27]]},"ix":2},"_render":true},{"ty":"fl","bm":0,"cl":"","ln":"","hd":false,"mn":"ADBE Vector Graphic - Fill","nm":"Fill 1","c":{"a":0,"k":[0.3724,0.1657,0.0076,1],"ix":4},"r":1,"o":{"a":0,"k":100,"ix":5},"_render":true},{"ty":"tr","a":{"a":0,"k":[0,0],"ix":1},"s":{"a":0,"k":[100,100],"ix":3},"sk":{"a":0,"k":0,"ix":4},"p":{"a":0,"k":[270.811,220.255],"ix":2},"r":{"a":0,"k":0,"ix":6},"sa":{"a":0,"k":0,"ix":5},"o":{"a":0,"k":100,"ix":7},"_render":true}],"_render":true},{"ty":"gr","bm":0,"cl":"","ln":"","hd":false,"mn":"ADBE Vector Group","nm":"Group 2","ix":2,"cix":2,"np":2,"it":[{"ty":"sh","bm":0,"cl":"","ln":"","hd":false,"mn":"ADBE Vector Shape - Group","nm":"Path 1","ix":1,"d":1,"ks":{"a":0,"k":{"c":true,"i":[[11.923,-10.895],[-2.2570000000000006,-17.125],[-12.473,-4.357],[-12.991,-2.3],[-10.129,-1.154],[-7.406,-4.65],[2.357,-13.501],[8.924,-5.163],[-3.1270000000000002,15.162],[-3.544,17.344],[-1.976,18.24],[-0.387,17.938],[8.001999999999999,5.215]],"o":[[2.479,-18.241],[-10.401,-7.018000000000001],[-13.141,-3.499],[-11.328,-1.005],[-9.460999999999999,-2.012],[-0.06400000000000006,-13.765],[8.155000000000001,-8.99],[4.69,3.3040000000000003],[-3.786,16.161],[-2.3400000000000003,18.139],[-0.995,18.24],[0.306,16.887999999999998],[13.141,-5.063]],"v":[[7.131,-14.622],[-6.945,-11.307],[-12.493,-4.33],[-12.16,-1.652],[-9.482,-1.986],[-3.973,-8.913],[4.788,-11.609],[6.897,-1.109],[-3.205,15.281],[-2.664,17.925],[-1.615,18.24],[-0.02,17.383],[10.311,0.598]]},"ix":2},"_render":true},{"ty":"fl","bm":0,"cl":"","ln":"","hd":false,"mn":"ADBE Vector Graphic - Fill","nm":"Fill 1","c":{"a":0,"k":[0.3724,0.1657,0.0076,1],"ix":4},"r":1,"o":{"a":0,"k":100,"ix":5},"_render":true},{"ty":"tr","a":{"a":0,"k":[0,0],"ix":1},"s":{"a":0,"k":[100,100],"ix":3},"sk":{"a":0,"k":0,"ix":4},"p":{"a":0,"k":[243.618,152.813],"ix":2},"r":{"a":0,"k":0,"ix":6},"sa":{"a":0,"k":0,"ix":5},"o":{"a":0,"k":100,"ix":7},"_render":true}],"_render":true},{"ty":"gr","bm":0,"cl":"","ln":"","hd":false,"mn":"ADBE Vector Group","nm":"Group 3","ix":3,"cix":2,"np":2,"it":[{"ty":"sh","bm":0,"cl":"","ln":"","hd":false,"mn":"ADBE Vector Shape - Group","nm":"Path 1","ix":1,"d":1,"ks":{"a":0,"k":{"c":true,"i":[[13.325,-7.260999999999999],[8.342,-14.905000000000001],[-12.442,-5.834],[-13.045,-3.2239999999999998],[-10.074,-2.3979999999999997],[-2.753,-13.947],[7.73,-10.533999999999999],[8.5,-5.541],[-4.534999999999999,15.273],[-5.0040000000000004,17.46],[-3.428,18.394],[-1.8519999999999999,18.107],[7.612,4.364]],"o":[[10.741,-13.176],[-4.582999999999999,-18.394000000000002],[-13.325000000000001,-4.4],[-11.25,-2.1189999999999998],[-9.456,-3.403],[6.1739999999999995,-11.538],[8.953000000000001,-7.733999999999999],[4.339,2.387],[-5.2219999999999995,16.27],[-3.805,18.286],[-2.448,18.394],[-1.112,17.033],[11.672,-3.37]],"v":[[11.798,-10.757],[4.668,-15.896],[-12.772,-5.298],[-12.147,-2.671],[-9.522,-3.296],[3.673,-12.212],[8.3,-9.229],[6.916,-2.523],[-4.624,15.403],[-4.136,18.058],[-3.054,18.394],[-1.482,17.57],[10.295,-0.748]]},"ix":2},"_render":true},{"ty":"fl","bm":0,"cl":"","ln":"","hd":false,"mn":"ADBE Vector Graphic - Fill","nm":"Fill 1","c":{"a":0,"k":[0.3724,0.1657,0.0076,1],"ix":4},"r":1,"o":{"a":0,"k":100,"ix":5},"_render":true},{"ty":"tr","a":{"a":0,"k":[0,0],"ix":1},"s":{"a":0,"k":[100,100],"ix":3},"sk":{"a":0,"k":0,"ix":4},"p":{"a":0,"k":[257.539,188.714],"ix":2},"r":{"a":0,"k":0,"ix":6},"sa":{"a":0,"k":0,"ix":5},"o":{"a":0,"k":100,"ix":7},"_render":true}],"_render":true}],"ind":10,"parent":7,"completed":true},{"ty":4,"nm":"dedos fill","mn":"","sr":1,"st":0,"op":1500,"ip":0,"hd":false,"cl":"","ln":"","ddd":0,"bm":0,"hasMask":false,"ao":0,"ks":{"a":{"a":0,"k":[250,250,0],"ix":1},"s":{"a":0,"k":[100,100,100],"ix":6},"sk":{"a":0,"k":0},"p":{"a":0,"k":[250,250,0],"ix":2},"r":{"a":0,"k":0,"ix":10},"sa":{"a":0,"k":0},"o":{"a":1,"k":[{"o":{"x":0.167,"y":0.167},"i":{"x":0.833,"y":0.833},"s":[0],"t":31},{"o":{"x":0.167,"y":0.167},"i":{"x":0.833,"y":0.833},"s":[100],"t":53},{"o":{"x":0.167,"y":0.167},"i":{"x":0.833,"y":0.833},"s":[100],"t":1421},{"o":{"x":0.167,"y":0.167},"i":{"x":0.833,"y":0.833},"s":[0],"t":1436}],"ix":11}},"ef":[],"shapes":[{"ty":"gr","bm":0,"cl":"","ln":"","hd":false,"mn":"ADBE Vector Group","nm":"Group 1","ix":1,"cix":2,"np":2,"it":[{"ty":"sh","bm":0,"cl":"","ln":"","hd":false,"mn":"ADBE Vector Shape - Group","nm":"Path 1","ix":1,"d":1,"ks":{"a":0,"k":{"c":true,"i":[[11.085,-11.991999999999999],[-1.6519999999999997,-16.679000000000002],[-11.685,-4.326],[-2.836,18.721],[7.119,2.072]],"o":[[2.431,-18.722],[-8.623,-8.025],[-11.685,-4.326],[-2.836,18.721],[11.686,-7.063]],"v":[[6.758,-15.357],[-5.137,-12.352],[-11.685,-4.326],[-2.836,18.721],[9.402,-2.495]]},"ix":2},"_render":true},{"ty":"fl","bm":0,"cl":"","ln":"","hd":false,"mn":"ADBE Vector Graphic - Fill","nm":"Fill 1","c":{"a":0,"k":[1,1,1,1],"ix":4},"r":1,"o":{"a":0,"k":100,"ix":5},"_render":true},{"ty":"tr","a":{"a":0,"k":[0,0],"ix":1},"s":{"a":0,"k":[100,100],"ix":3},"sk":{"a":0,"k":0,"ix":4},"p":{"a":0,"k":[270.755,220.628],"ix":2},"r":{"a":0,"k":0,"ix":6},"sa":{"a":0,"k":0,"ix":5},"o":{"a":0,"k":100,"ix":7},"_render":true}],"_render":true},{"ty":"gr","bm":0,"cl":"","ln":"","hd":false,"mn":"ADBE Vector Group","nm":"Group 2","ix":2,"cix":2,"np":2,"it":[{"ty":"sh","bm":0,"cl":"","ln":"","hd":false,"mn":"ADBE Vector Shape - Group","nm":"Path 1","ix":1,"d":1,"ks":{"a":0,"k":{"c":true,"i":[[10.337,-9.676],[-1.924,-14.363],[-10.938,-3.085],[-1.562,16.406],[6.371,4.3870000000000005]],"o":[[1.6829999999999998,-16.406],[-8.895,-5.709],[-10.938,-3.085],[-1.562,16.406],[10.937999999999999,-4.747999999999999]],"v":[[6.01,-13.041],[-5.409,-10.036],[-10.938,-3.085],[-1.562,16.406],[8.654,-0.18]]},"ix":2},"_render":true},{"ty":"fl","bm":0,"cl":"","ln":"","hd":false,"mn":"ADBE Vector Graphic - Fill","nm":"Fill 1","c":{"a":0,"k":[1,1,1,1],"ix":4},"r":1,"o":{"a":0,"k":100,"ix":5},"_render":true},{"ty":"tr","a":{"a":0,"k":[0,0],"ix":1},"s":{"a":0,"k":[100,100],"ix":3},"sk":{"a":0,"k":0,"ix":4},"p":{"a":0,"k":[243.568,152.739],"ix":2},"r":{"a":0,"k":0,"ix":6},"sa":{"a":0,"k":0,"ix":5},"o":{"a":0,"k":100,"ix":7},"_render":true}],"_render":true},{"ty":"gr","bm":0,"cl":"","ln":"","hd":false,"mn":"ADBE Vector Group","nm":"Group 3","ix":3,"cix":2,"np":2,"it":[{"ty":"sh","bm":0,"cl":"","ln":"","hd":false,"mn":"ADBE Vector Shape - Group","nm":"Path 1","ix":1,"d":1,"ks":{"a":0,"k":{"c":true,"i":[[11.651,-12.039],[-11.65,-4.435],[-3.557,16.347],[5.441000000000001,3.295]],"o":[[-4.317,-16.347],[-11.65,-4.435],[-3.557,16.347],[10.764,-6.843]],"v":[[3.667,-14.193],[-11.65,-4.435],[-3.557,16.347],[8.102,-1.774]]},"ix":2},"_render":true},{"ty":"fl","bm":0,"cl":"","ln":"","hd":false,"mn":"ADBE Vector Graphic - Fill","nm":"Fill 1","c":{"a":0,"k":[1,1,1,1],"ix":4},"r":1,"o":{"a":0,"k":100,"ix":5},"_render":true},{"ty":"tr","a":{"a":0,"k":[0,0],"ix":1},"s":{"a":0,"k":[100,100],"ix":3},"sk":{"a":0,"k":0,"ix":4},"p":{"a":0,"k":[258.043,188.852],"ix":2},"r":{"a":0,"k":0,"ix":6},"sa":{"a":0,"k":0,"ix":5},"o":{"a":0,"k":100,"ix":7},"_render":true}],"_render":true}],"ind":11,"parent":10,"completed":true},{"ty":4,"nm":"Signo 02 - dolar","mn":"","sr":1,"st":0,"op":1500,"ip":0,"hd":false,"cl":"","ln":"","ddd":0,"bm":0,"hasMask":false,"ao":0,"ks":{"a":{"a":0,"k":[250,250,0],"ix":1},"s":{"a":0,"k":[100,100,100],"ix":6},"sk":{"a":0,"k":0},"p":{"a":0,"k":[250,250,0],"ix":2},"r":{"a":0,"k":0,"ix":10},"sa":{"a":0,"k":0},"o":{"a":1,"k":[{"o":{"x":0.167,"y":0.167},"i":{"x":0.833,"y":0.833},"s":[0],"t":105},{"o":{"x":0.167,"y":0.167},"i":{"x":0.833,"y":0.833},"s":[100],"t":117},{"o":{"x":0.167,"y":0.167},"i":{"x":0.833,"y":0.833},"s":[100],"t":192},{"o":{"x":0.167,"y":0.167},"i":{"x":0.833,"y":0.833},"s":[0],"t":209},{"o":{"x":0.167,"y":0.167},"i":{"x":0.833,"y":0.833},"s":[0],"t":384},{"o":{"x":0.167,"y":0.167},"i":{"x":0.833,"y":0.833},"s":[100],"t":396},{"o":{"x":0.167,"y":0.167},"i":{"x":0.833,"y":0.833},"s":[100],"t":471},{"o":{"x":0.167,"y":0.167},"i":{"x":0.833,"y":0.833},"s":[0],"t":488},{"o":{"x":0.167,"y":0.167},"i":{"x":0.833,"y":0.833},"s":[0],"t":655},{"o":{"x":0.167,"y":0.167},"i":{"x":0.833,"y":0.833},"s":[100],"t":667},{"o":{"x":0.167,"y":0.167},"i":{"x":0.833,"y":0.833},"s":[100],"t":742},{"o":{"x":0.167,"y":0.167},"i":{"x":0.833,"y":0.833},"s":[0],"t":759},{"o":{"x":0.167,"y":0.167},"i":{"x":0.833,"y":0.833},"s":[0],"t":924},{"o":{"x":0.167,"y":0.167},"i":{"x":0.833,"y":0.833},"s":[100],"t":936},{"o":{"x":0.167,"y":0.167},"i":{"x":0.833,"y":0.833},"s":[100],"t":1011},{"o":{"x":0.167,"y":0.167},"i":{"x":0.833,"y":0.833},"s":[0],"t":1028},{"o":{"x":0.167,"y":0.167},"i":{"x":0.833,"y":0.833},"s":[0],"t":1195},{"o":{"x":0.167,"y":0.167},"i":{"x":0.833,"y":0.833},"s":[100],"t":1207},{"o":{"x":0.167,"y":0.167},"i":{"x":0.833,"y":0.833},"s":[100],"t":1282},{"o":{"x":0.167,"y":0.167},"i":{"x":0.833,"y":0.833},"s":[0],"t":1299}],"ix":11}},"ef":[],"shapes":[{"ty":"gr","bm":0,"cl":"","ln":"","hd":false,"mn":"ADBE Vector Group","nm":"Group 1","ix":1,"cix":2,"np":2,"it":[{"ty":"sh","bm":0,"cl":"","ln":"","hd":false,"mn":"ADBE Vector Shape - Group","nm":"Path 1","ix":1,"d":1,"ks":{"a":0,"k":{"c":true,"i":[[15.791,17.637],[10.704,-3.3600000000000003],[-7.762,-9.969],[-7.913,-22.522000000000002],[8.346,-14.111],[8.626,-10.924000000000001],[12.733,-14.866],[6.4079999999999995,-25.046999999999997],[2.595,-35.243],[1.7690000000000001,-37.459],[-1.852,-36.698],[-1.98,-26.146],[-2.245,-26.123],[-12.829,-15.078],[-12.954,-13.109],[-0.145,-0.559],[12.245000000000001,0.5],[0.101,22.049],[-11.285,11.879],[-13.284,8.38],[-15.708,7.699000000000001],[-14.011,18.187],[-2.296,26.278],[-2.494,31.877],[-0.958,37.717],[1.8659999999999999,37.664],[2.309,26.247]],"o":[[15.619,3.1289999999999996],[-6.556000000000001,-5.5680000000000005],[-8.953,-12.068],[8.52,-20.89],[8.346,-14.111],[13.585,-11.182],[11.539000000000001,-22.525],[2.48,-25.839],[2.609,-36.408],[-0.719,-37.727000000000004],[-1.868,-35.393],[-2.148,-26.134],[-11.761,-24.518],[-12.954,-13.26],[-11.943,-0.5090000000000003],[-0.145,-0.559],[10.263000000000002,22.186],[-10.450999999999999,21.921],[-10.899000000000001,8.67],[-13.284,8.38],[-15.791,14.561],[-9.847,25.839000000000002],[-2.296,26.278],[-2.561,37.436],[-0.0020000000000000018,37.728],[2.007,33.236000000000004],[11.148,24.356]],"v":[[15.705,10.383],[2.074,-4.464],[-7.762,-9.969],[0.061,-21.73],[8.346,-14.111],[11.106,-11.053],[12.733,-14.866],[2.48,-25.839],[2.595,-35.243],[0.61,-37.584],[-1.868,-35.393],[-1.98,-26.146],[-2.245,-26.123],[-12.944,-13.41],[-12.942,-12.96],[-0.145,-0.559],[11.239,11.501],[0.101,22.049],[-11.285,11.879],[-13.284,8.38],[-15.749,11.13],[-14.011,18.187],[-2.296,26.278],[-2.528,34.656],[-0.48,37.723],[1.936,35.45],[2.309,26.247]]},"ix":2},"_render":true},{"ty":"fl","bm":0,"cl":"","ln":"","hd":false,"mn":"ADBE Vector Graphic - Fill","nm":"Fill 1","c":{"a":0,"k":[1,0.5569,0.2275,1],"ix":4},"r":1,"o":{"a":0,"k":100,"ix":5},"_render":true},{"ty":"tr","a":{"a":0,"k":[0,0],"ix":1},"s":{"a":0,"k":[100,100],"ix":3},"sk":{"a":0,"k":0,"ix":4},"p":{"a":0,"k":[391.869,299.102],"ix":2},"r":{"a":0,"k":0,"ix":6},"sa":{"a":0,"k":0,"ix":5},"o":{"a":0,"k":100,"ix":7},"_render":true}],"_render":true}],"ind":12,"parent":14,"completed":true},{"ty":4,"nm":"Signo 02 - flecha","mn":"","sr":1,"st":0,"op":1500,"ip":0,"hd":false,"cl":"","ln":"","ddd":0,"bm":0,"hasMask":false,"ao":0,"ks":{"a":{"a":0,"k":[250,250,0],"ix":1},"s":{"a":0,"k":[100,100,100],"ix":6},"sk":{"a":0,"k":0},"p":{"a":0,"k":[250,250,0],"ix":2},"r":{"a":0,"k":0,"ix":10},"sa":{"a":0,"k":0},"o":{"a":1,"k":[{"o":{"x":0.167,"y":0.167},"i":{"x":0.833,"y":0.833},"s":[0],"t":105},{"o":{"x":0.167,"y":0.167},"i":{"x":0.833,"y":0.833},"s":[100],"t":117},{"o":{"x":0.167,"y":0.167},"i":{"x":0.833,"y":0.833},"s":[100],"t":192},{"o":{"x":0.167,"y":0.167},"i":{"x":0.833,"y":0.833},"s":[0],"t":209},{"o":{"x":0.167,"y":0.167},"i":{"x":0.833,"y":0.833},"s":[0],"t":384},{"o":{"x":0.167,"y":0.167},"i":{"x":0.833,"y":0.833},"s":[100],"t":396},{"o":{"x":0.167,"y":0.167},"i":{"x":0.833,"y":0.833},"s":[100],"t":471},{"o":{"x":0.167,"y":0.167},"i":{"x":0.833,"y":0.833},"s":[0],"t":488},{"o":{"x":0.167,"y":0.167},"i":{"x":0.833,"y":0.833},"s":[0],"t":655},{"o":{"x":0.167,"y":0.167},"i":{"x":0.833,"y":0.833},"s":[100],"t":667},{"o":{"x":0.167,"y":0.167},"i":{"x":0.833,"y":0.833},"s":[100],"t":742},{"o":{"x":0.167,"y":0.167},"i":{"x":0.833,"y":0.833},"s":[0],"t":759},{"o":{"x":0.167,"y":0.167},"i":{"x":0.833,"y":0.833},"s":[0],"t":924},{"o":{"x":0.167,"y":0.167},"i":{"x":0.833,"y":0.833},"s":[100],"t":936},{"o":{"x":0.167,"y":0.167},"i":{"x":0.833,"y":0.833},"s":[100],"t":1011},{"o":{"x":0.167,"y":0.167},"i":{"x":0.833,"y":0.833},"s":[0],"t":1028},{"o":{"x":0.167,"y":0.167},"i":{"x":0.833,"y":0.833},"s":[0],"t":1195},{"o":{"x":0.167,"y":0.167},"i":{"x":0.833,"y":0.833},"s":[100],"t":1207},{"o":{"x":0.167,"y":0.167},"i":{"x":0.833,"y":0.833},"s":[100],"t":1282},{"o":{"x":0.167,"y":0.167},"i":{"x":0.833,"y":0.833},"s":[0],"t":1299}],"ix":11}},"ef":[],"shapes":[{"ty":"gr","bm":0,"cl":"","ln":"","hd":false,"mn":"ADBE Vector Group","nm":"Group 1","ix":1,"cix":2,"np":2,"it":[{"ty":"sh","bm":0,"cl":"","ln":"","hd":false,"mn":"ADBE Vector Shape - Group","nm":"Path 1","ix":1,"d":1,"ks":{"a":0,"k":{"c":true,"i":[[-22.911,0.691],[-3.778,20.108],[-1.83,20.867],[-0.31999999999999995,18.18],[-16.096,2.168],[21.004,2.168],[22.911,1.3130000000000002],[22.058,-1.649],[-16.796,-1.649],[-1.059,-17.62],[-0.32899999999999996,-19.579],[-1.935,-20.868],[-3.404,-20.678],[-21.959,-1.848]],"o":[[-21.959,1.656],[-3.0380000000000003,20.859],[-0.32899999999999996,19.388],[-1.059,17.429],[-16.096,2.168],[22.058,2.168],[22.911,-0.7939999999999999],[21.004,-1.649],[-16.796,-1.649],[-0.31999999999999995,-18.371000000000002],[-1.451,-20.685],[-2.912,-20.868],[-3.778,-20.299],[-22.911,-0.8810000000000001]],"v":[[-21.959,1.656],[-3.778,20.108],[-1.079,20.128],[-1.059,17.429],[-16.096,2.168],[21.004,2.168],[22.911,0.259],[21.004,-1.649],[-16.796,-1.649],[-1.059,-17.62],[-1.079,-20.319],[-2.419,-20.868],[-3.778,-20.299],[-21.959,-1.848]]},"ix":2},"_render":true},{"ty":"fl","bm":0,"cl":"","ln":"","hd":false,"mn":"ADBE Vector Graphic - Fill","nm":"Fill 1","c":{"a":0,"k":[1,0.5569,0.2275,1],"ix":4},"r":1,"o":{"a":0,"k":100,"ix":5},"_render":true},{"ty":"tr","a":{"a":0,"k":[0,0],"ix":1},"s":{"a":0,"k":[100,100],"ix":3},"sk":{"a":0,"k":0,"ix":4},"p":{"a":0,"k":[342.535,299.615],"ix":2},"r":{"a":0,"k":0,"ix":6},"sa":{"a":0,"k":0,"ix":5},"o":{"a":0,"k":100,"ix":7},"_render":true}],"_render":true}],"ind":13,"parent":14,"completed":true},{"ty":4,"nm":"***Signo 02 - borde","mn":"","sr":1,"st":0,"op":1500,"ip":0,"hd":false,"cl":"","ln":"","ddd":0,"bm":0,"hasMask":false,"ao":0,"ks":{"a":{"a":0,"k":[372,300,0],"ix":1},"s":{"a":1,"k":[{"o":{"x":0.333,"y":0},"i":{"x":0.667,"y":1},"s":[10,10,100],"t":104},{"o":{"x":0.167,"y":0.167},"i":{"x":0.833,"y":0.833},"s":[115,115,100],"t":117},{"o":{"x":0.333,"y":0},"i":{"x":0.833,"y":0.833},"s":[90,90,100],"t":129},{"o":{"x":0.167,"y":0},"i":{"x":0.667,"y":1},"s":[100,100,100],"t":138},{"o":{"x":0.333,"y":0},"i":{"x":0.833,"y":0.833},"s":[100,100,100],"t":192},{"o":{"x":0.167,"y":0.167},"i":{"x":0.833,"y":0.833},"s":[30,30,100],"t":209},{"o":{"x":0.333,"y":0},"i":{"x":0.667,"y":1},"s":[10,10,100],"t":384},{"o":{"x":0.167,"y":0.167},"i":{"x":0.833,"y":0.833},"s":[115,115,100],"t":397},{"o":{"x":0.333,"y":0},"i":{"x":0.833,"y":0.833},"s":[90,90,100],"t":409},{"o":{"x":0.167,"y":0},"i":{"x":0.667,"y":1},"s":[100,100,100],"t":418},{"o":{"x":0.333,"y":0},"i":{"x":0.833,"y":0.833},"s":[100,100,100],"t":472},{"o":{"x":0.167,"y":0.167},"i":{"x":0.833,"y":0.833},"s":[30,30,100],"t":489},{"o":{"x":0.333,"y":0},"i":{"x":0.667,"y":1},"s":[10,10,100],"t":655},{"o":{"x":0.167,"y":0.167},"i":{"x":0.833,"y":0.833},"s":[115,115,100],"t":668},{"o":{"x":0.333,"y":0},"i":{"x":0.833,"y":0.833},"s":[90,90,100],"t":680},{"o":{"x":0.167,"y":0},"i":{"x":0.667,"y":1},"s":[100,100,100],"t":689},{"o":{"x":0.333,"y":0},"i":{"x":0.833,"y":0.833},"s":[100,100,100],"t":743},{"o":{"x":0.167,"y":0.167},"i":{"x":0.833,"y":0.833},"s":[30,30,100],"t":760},{"o":{"x":0.333,"y":0},"i":{"x":0.667,"y":1},"s":[10,10,100],"t":924},{"o":{"x":0.167,"y":0.167},"i":{"x":0.833,"y":0.833},"s":[115,115,100],"t":937},{"o":{"x":0.333,"y":0},"i":{"x":0.833,"y":0.833},"s":[90,90,100],"t":949},{"o":{"x":0.167,"y":0},"i":{"x":0.667,"y":1},"s":[100,100,100],"t":958},{"o":{"x":0.333,"y":0},"i":{"x":0.833,"y":0.833},"s":[100,100,100],"t":1012},{"o":{"x":0.167,"y":0.167},"i":{"x":0.833,"y":0.833},"s":[30,30,100],"t":1029},{"o":{"x":0.333,"y":0},"i":{"x":0.667,"y":1},"s":[10,10,100],"t":1195},{"o":{"x":0.167,"y":0.167},"i":{"x":0.833,"y":0.833},"s":[115,115,100],"t":1208},{"o":{"x":0.333,"y":0},"i":{"x":0.833,"y":0.833},"s":[90,90,100],"t":1220},{"o":{"x":0.167,"y":0},"i":{"x":0.667,"y":1},"s":[100,100,100],"t":1229},{"o":{"x":0.333,"y":0},"i":{"x":0.833,"y":0.833},"s":[100,100,100],"t":1283},{"o":{"x":0.167,"y":0.167},"i":{"x":0.833,"y":0.833},"s":[30,30,100],"t":1300}],"ix":6},"sk":{"a":0,"k":0},"p":{"a":1,"k":[{"o":{"x":0.333,"y":0},"i":{"x":0.833,"y":0.833},"s":[457,300,0],"t":104,"ti":null,"to":null},{"o":{"x":0.167,"y":0.167},"i":{"x":0.667,"y":0.667},"s":[372,300,0],"t":117,"ti":null,"to":null},{"o":{"x":0.333,"y":0},"i":{"x":0.667,"y":1},"s":[372,300,0],"t":180,"ti":[13,4.167,0],"to":[2.833,0,0]},{"o":{"x":0.333,"y":0},"i":{"x":0.833,"y":0.833},"s":[389,300,0],"t":192,"ti":[-11.333,0,0],"to":[-13,-4.167,0]},{"o":{"x":0.167,"y":0.167},"i":{"x":0.833,"y":0.833},"s":[294,275,0],"t":209,"ti":[-13,-4.167,0],"to":[11.333,0,0]},{"o":{"x":0.333,"y":0},"i":{"x":0.833,"y":0.833},"s":[457,300,0],"t":384,"ti":[14.167,0,0],"to":[13,4.167,0]},{"o":{"x":0.167,"y":0.167},"i":{"x":0.667,"y":0.667},"s":[372,300,0],"t":397,"ti":null,"to":null},{"o":{"x":0.333,"y":0},"i":{"x":0.667,"y":1},"s":[372,300,0],"t":460,"ti":[13,4.167,0],"to":[2.833,0,0]},{"o":{"x":0.333,"y":0},"i":{"x":0.833,"y":0.833},"s":[389,300,0],"t":472,"ti":[-11.333,0,0],"to":[-13,-4.167,0]},{"o":{"x":0.167,"y":0.167},"i":{"x":0.833,"y":0.833},"s":[294,275,0],"t":489,"ti":[-13,-4.167,0],"to":[11.333,0,0]},{"o":{"x":0.333,"y":0},"i":{"x":0.833,"y":0.833},"s":[457,300,0],"t":655,"ti":[14.167,0,0],"to":[13,4.167,0]},{"o":{"x":0.167,"y":0.167},"i":{"x":0.667,"y":0.667},"s":[372,300,0],"t":668,"ti":null,"to":null},{"o":{"x":0.333,"y":0},"i":{"x":0.667,"y":1},"s":[372,300,0],"t":731,"ti":[13,4.167,0],"to":[2.833,0,0]},{"o":{"x":0.333,"y":0},"i":{"x":0.833,"y":0.833},"s":[389,300,0],"t":743,"ti":[-11.333,0,0],"to":[-13,-4.167,0]},{"o":{"x":0.167,"y":0.167},"i":{"x":0.833,"y":0.833},"s":[294,275,0],"t":760,"ti":[-13,-4.167,0],"to":[11.333,0,0]},{"o":{"x":0.333,"y":0},"i":{"x":0.833,"y":0.833},"s":[457,300,0],"t":924,"ti":[14.167,0,0],"to":[13,4.167,0]},{"o":{"x":0.167,"y":0.167},"i":{"x":0.667,"y":0.667},"s":[372,300,0],"t":937,"ti":null,"to":null},{"o":{"x":0.333,"y":0},"i":{"x":0.667,"y":1},"s":[372,300,0],"t":1000,"ti":[13,4.167,0],"to":[2.833,0,0]},{"o":{"x":0.333,"y":0},"i":{"x":0.833,"y":0.833},"s":[389,300,0],"t":1012,"ti":[-11.333,0,0],"to":[-13,-4.167,0]},{"o":{"x":0.167,"y":0.167},"i":{"x":0.833,"y":0.833},"s":[294,275,0],"t":1029,"ti":[-13,-4.167,0],"to":[11.333,0,0]},{"o":{"x":0.333,"y":0},"i":{"x":0.833,"y":0.833},"s":[457,300,0],"t":1195,"ti":[14.167,0,0],"to":[13,4.167,0]},{"o":{"x":0.167,"y":0.167},"i":{"x":0.667,"y":0.667},"s":[372,300,0],"t":1208,"ti":null,"to":null},{"o":{"x":0.333,"y":0},"i":{"x":0.667,"y":1},"s":[372,300,0],"t":1271,"ti":[13,4.167,0],"to":[2.833,0,0]},{"o":{"x":0.333,"y":0},"i":{"x":0.833,"y":0.833},"s":[389,300,0],"t":1283,"ti":[15.833,4.167,0],"to":[-13,-4.167,0]},{"o":{"x":0.167,"y":0.167},"i":{"x":0.833,"y":0.833},"s":[294,275,0],"t":1300}],"ix":2},"r":{"a":0,"k":0,"ix":10},"sa":{"a":0,"k":0},"o":{"a":1,"k":[{"o":{"x":0.333,"y":0},"i":{"x":0.833,"y":0.833},"s":[0],"t":105},{"o":{"x":0.167,"y":0},"i":{"x":0.667,"y":1},"s":[100],"t":117},{"o":{"x":0.333,"y":0},"i":{"x":0.833,"y":0.833},"s":[100],"t":192},{"o":{"x":0.167,"y":0.167},"i":{"x":0.833,"y":0.833},"s":[0],"t":209},{"o":{"x":0.333,"y":0},"i":{"x":0.833,"y":0.833},"s":[0],"t":385},{"o":{"x":0.167,"y":0},"i":{"x":0.667,"y":1},"s":[100],"t":397},{"o":{"x":0.333,"y":0},"i":{"x":0.833,"y":0.833},"s":[100],"t":472},{"o":{"x":0.167,"y":0.167},"i":{"x":0.833,"y":0.833},"s":[0],"t":489},{"o":{"x":0.333,"y":0},"i":{"x":0.833,"y":0.833},"s":[0],"t":656},{"o":{"x":0.167,"y":0},"i":{"x":0.667,"y":1},"s":[100],"t":668},{"o":{"x":0.333,"y":0},"i":{"x":0.833,"y":0.833},"s":[100],"t":743},{"o":{"x":0.167,"y":0.167},"i":{"x":0.833,"y":0.833},"s":[0],"t":760},{"o":{"x":0.333,"y":0},"i":{"x":0.833,"y":0.833},"s":[0],"t":925},{"o":{"x":0.167,"y":0},"i":{"x":0.667,"y":1},"s":[100],"t":937},{"o":{"x":0.333,"y":0},"i":{"x":0.833,"y":0.833},"s":[100],"t":1012},{"o":{"x":0.167,"y":0.167},"i":{"x":0.833,"y":0.833},"s":[0],"t":1029},{"o":{"x":0.333,"y":0},"i":{"x":0.833,"y":0.833},"s":[0],"t":1196},{"o":{"x":0.167,"y":0},"i":{"x":0.667,"y":1},"s":[100],"t":1208},{"o":{"x":0.333,"y":0},"i":{"x":0.833,"y":0.833},"s":[100],"t":1283},{"o":{"x":0.167,"y":0.167},"i":{"x":0.833,"y":0.833},"s":[0],"t":1300}],"ix":11}},"ef":[],"shapes":[{"ty":"gr","bm":0,"cl":"","ln":"","hd":false,"mn":"ADBE Vector Group","nm":"Group 1","ix":1,"cix":2,"np":4,"it":[{"ty":"sh","bm":0,"cl":"","ln":"","hd":false,"mn":"ADBE Vector Shape - Group","nm":"Path 1","ix":1,"d":1,"ks":{"a":0,"k":{"c":true,"i":[[38.238,-69.236],[-69.236,-38.238],[-38.238,69.237],[69.236,38.238]],"o":[[-38.238,-69.236],[-69.236,38.238],[38.238,69.237],[69.236,-38.238]],"v":[[0,-69.236],[-69.236,0],[0,69.237],[69.236,0]]},"ix":2},"_render":true},{"ty":"sh","bm":0,"cl":"","ln":"","hd":false,"mn":"ADBE Vector Shape - Group","nm":"Path 2","ix":2,"d":1,"ks":{"a":0,"k":{"c":true,"i":[[-35.502,-64.385],[64.385,-35.502],[35.502,64.385],[-64.385,35.502]],"o":[[35.502,-64.385],[64.385,35.502],[-35.502,64.385],[-64.385,-35.502]],"v":[[0,-64.385],[64.385,0],[0,64.385],[-64.385,0]]},"ix":2},"_render":true},{"ty":"mm","bm":0,"cl":"","ln":"","hd":false,"mn":"ADBE Vector Filter - Merge","nm":"Merge Paths 1","mm":1,"_render":true},{"ty":"fl","bm":0,"cl":"","ln":"","hd":false,"mn":"ADBE Vector Graphic - Fill","nm":"Fill 1","c":{"a":0,"k":[0.3724,0.1657,0.0076,1],"ix":4},"r":1,"o":{"a":0,"k":100,"ix":5},"_render":true},{"ty":"tr","a":{"a":0,"k":[0,0],"ix":1},"s":{"a":0,"k":[100,100],"ix":3},"sk":{"a":0,"k":0,"ix":4},"p":{"a":0,"k":[371.334,300.338],"ix":2},"r":{"a":0,"k":0,"ix":6},"sa":{"a":0,"k":0,"ix":5},"o":{"a":0,"k":100,"ix":7},"_render":true}],"_render":true}],"ind":14,"completed":true},{"ty":4,"nm":"Signo 02 - fill","mn":"","sr":1,"st":0,"op":1500,"ip":0,"hd":false,"cl":"","ln":"","ddd":0,"bm":0,"hasMask":false,"ao":0,"ks":{"a":{"a":0,"k":[250,250,0],"ix":1},"s":{"a":0,"k":[100,100,100],"ix":6},"sk":{"a":0,"k":0},"p":{"a":0,"k":[250,250,0],"ix":2},"r":{"a":0,"k":0,"ix":10},"sa":{"a":0,"k":0},"o":{"a":1,"k":[{"o":{"x":0.167,"y":0.167},"i":{"x":0.833,"y":0.833},"s":[0],"t":105},{"o":{"x":0.167,"y":0.167},"i":{"x":0.833,"y":0.833},"s":[100],"t":117},{"o":{"x":0.167,"y":0.167},"i":{"x":0.833,"y":0.833},"s":[100],"t":192},{"o":{"x":0.167,"y":0.167},"i":{"x":0.833,"y":0.833},"s":[0],"t":209},{"o":{"x":0.167,"y":0.167},"i":{"x":0.833,"y":0.833},"s":[0],"t":385},{"o":{"x":0.167,"y":0.167},"i":{"x":0.833,"y":0.833},"s":[100],"t":397},{"o":{"x":0.167,"y":0.167},"i":{"x":0.833,"y":0.833},"s":[100],"t":472},{"o":{"x":0.167,"y":0.167},"i":{"x":0.833,"y":0.833},"s":[0],"t":489},{"o":{"x":0.167,"y":0.167},"i":{"x":0.833,"y":0.833},"s":[0],"t":656},{"o":{"x":0.167,"y":0.167},"i":{"x":0.833,"y":0.833},"s":[100],"t":668},{"o":{"x":0.167,"y":0.167},"i":{"x":0.833,"y":0.833},"s":[100],"t":743},{"o":{"x":0.167,"y":0.167},"i":{"x":0.833,"y":0.833},"s":[0],"t":760},{"o":{"x":0.167,"y":0.167},"i":{"x":0.833,"y":0.833},"s":[0],"t":925},{"o":{"x":0.167,"y":0.167},"i":{"x":0.833,"y":0.833},"s":[100],"t":937},{"o":{"x":0.167,"y":0.167},"i":{"x":0.833,"y":0.833},"s":[100],"t":1012},{"o":{"x":0.167,"y":0.167},"i":{"x":0.833,"y":0.833},"s":[0],"t":1029},{"o":{"x":0.167,"y":0.167},"i":{"x":0.833,"y":0.833},"s":[0],"t":1195},{"o":{"x":0.167,"y":0.167},"i":{"x":0.833,"y":0.833},"s":[100],"t":1207},{"o":{"x":0.167,"y":0.167},"i":{"x":0.833,"y":0.833},"s":[100],"t":1282},{"o":{"x":0.167,"y":0.167},"i":{"x":0.833,"y":0.833},"s":[0],"t":1299}],"ix":11}},"ef":[],"shapes":[{"ty":"gr","bm":0,"cl":"","ln":"","hd":false,"mn":"ADBE Vector Group","nm":"Group 1","ix":1,"cix":2,"np":2,"it":[{"ty":"sh","bm":0,"cl":"","ln":"","hd":false,"mn":"ADBE Vector Shape - Group","nm":"Path 1","ix":1,"d":1,"ks":{"a":0,"k":{"c":true,"i":[[36.327,-65.776],[-65.776,-36.327],[-36.327,65.775],[65.776,36.327]],"o":[[-36.327,-65.776],[-65.776,36.327],[36.327,65.775],[65.776,-36.327]],"v":[[0,-65.776],[-65.776,0],[0,65.775],[65.776,0]]},"ix":2},"_render":true},{"ty":"fl","bm":0,"cl":"","ln":"","hd":false,"mn":"ADBE Vector Graphic - Fill","nm":"Fill 1","c":{"a":0,"k":[1,1,1,1],"ix":4},"r":1,"o":{"a":0,"k":100,"ix":5},"_render":true},{"ty":"tr","a":{"a":0,"k":[0,0],"ix":1},"s":{"a":0,"k":[100,100],"ix":3},"sk":{"a":0,"k":0,"ix":4},"p":{"a":0,"k":[365.528,308.67],"ix":2},"r":{"a":0,"k":0,"ix":6},"sa":{"a":0,"k":0,"ix":5},"o":{"a":0,"k":100,"ix":7},"_render":true}],"_render":true}],"ind":15,"parent":14,"completed":true},{"ty":4,"nm":"Signo 01 - dolar","mn":"","sr":1,"st":0,"op":1500,"ip":0,"hd":false,"cl":"","ln":"","ddd":0,"bm":0,"hasMask":false,"ao":0,"ks":{"a":{"a":0,"k":[250,250,0],"ix":1},"s":{"a":0,"k":[100,100,100],"ix":6},"sk":{"a":0,"k":0},"p":{"a":0,"k":[250,250,0],"ix":2},"r":{"a":0,"k":0,"ix":10},"sa":{"a":0,"k":0},"o":{"a":1,"k":[{"o":{"x":0.167,"y":0.167},"i":{"x":0.833,"y":0.833},"s":[0],"t":81},{"o":{"x":0.167,"y":0.167},"i":{"x":0.833,"y":0.833},"s":[100],"t":93},{"o":{"x":0.167,"y":0.167},"i":{"x":0.833,"y":0.833},"s":[100],"t":221},{"o":{"x":0.167,"y":0.167},"i":{"x":0.833,"y":0.833},"s":[0],"t":238},{"o":{"x":0.167,"y":0.167},"i":{"x":0.833,"y":0.833},"s":[0],"t":361},{"o":{"x":0.167,"y":0.167},"i":{"x":0.833,"y":0.833},"s":[100],"t":373},{"o":{"x":0.167,"y":0.167},"i":{"x":0.833,"y":0.833},"s":[100],"t":501},{"o":{"x":0.167,"y":0.167},"i":{"x":0.833,"y":0.833},"s":[0],"t":518},{"o":{"x":0.167,"y":0.167},"i":{"x":0.833,"y":0.833},"s":[0],"t":632},{"o":{"x":0.167,"y":0.167},"i":{"x":0.833,"y":0.833},"s":[100],"t":644},{"o":{"x":0.167,"y":0.167},"i":{"x":0.833,"y":0.833},"s":[100],"t":772},{"o":{"x":0.167,"y":0.167},"i":{"x":0.833,"y":0.833},"s":[0],"t":789},{"o":{"x":0.167,"y":0.167},"i":{"x":0.833,"y":0.833},"s":[0],"t":901},{"o":{"x":0.167,"y":0.167},"i":{"x":0.833,"y":0.833},"s":[100],"t":913},{"o":{"x":0.167,"y":0.167},"i":{"x":0.833,"y":0.833},"s":[100],"t":1041},{"o":{"x":0.167,"y":0.167},"i":{"x":0.833,"y":0.833},"s":[0],"t":1058},{"o":{"x":0.167,"y":0.167},"i":{"x":0.833,"y":0.833},"s":[0],"t":1172},{"o":{"x":0.167,"y":0.167},"i":{"x":0.833,"y":0.833},"s":[100],"t":1184},{"o":{"x":0.167,"y":0.167},"i":{"x":0.833,"y":0.833},"s":[100],"t":1312},{"o":{"x":0.167,"y":0.167},"i":{"x":0.833,"y":0.833},"s":[0],"t":1329}],"ix":11}},"ef":[],"shapes":[{"ty":"gr","bm":0,"cl":"","ln":"","hd":false,"mn":"ADBE Vector Group","nm":"Group 1","ix":1,"cix":2,"np":2,"it":[{"ty":"sh","bm":0,"cl":"","ln":"","hd":false,"mn":"ADBE Vector Shape - Group","nm":"Path 1","ix":1,"d":1,"ks":{"a":0,"k":{"c":true,"i":[[15.797,17.561999999999998],[10.613,-3.4109999999999996],[-7.883,-9.934],[-8.093,-22.487],[8.206,-14.151],[8.5,-10.966],[12.589,-14.927],[6.2170000000000005,-25.078],[2.356,-35.256],[1.521,-37.469],[-2.0970000000000004,-36.691],[-2.176,-26.139],[-2.441,-26.115],[-12.973,-15.021],[-13.089,-13.052],[-0.223,-0.561],[12.172,0.44099999999999895],[0.128,22.048],[-11.305,11.929],[-13.32,8.44],[-15.747,7.7700000000000005],[-14.002,18.25],[-2.249,26.286],[-2.4210000000000003,31.887],[-0.858,37.719],[1.9649999999999999,37.653],[2.355,26.234]],"o":[[15.559000000000001,3.0540000000000003],[-6.657,-5.537999999999999],[-9.083,-12.027999999999999],[8.349,-20.932],[8.206,-14.151],[13.459,-11.247],[11.359,-22.58],[2.286,-25.851],[2.3649999999999998,-36.422],[-0.9690000000000001,-37.726],[-2.107,-35.386],[-2.343,-26.125999999999998],[-11.948999999999998,-24.465],[-13.09,-13.202],[-12.02,-0.4559999999999995],[-0.223,-0.561],[10.29,22.136],[-10.425,21.968],[-10.933,8.718],[-13.32,8.44],[-15.798,14.631],[-9.803,25.881999999999998],[-2.249,26.286],[-2.463,37.446],[0.09699999999999998,37.726],[2.086,33.224000000000004],[11.186,24.302000000000003]],"v":[[15.678,10.308],[1.978,-4.475],[-7.883,-9.934],[-0.115,-21.732],[8.206,-14.151],[10.98,-11.107],[12.589,-14.927],[2.286,-25.851],[2.356,-35.256],[0.361,-37.589],[-2.107,-35.386],[-2.176,-26.139],[-2.441,-26.115],[-13.08,-13.352],[-13.077,-12.902],[-0.223,-0.561],[11.218,11.447],[0.128,22.048],[-11.305,11.929],[-13.32,8.44],[-15.773,11.201],[-14.002,18.25],[-2.249,26.286],[-2.442,34.667],[-0.38,37.722],[2.025,35.439],[2.355,26.234]]},"ix":2},"_render":true},{"ty":"fl","bm":0,"cl":"","ln":"","hd":false,"mn":"ADBE Vector Graphic - Fill","nm":"Fill 1","c":{"a":0,"k":[1,0.5569,0.2275,1],"ix":4},"r":1,"o":{"a":0,"k":100,"ix":5},"_render":true},{"ty":"tr","a":{"a":0,"k":[0,0],"ix":1},"s":{"a":0,"k":[100,100],"ix":3},"sk":{"a":0,"k":0,"ix":4},"p":{"a":0,"k":[360.238,140.007],"ix":2},"r":{"a":0,"k":0,"ix":6},"sa":{"a":0,"k":0,"ix":5},"o":{"a":0,"k":100,"ix":7},"_render":true}],"_render":true}],"ind":16,"parent":18,"completed":true},{"ty":4,"nm":"Signo 01 - flecha","mn":"","sr":1,"st":0,"op":1500,"ip":0,"hd":false,"cl":"","ln":"","ddd":0,"bm":0,"hasMask":false,"ao":0,"ks":{"a":{"a":0,"k":[250,250,0],"ix":1},"s":{"a":0,"k":[100,100,100],"ix":6},"sk":{"a":0,"k":0},"p":{"a":0,"k":[250,250,0],"ix":2},"r":{"a":0,"k":0,"ix":10},"sa":{"a":0,"k":0},"o":{"a":1,"k":[{"o":{"x":0.167,"y":0.167},"i":{"x":0.833,"y":0.833},"s":[3],"t":81},{"o":{"x":0.167,"y":0.167},"i":{"x":0.833,"y":0.833},"s":[100],"t":93},{"o":{"x":0.167,"y":0.167},"i":{"x":0.833,"y":0.833},"s":[100],"t":221},{"o":{"x":0.167,"y":0.167},"i":{"x":0.833,"y":0.833},"s":[0],"t":238},{"o":{"x":0.167,"y":0.167},"i":{"x":0.833,"y":0.833},"s":[3],"t":361},{"o":{"x":0.167,"y":0.167},"i":{"x":0.833,"y":0.833},"s":[100],"t":373},{"o":{"x":0.167,"y":0.167},"i":{"x":0.833,"y":0.833},"s":[100],"t":501},{"o":{"x":0.167,"y":0.167},"i":{"x":0.833,"y":0.833},"s":[0],"t":518},{"o":{"x":0.167,"y":0.167},"i":{"x":0.833,"y":0.833},"s":[3],"t":632},{"o":{"x":0.167,"y":0.167},"i":{"x":0.833,"y":0.833},"s":[100],"t":644},{"o":{"x":0.167,"y":0.167},"i":{"x":0.833,"y":0.833},"s":[100],"t":772},{"o":{"x":0.167,"y":0.167},"i":{"x":0.833,"y":0.833},"s":[0],"t":789},{"o":{"x":0.167,"y":0.167},"i":{"x":0.833,"y":0.833},"s":[3],"t":901},{"o":{"x":0.167,"y":0.167},"i":{"x":0.833,"y":0.833},"s":[100],"t":913},{"o":{"x":0.167,"y":0.167},"i":{"x":0.833,"y":0.833},"s":[100],"t":1041},{"o":{"x":0.167,"y":0.167},"i":{"x":0.833,"y":0.833},"s":[0],"t":1058},{"o":{"x":0.167,"y":0.167},"i":{"x":0.833,"y":0.833},"s":[3],"t":1172},{"o":{"x":0.167,"y":0.167},"i":{"x":0.833,"y":0.833},"s":[100],"t":1184},{"o":{"x":0.167,"y":0.167},"i":{"x":0.833,"y":0.833},"s":[100],"t":1312},{"o":{"x":0.167,"y":0.167},"i":{"x":0.833,"y":0.833},"s":[0],"t":1329}],"ix":11}},"ef":[],"shapes":[{"ty":"gr","bm":0,"cl":"","ln":"","hd":false,"mn":"ADBE Vector Group","nm":"Group 1","ix":1,"cix":2,"np":2,"it":[{"ty":"sh","bm":0,"cl":"","ln":"","hd":false,"mn":"ADBE Vector Shape - Group","nm":"Path 1","ix":1,"d":1,"ks":{"a":0,"k":{"c":true,"i":[[22.912,-0.6920000000000001],[3.779,-20.109],[1.83,-20.867],[0.31999999999999995,-18.18],[16.096,-2.169],[-21.004,-2.169],[-22.911,-1.314],[-22.058,1.649],[16.796,1.649],[1.059,17.619],[0.32899999999999996,19.578000000000003],[1.935,20.868],[3.4059999999999997,20.678],[21.96,1.848]],"o":[[21.96,-1.657],[3.0389999999999997,-20.860000000000003],[0.32899999999999996,-19.388],[1.059,-17.429],[16.096,-2.169],[-22.058,-2.169],[-22.911,0.7929999999999999],[-21.004,1.649],[16.796,1.649],[0.31999999999999995,18.37],[1.451,20.684],[2.912,20.868],[3.779,20.299],[22.912,0.8810000000000001]],"v":[[21.96,-1.657],[3.779,-20.109],[1.079,-20.128],[1.059,-17.429],[16.096,-2.169],[-21.004,-2.169],[-22.911,-0.26],[-21.004,1.649],[16.796,1.649],[1.059,17.619],[1.079,20.318],[2.419,20.868],[3.779,20.299],[21.96,1.848]]},"ix":2},"_render":true},{"ty":"fl","bm":0,"cl":"","ln":"","hd":false,"mn":"ADBE Vector Graphic - Fill","nm":"Fill 1","c":{"a":0,"k":[1,0.5569,0.2275,1],"ix":4},"r":1,"o":{"a":0,"k":100,"ix":5},"_render":true},{"ty":"tr","a":{"a":0,"k":[0,0],"ix":1},"s":{"a":0,"k":[100,100],"ix":3},"sk":{"a":0,"k":0,"ix":4},"p":{"a":0,"k":[310.592,140.328],"ix":2},"r":{"a":0,"k":0,"ix":6},"sa":{"a":0,"k":0,"ix":5},"o":{"a":0,"k":100,"ix":7},"_render":true}],"_render":true}],"ind":17,"parent":18,"completed":true},{"ty":4,"nm":"***Signo 01 - borde","mn":"","sr":1,"st":0,"op":1500,"ip":0,"hd":false,"cl":"","ln":"","ddd":0,"bm":0,"hasMask":false,"ao":0,"ks":{"a":{"a":0,"k":[344,146,0],"ix":1},"s":{"a":1,"k":[{"o":{"x":0.333,"y":0},"i":{"x":0.667,"y":1},"s":[10,10,100],"t":82},{"o":{"x":0.167,"y":0.167},"i":{"x":0.833,"y":0.833},"s":[115,115,100],"t":93},{"o":{"x":0.333,"y":0},"i":{"x":0.833,"y":0.833},"s":[90,90,100],"t":105},{"o":{"x":0.167,"y":0.167},"i":{"x":0.833,"y":0.833},"s":[100,100,100],"t":114},{"o":{"x":0.333,"y":0},"i":{"x":0.833,"y":0.833},"s":[100,100,100],"t":221},{"o":{"x":0.167,"y":0.167},"i":{"x":0.833,"y":0.833},"s":[30,30,100],"t":238},{"o":{"x":0.333,"y":0},"i":{"x":0.667,"y":1},"s":[10,10,100],"t":361},{"o":{"x":0.167,"y":0.167},"i":{"x":0.833,"y":0.833},"s":[115,115,100],"t":372},{"o":{"x":0.333,"y":0},"i":{"x":0.833,"y":0.833},"s":[90,90,100],"t":384},{"o":{"x":0.167,"y":0.167},"i":{"x":0.833,"y":0.833},"s":[100,100,100],"t":393},{"o":{"x":0.333,"y":0},"i":{"x":0.833,"y":0.833},"s":[100,100,100],"t":500},{"o":{"x":0.167,"y":0.167},"i":{"x":0.833,"y":0.833},"s":[30,30,100],"t":517},{"o":{"x":0.333,"y":0},"i":{"x":0.667,"y":1},"s":[10,10,100],"t":632},{"o":{"x":0.167,"y":0.167},"i":{"x":0.833,"y":0.833},"s":[115,115,100],"t":643},{"o":{"x":0.333,"y":0},"i":{"x":0.833,"y":0.833},"s":[90,90,100],"t":655},{"o":{"x":0.167,"y":0.167},"i":{"x":0.833,"y":0.833},"s":[100,100,100],"t":664},{"o":{"x":0.333,"y":0},"i":{"x":0.833,"y":0.833},"s":[100,100,100],"t":771},{"o":{"x":0.167,"y":0.167},"i":{"x":0.833,"y":0.833},"s":[30,30,100],"t":788},{"o":{"x":0.333,"y":0},"i":{"x":0.667,"y":1},"s":[10,10,100],"t":901},{"o":{"x":0.167,"y":0.167},"i":{"x":0.833,"y":0.833},"s":[115,115,100],"t":912},{"o":{"x":0.333,"y":0},"i":{"x":0.833,"y":0.833},"s":[90,90,100],"t":924},{"o":{"x":0.167,"y":0.167},"i":{"x":0.833,"y":0.833},"s":[100,100,100],"t":933},{"o":{"x":0.333,"y":0},"i":{"x":0.833,"y":0.833},"s":[100,100,100],"t":1040},{"o":{"x":0.167,"y":0.167},"i":{"x":0.833,"y":0.833},"s":[30,30,100],"t":1057},{"o":{"x":0.333,"y":0},"i":{"x":0.667,"y":1},"s":[10,10,100],"t":1172},{"o":{"x":0.167,"y":0.167},"i":{"x":0.833,"y":0.833},"s":[115,115,100],"t":1183},{"o":{"x":0.333,"y":0},"i":{"x":0.833,"y":0.833},"s":[90,90,100],"t":1195},{"o":{"x":0.167,"y":0.167},"i":{"x":0.833,"y":0.833},"s":[100,100,100],"t":1204},{"o":{"x":0.333,"y":0},"i":{"x":0.833,"y":0.833},"s":[100,100,100],"t":1311},{"o":{"x":0.167,"y":0.167},"i":{"x":0.833,"y":0.833},"s":[30,30,100],"t":1328}],"ix":6},"sk":{"a":0,"k":0},"p":{"a":1,"k":[{"o":{"x":0.333,"y":0},"i":{"x":0.833,"y":0.833},"s":[279,146,0],"t":82,"ti":null,"to":null},{"o":{"x":0.167,"y":0.167},"i":{"x":0.667,"y":0.667},"s":[344,146,0],"t":94,"ti":null,"to":null},{"o":{"x":0.167,"y":0.167},"i":{"x":0.833,"y":0.833},"s":[344,146,0],"t":209,"ti":[-12.667,4,0],"to":[-4.667,0,0]},{"o":{"x":0.333,"y":0},"i":{"x":0.833,"y":0.833},"s":[316,146,0],"t":221,"ti":[6.167,0,0],"to":[12.667,-4,0]},{"o":{"x":0.167,"y":0.167},"i":{"x":0.833,"y":0.833},"s":[420,122,0],"t":238,"ti":[12.667,-4,0],"to":[-6.167,0,0]},{"o":{"x":0.333,"y":0},"i":{"x":0.833,"y":0.833},"s":[279,146,0],"t":361,"ti":[-10.833,0,0],"to":[-12.667,4,0]},{"o":{"x":0.167,"y":0.167},"i":{"x":0.667,"y":0.667},"s":[344,146,0],"t":373,"ti":null,"to":null},{"o":{"x":0.167,"y":0.167},"i":{"x":0.833,"y":0.833},"s":[344,146,0],"t":488,"ti":[-12.667,4,0],"to":[-4.667,0,0]},{"o":{"x":0.333,"y":0},"i":{"x":0.833,"y":0.833},"s":[316,146,0],"t":500,"ti":[6.167,0,0],"to":[12.667,-4,0]},{"o":{"x":0.167,"y":0.167},"i":{"x":0.833,"y":0.833},"s":[420,122,0],"t":517,"ti":[12.667,-4,0],"to":[-6.167,0,0]},{"o":{"x":0.333,"y":0},"i":{"x":0.833,"y":0.833},"s":[279,146,0],"t":632,"ti":[-10.833,0,0],"to":[-12.667,4,0]},{"o":{"x":0.167,"y":0.167},"i":{"x":0.667,"y":0.667},"s":[344,146,0],"t":644,"ti":null,"to":null},{"o":{"x":0.167,"y":0.167},"i":{"x":0.833,"y":0.833},"s":[344,146,0],"t":759,"ti":[-12.667,4,0],"to":[-4.667,0,0]},{"o":{"x":0.333,"y":0},"i":{"x":0.833,"y":0.833},"s":[316,146,0],"t":771,"ti":[6.167,0,0],"to":[12.667,-4,0]},{"o":{"x":0.167,"y":0.167},"i":{"x":0.833,"y":0.833},"s":[420,122,0],"t":788,"ti":[12.667,-4,0],"to":[-6.167,0,0]},{"o":{"x":0.333,"y":0},"i":{"x":0.833,"y":0.833},"s":[279,146,0],"t":901,"ti":[-10.833,0,0],"to":[-12.667,4,0]},{"o":{"x":0.167,"y":0.167},"i":{"x":0.667,"y":0.667},"s":[344,146,0],"t":913,"ti":null,"to":null},{"o":{"x":0.167,"y":0.167},"i":{"x":0.833,"y":0.833},"s":[344,146,0],"t":1028,"ti":[-12.667,4,0],"to":[-4.667,0,0]},{"o":{"x":0.333,"y":0},"i":{"x":0.833,"y":0.833},"s":[316,146,0],"t":1040,"ti":[6.167,0,0],"to":[12.667,-4,0]},{"o":{"x":0.167,"y":0.167},"i":{"x":0.833,"y":0.833},"s":[420,122,0],"t":1057,"ti":[12.667,-4,0],"to":[-6.167,0,0]},{"o":{"x":0.333,"y":0},"i":{"x":0.833,"y":0.833},"s":[279,146,0],"t":1172,"ti":[-10.833,0,0],"to":[-12.667,4,0]},{"o":{"x":0.167,"y":0.167},"i":{"x":0.667,"y":0.667},"s":[344,146,0],"t":1184,"ti":null,"to":null},{"o":{"x":0.167,"y":0.167},"i":{"x":0.833,"y":0.833},"s":[344,146,0],"t":1299,"ti":[-12.667,4,0],"to":[-4.667,0,0]},{"o":{"x":0.333,"y":0},"i":{"x":0.833,"y":0.833},"s":[316,146,0],"t":1311,"ti":[-17.333,4,0],"to":[12.667,-4,0]},{"o":{"x":0.167,"y":0.167},"i":{"x":0.833,"y":0.833},"s":[420,122,0],"t":1328}],"ix":2},"r":{"a":0,"k":0,"ix":10},"sa":{"a":0,"k":0},"o":{"a":1,"k":[{"o":{"x":0.167,"y":0.167},"i":{"x":0.833,"y":0.833},"s":[0],"t":81},{"o":{"x":0.167,"y":0.167},"i":{"x":0.833,"y":0.833},"s":[100],"t":93},{"o":{"x":0.333,"y":0},"i":{"x":0.833,"y":0.833},"s":[100],"t":221},{"o":{"x":0.167,"y":0.167},"i":{"x":0.833,"y":0.833},"s":[0],"t":238},{"o":{"x":0.167,"y":0.167},"i":{"x":0.833,"y":0.833},"s":[0],"t":360},{"o":{"x":0.167,"y":0.167},"i":{"x":0.833,"y":0.833},"s":[100],"t":372},{"o":{"x":0.333,"y":0},"i":{"x":0.833,"y":0.833},"s":[100],"t":500},{"o":{"x":0.167,"y":0.167},"i":{"x":0.833,"y":0.833},"s":[0],"t":517},{"o":{"x":0.167,"y":0.167},"i":{"x":0.833,"y":0.833},"s":[0],"t":631},{"o":{"x":0.167,"y":0.167},"i":{"x":0.833,"y":0.833},"s":[100],"t":643},{"o":{"x":0.333,"y":0},"i":{"x":0.833,"y":0.833},"s":[100],"t":771},{"o":{"x":0.167,"y":0.167},"i":{"x":0.833,"y":0.833},"s":[0],"t":788},{"o":{"x":0.167,"y":0.167},"i":{"x":0.833,"y":0.833},"s":[0],"t":900},{"o":{"x":0.167,"y":0.167},"i":{"x":0.833,"y":0.833},"s":[100],"t":912},{"o":{"x":0.333,"y":0},"i":{"x":0.833,"y":0.833},"s":[100],"t":1040},{"o":{"x":0.167,"y":0.167},"i":{"x":0.833,"y":0.833},"s":[0],"t":1057},{"o":{"x":0.167,"y":0.167},"i":{"x":0.833,"y":0.833},"s":[0],"t":1171},{"o":{"x":0.167,"y":0.167},"i":{"x":0.833,"y":0.833},"s":[100],"t":1183},{"o":{"x":0.333,"y":0},"i":{"x":0.833,"y":0.833},"s":[100],"t":1311},{"o":{"x":0.167,"y":0.167},"i":{"x":0.833,"y":0.833},"s":[0],"t":1328}],"ix":11}},"ef":[],"shapes":[{"ty":"gr","bm":0,"cl":"","ln":"","hd":false,"mn":"ADBE Vector Group","nm":"Group 1","ix":1,"cix":2,"np":4,"it":[{"ty":"sh","bm":0,"cl":"","ln":"","hd":false,"mn":"ADBE Vector Shape - Group","nm":"Path 1","ix":1,"d":1,"ks":{"a":0,"k":{"c":true,"i":[[38.238,-69.237],[-69.236,-38.238],[-38.238,69.237],[69.236,38.238]],"o":[[-38.238,-69.237],[-69.236,38.238],[38.238,69.237],[69.236,-38.238]],"v":[[0,-69.237],[-69.236,0],[0,69.237],[69.236,0]]},"ix":2},"_render":true},{"ty":"sh","bm":0,"cl":"","ln":"","hd":false,"mn":"ADBE Vector Shape - Group","nm":"Path 2","ix":2,"d":1,"ks":{"a":0,"k":{"c":true,"i":[[-35.502,-64.385],[64.385,-35.502],[35.502,64.385],[-64.385,35.502]],"o":[[35.502,-64.385],[64.385,35.502],[-35.502,64.385],[-64.385,-35.502]],"v":[[0,-64.385],[64.385,0],[0,64.385],[-64.385,0]]},"ix":2},"_render":true},{"ty":"mm","bm":0,"cl":"","ln":"","hd":false,"mn":"ADBE Vector Filter - Merge","nm":"Merge Paths 1","mm":1,"_render":true},{"ty":"fl","bm":0,"cl":"","ln":"","hd":false,"mn":"ADBE Vector Graphic - Fill","nm":"Fill 1","c":{"a":0,"k":[0.3724,0.1657,0.0076,1],"ix":4},"r":1,"o":{"a":0,"k":100,"ix":5},"_render":true},{"ty":"tr","a":{"a":0,"k":[0,0],"ix":1},"s":{"a":0,"k":[100,100],"ix":3},"sk":{"a":0,"k":0,"ix":4},"p":{"a":0,"k":[339.774,141.719],"ix":2},"r":{"a":0,"k":0,"ix":6},"sa":{"a":0,"k":0,"ix":5},"o":{"a":0,"k":100,"ix":7},"_render":true}],"_render":true}],"ind":18,"completed":true},{"ty":4,"nm":"Signo 01 - fill","mn":"","sr":1,"st":0,"op":1500,"ip":0,"hd":false,"cl":"","ln":"","ddd":0,"bm":0,"hasMask":false,"ao":0,"ks":{"a":{"a":0,"k":[250,250,0],"ix":1},"s":{"a":0,"k":[100,100,100],"ix":6},"sk":{"a":0,"k":0},"p":{"a":0,"k":[250,250,0],"ix":2},"r":{"a":0,"k":0,"ix":10},"sa":{"a":0,"k":0},"o":{"a":1,"k":[{"o":{"x":0.167,"y":0.167},"i":{"x":0.833,"y":0.833},"s":[0],"t":81},{"o":{"x":0.167,"y":0.167},"i":{"x":0.833,"y":0.833},"s":[100],"t":93},{"o":{"x":0.167,"y":0.167},"i":{"x":0.833,"y":0.833},"s":[100],"t":221},{"o":{"x":0.167,"y":0.167},"i":{"x":0.833,"y":0.833},"s":[0],"t":238},{"o":{"x":0.167,"y":0.167},"i":{"x":0.833,"y":0.833},"s":[0],"t":361},{"o":{"x":0.167,"y":0.167},"i":{"x":0.833,"y":0.833},"s":[100],"t":373},{"o":{"x":0.167,"y":0.167},"i":{"x":0.833,"y":0.833},"s":[100],"t":501},{"o":{"x":0.167,"y":0.167},"i":{"x":0.833,"y":0.833},"s":[0],"t":518},{"o":{"x":0.167,"y":0.167},"i":{"x":0.833,"y":0.833},"s":[0],"t":632},{"o":{"x":0.167,"y":0.167},"i":{"x":0.833,"y":0.833},"s":[100],"t":644},{"o":{"x":0.167,"y":0.167},"i":{"x":0.833,"y":0.833},"s":[100],"t":772},{"o":{"x":0.167,"y":0.167},"i":{"x":0.833,"y":0.833},"s":[0],"t":789},{"o":{"x":0.167,"y":0.167},"i":{"x":0.833,"y":0.833},"s":[0],"t":901},{"o":{"x":0.167,"y":0.167},"i":{"x":0.833,"y":0.833},"s":[100],"t":913},{"o":{"x":0.167,"y":0.167},"i":{"x":0.833,"y":0.833},"s":[100],"t":1041},{"o":{"x":0.167,"y":0.167},"i":{"x":0.833,"y":0.833},"s":[0],"t":1058},{"o":{"x":0.167,"y":0.167},"i":{"x":0.833,"y":0.833},"s":[0],"t":1172},{"o":{"x":0.167,"y":0.167},"i":{"x":0.833,"y":0.833},"s":[100],"t":1184},{"o":{"x":0.167,"y":0.167},"i":{"x":0.833,"y":0.833},"s":[100],"t":1312},{"o":{"x":0.167,"y":0.167},"i":{"x":0.833,"y":0.833},"s":[0],"t":1329}],"ix":11}},"ef":[],"shapes":[{"ty":"gr","bm":0,"cl":"","ln":"","hd":false,"mn":"ADBE Vector Group","nm":"Group 1","ix":1,"cix":2,"np":2,"it":[{"ty":"sh","bm":0,"cl":"","ln":"","hd":false,"mn":"ADBE Vector Shape - Group","nm":"Path 1","ix":1,"d":1,"ks":{"a":0,"k":{"c":true,"i":[[36.809,-66.649],[-66.649,-36.809],[-36.809,66.649],[66.649,36.809]],"o":[[-36.809,-66.649],[-66.649,36.809],[36.809,66.649],[66.649,-36.809]],"v":[[0,-66.649],[-66.649,0],[0,66.649],[66.649,0]]},"ix":2},"_render":true},{"ty":"fl","bm":0,"cl":"","ln":"","hd":false,"mn":"ADBE Vector Graphic - Fill","nm":"Fill 1","c":{"a":0,"k":[0.8927,0.8226,0.3673,1],"ix":4},"r":1,"o":{"a":0,"k":100,"ix":5},"_render":true},{"ty":"tr","a":{"a":0,"k":[0,0],"ix":1},"s":{"a":0,"k":[100,100],"ix":3},"sk":{"a":0,"k":0,"ix":4},"p":{"a":0,"k":[346.254,149.654],"ix":2},"r":{"a":0,"k":0,"ix":6},"sa":{"a":0,"k":0,"ix":5},"o":{"a":0,"k":100,"ix":7},"_render":true}],"_render":true}],"ind":19,"parent":18,"completed":true},{"ty":4,"nm":"bg","mn":"","sr":1,"st":0,"op":1500,"ip":0,"hd":false,"cl":"","ln":"","ddd":0,"bm":0,"hasMask":false,"ao":0,"ks":{"a":{"a":0,"k":[250,250,0],"ix":1},"s":{"a":1,"k":[{"o":{"x":0.333,"y":0},"i":{"x":0.667,"y":1},"s":[10,10,100],"t":0},{"o":{"x":0.333,"y":0},"i":{"x":0.667,"y":1},"s":[115,115,100],"t":24},{"o":{"x":0.333,"y":0},"i":{"x":0.833,"y":0.833},"s":[90,90,100],"t":42},{"o":{"x":0.167,"y":0},"i":{"x":0.667,"y":1},"s":[100,100,100],"t":49},{"o":{"x":0.333,"y":0},"i":{"x":0.667,"y":1},"s":[100,100,100],"t":1442},{"o":{"x":0.333,"y":0},"i":{"x":0.833,"y":0.833},"s":[115,115,100],"t":1458},{"o":{"x":0.167,"y":0.167},"i":{"x":0.833,"y":0.833},"s":[10,10,100],"t":1484}],"ix":6},"sk":{"a":0,"k":0},"p":{"a":0,"k":[250,250,0],"ix":2},"r":{"a":1,"k":[{"o":{"x":0.167,"y":0.167},"i":{"x":0.833,"y":0.833},"s":[0],"t":91},{"o":{"x":0.167,"y":0.167},"i":{"x":0.833,"y":0.833},"s":[15],"t":360},{"o":{"x":0.167,"y":0.167},"i":{"x":0.833,"y":0.833},"s":[0],"t":720},{"o":{"x":0.167,"y":0.167},"i":{"x":0.833,"y":0.833},"s":[-15],"t":1082},{"o":{"x":0.167,"y":0.167},"i":{"x":0.833,"y":0.833},"s":[0],"t":1434}],"ix":10},"sa":{"a":0,"k":0},"o":{"a":1,"k":[{"o":{"x":0.167,"y":0.167},"i":{"x":0.833,"y":0.833},"s":[0],"t":0},{"o":{"x":0.167,"y":0.167},"i":{"x":0.833,"y":0.833},"s":[100],"t":24},{"o":{"x":0.167,"y":0.167},"i":{"x":0.833,"y":0.833},"s":[100],"t":1458},{"o":{"x":0.167,"y":0.167},"i":{"x":0.833,"y":0.833},"s":[0],"t":1484}],"ix":11}},"ef":[],"shapes":[{"ty":"gr","bm":0,"cl":"","ln":"","hd":false,"mn":"ADBE Vector Group","nm":"Group 1","ix":1,"cix":2,"np":2,"it":[{"ty":"sh","bm":0,"cl":"","ln":"","hd":false,"mn":"ADBE Vector Shape - Group","nm":"Path 1","ix":1,"d":1,"ks":{"a":0,"k":{"c":true,"i":[[167.872,139.49099999999999],[67.575,-209.024],[-24.485999999999997,-62.251],[-167.872,33.32400000000001]],"o":[[155.578,-163.046],[-34.854,-169.411],[-71.156,10.756999999999998],[-159.812,209.024]],"v":[[159.042,-77.804],[16.361,-189.217],[-47.821,-25.747],[-163.842,121.174]]},"ix":2},"_render":true},{"ty":"fl","bm":0,"cl":"","ln":"","hd":false,"mn":"ADBE Vector Graphic - Fill","nm":"Fill 1","c":{"a":0,"k":[0.9961,0.9608,0.7412,1],"ix":4},"r":1,"o":{"a":0,"k":100,"ix":5},"_render":true},{"ty":"tr","a":{"a":0,"k":[0,0],"ix":1},"s":{"a":0,"k":[100,100],"ix":3},"sk":{"a":0,"k":0,"ix":4},"p":{"a":0,"k":[248.582,261.7],"ix":2},"r":{"a":0,"k":0,"ix":6},"sa":{"a":0,"k":0,"ix":5},"o":{"a":0,"k":100,"ix":7},"_render":true}],"_render":true}],"ind":20,"completed":true}],"ddd":0,"h":500,"w":500,"meta":{"a":"","k":"","d":"","g":"@lottiefiles/toolkit-js 0.22.1","tc":"#000000"},"v":"5.7.4","fr":60,"op":1500,"ip":0,"assets":[],"__complete":true}