{"nm":"0","layers":[{"ty":4,"nm":"T","sr":1,"st":0,"op":1500,"ip":0,"cl":"","ln":"","hasMask":false,"ao":0,"ks":{"a":{"a":0,"k":[250,250,0]},"s":{"a":0,"k":[100,100,100]},"sk":{"a":0,"k":0},"p":{"a":0,"k":[250,250,0]},"r":{"a":0,"k":0},"sa":{"a":0,"k":0},"o":{"a":1,"k":[{"o":{"x":0.167,"y":0.167},"i":{"x":0.833,"y":0.833},"s":[0],"t":31},{"o":{"x":0.167,"y":0.167},"i":{"x":0.833,"y":0.833},"s":[100],"t":53},{"o":{"x":0.167,"y":0.167},"i":{"x":0.833,"y":0.833},"s":[100],"t":1421},{"o":{"x":0.167,"y":0.167},"i":{"x":0.833,"y":0.833},"s":[0],"t":1436}]}},"ef":[],"shapes":[{"ty":"gr","cl":"","ln":"","nm":"G","it":[{"ty":"sh","cl":"","ln":"","nm":"P","d":1,"ks":{"a":0,"k":{"c":true,"i":[[-0.436,-7.096],[-2.962,-4.726],[-0.82,-0.258],[-3.959,6.056],[-2.188,7.096],[-0.411,6.769],[1.526,-5.391]],"o":[[-2.543,-6.008],[-2.352,-3.535],[-4.212,4.721],[-2.61,6.976],[-1.085,7.096],[4.213,-0.02],[0.865,-6.671]],"v":[[-1.489,-6.552],[-2.418,-3.672],[-3.544,3.741],[-2.979,6.724],[-1.772,7.096],[0.004,6.158],[1.409,-5.617]]}}},{"ty":"fl","cl":"","ln":"","nm":"F","c":{"a":0,"k":[0.372,0.166,0.008,1]},"r":1,"o":{"a":0,"k":100}},{"ty":"tr","a":{"a":0,"k":[0,0]},"s":{"a":0,"k":[100,100]},"sk":{"a":0,"k":0},"p":{"a":0,"k":[222.264,265.546]},"r":{"a":0,"k":0},"sa":{"a":0,"k":0},"o":{"a":0,"k":100}}]},{"ty":"gr","cl":"","ln":"","nm":"G","it":[{"ty":"sh","cl":"","ln":"","nm":"P","d":1,"ks":{"a":0,"k":{"c":true,"i":[[7.762,-1.298],[5.765,-4.131],[-6.048,-0.045],[-7.762,1.565],[-6.235,4.131],[-4.876,4.093],[6.046,0.313]],"o":[[6.986,-3.538],[4.643,-3.745],[-7.168,0.343],[-7.067,3.574],[-5.113,4.131],[-4.644,4.013],[7.167,-0.075]],"v":[[7.374,-2.418],[4.643,-3.745],[-6.048,-0.045],[-7.374,2.686],[-5.346,4.131],[-4.644,4.013],[6.046,0.313]]}}},{"ty":"fl","cl":"","ln":"","nm":"F","c":{"a":0,"k":[0.372,0.166,0.008,1]},"r":1,"o":{"a":0,"k":100}},{"ty":"tr","a":{"a":0,"k":[0,0]},"s":{"a":0,"k":[100,100]},"sk":{"a":0,"k":0},"p":{"a":0,"k":[235.878,256.401]},"r":{"a":0,"k":0},"sa":{"a":0,"k":0},"o":{"a":0,"k":100}}]},{"ty":"gr","cl":"","ln":"","nm":"G","it":[{"ty":"sh","cl":"","ln":"","nm":"P","d":1,"ks":{"a":0,"k":{"c":true,"i":[[11.293,-6.045],[-11.577,1.869],[-13.291,3.479],[-11.765,6.045],[-10.405,6.007],[11.576,-1.601],[13.291,-3.212]],"o":[[10.172,-5.659],[-12.697,2.257],[-12.596,5.488],[-10.642,6.045],[-10.173,5.927],[12.697,-1.989],[12.515,-5.453]],"v":[[10.172,-5.659],[-11.577,1.869],[-12.904,4.6],[-10.875,6.045],[-10.173,5.927],[11.576,-1.601],[12.903,-4.332]]}}},{"ty":"fl","cl":"","ln":"","nm":"F","c":{"a":0,"k":[0.372,0.166,0.008,1]},"r":1,"o":{"a":0,"k":100}},{"ty":"tr","a":{"a":0,"k":[0,0]},"s":{"a":0,"k":[100,100]},"sk":{"a":0,"k":0},"p":{"a":0,"k":[201.94,268.108]},"r":{"a":0,"k":0},"sa":{"a":0,"k":0},"o":{"a":0,"k":100}}]},{"ty":"gr","cl":"","ln":"","nm":"G","it":[{"ty":"sh","cl":"","ln":"","nm":"P","d":1,"ks":{"a":0,"k":{"c":true,"i":[[-0.437,-7.097],[-2.963,-4.726],[-0.821,-0.259],[-3.959,6.055],[-2.189,7.096],[-0.412,6.768],[1.525,-5.391]],"o":[[-2.544,-6.009],[-2.353,-3.535],[-4.213,4.721],[-2.61,6.975],[-1.087,7.096],[4.212,-0.02],[0.864,-6.671]],"v":[[-1.49,-6.553],[-2.419,-3.672],[-3.545,3.741],[-2.98,6.723],[-1.773,7.096],[0.003,6.158],[1.408,-5.617]]}}},{"ty":"fl","cl":"","ln":"","nm":"F","c":{"a":0,"k":[0.372,0.166,0.008,1]},"r":1,"o":{"a":0,"k":100}},{"ty":"tr","a":{"a":0,"k":[0,0]},"s":{"a":0,"k":[100,100]},"sk":{"a":0,"k":0},"p":{"a":0,"k":[202.531,207.439]},"r":{"a":0,"k":0},"sa":{"a":0,"k":0},"o":{"a":0,"k":100}}]},{"ty":"gr","cl":"","ln":"","nm":"G","it":[{"ty":"sh","cl":"","ln":"","nm":"P","d":1,"ks":{"a":0,"k":{"c":true,"i":[[21.194,-5.933],[19.198,-8.768],[-19.478,4.592],[-21.194,6.201],[-19.668,8.769],[-18.308,8.73],[19.479,-4.324]],"o":[[20.42,-8.175],[18.077,-8.381],[-20.599,4.979],[-20.5,8.21],[-18.545,8.769],[-18.076,8.65],[20.599,-4.711]],"v":[[20.807,-7.054],[18.077,-8.381],[-19.478,4.592],[-20.807,7.321],[-18.777,8.769],[-18.076,8.65],[19.479,-4.324]]}}},{"ty":"fl","cl":"","ln":"","nm":"F","c":{"a":0,"k":[0.372,0.166,0.008,1]},"r":1,"o":{"a":0,"k":100}},{"ty":"tr","a":{"a":0,"k":[0,0]},"s":{"a":0,"k":[100,100]},"sk":{"a":0,"k":0},"p":{"a":0,"k":[182.341,153.482]},"r":{"a":0,"k":0},"sa":{"a":0,"k":0},"o":{"a":0,"k":100}}]},{"ty":"gr","cl":"","ln":"","nm":"G","it":[{"ty":"sh","cl":"","ln":"","nm":"P","d":1,"ks":{"a":0,"k":{"c":true,"i":[[-6.234,4.132],[-4.874,4.095],[6.048,0.314],[7.762,-1.296],[5.766,-4.132],[-6.046,-0.044],[-7.761,1.567]],"o":[[-5.111,4.132],[-4.642,4.014],[7.168,-0.073],[6.987,-3.537],[4.644,-3.743],[-7.167,0.344],[-7.065,3.576]],"v":[[-5.344,4.132],[-4.642,4.014],[6.048,0.314],[7.375,-2.416],[4.644,-3.743],[-6.046,-0.044],[-7.373,2.688]]}}},{"ty":"fl","cl":"","ln":"","nm":"F","c":{"a":0,"k":[0.372,0.166,0.008,1]},"r":1,"o":{"a":0,"k":100}},{"ty":"tr","a":{"a":0,"k":[0,0]},"s":{"a":0,"k":[100,100]},"sk":{"a":0,"k":0},"p":{"a":0,"k":[216.143,198.292]},"r":{"a":0,"k":0},"sa":{"a":0,"k":0},"o":{"a":0,"k":100}}]},{"ty":"gr","cl":"","ln":"","nm":"G","it":[{"ty":"sh","cl":"","ln":"","nm":"P","d":1,"ks":{"a":0,"k":{"c":true,"i":[[13.292,-3.211],[11.294,-6.047],[-11.576,1.869],[-13.291,3.48],[-11.764,6.046],[-10.404,6.009],[11.577,-1.6]],"o":[[12.517,-5.451],[10.173,-5.658],[-12.697,2.257],[-12.595,5.488],[-10.641,6.046],[-10.172,5.928],[12.698,-1.988]],"v":[[12.904,-4.331],[10.173,-5.658],[-11.576,1.869],[-12.903,4.6],[-10.874,6.046],[-10.172,5.928],[11.577,-1.6]]}}},{"ty":"fl","cl":"","ln":"","nm":"F","c":{"a":0,"k":[0.372,0.166,0.008,1]},"r":1,"o":{"a":0,"k":100}},{"ty":"tr","a":{"a":0,"k":[0,0]},"s":{"a":0,"k":[100,100]},"sk":{"a":0,"k":0},"p":{"a":0,"k":[182.206,210]},"r":{"a":0,"k":0},"sa":{"a":0,"k":0},"o":{"a":0,"k":100}}]},{"ty":"gr","cl":"","ln":"","nm":"G","it":[{"ty":"sh","cl":"","ln":"","nm":"P","d":1,"ks":{"a":0,"k":{"c":true,"i":[[9.807,-1.999],[7.81,-4.835],[-8.091,0.658],[-9.807,2.267],[-8.281,4.835],[-6.921,4.797],[8.092,-0.39]],"o":[[9.033,-4.241],[6.69,-4.448],[-9.212,1.045],[-9.113,4.277],[-7.158,4.835],[-6.689,4.716],[9.212,-0.777]],"v":[[9.42,-3.12],[6.69,-4.448],[-8.091,0.658],[-9.42,3.388],[-7.391,4.835],[-6.689,4.716],[8.092,-0.39]]}}},{"ty":"fl","cl":"","ln":"","nm":"F","c":{"a":0,"k":[0.372,0.166,0.008,1]},"r":1,"o":{"a":0,"k":100}},{"ty":"tr","a":{"a":0,"k":[0,0]},"s":{"a":0,"k":[100,100]},"sk":{"a":0,"k":0},"p":{"a":0,"k":[166.66,145.966]},"r":{"a":0,"k":0},"sa":{"a":0,"k":0},"o":{"a":0,"k":100}}]}],"ind":1,"parent":2},{"ty":4,"nm":"T","sr":1,"st":0,"op":1500,"ip":0,"cl":"","ln":"","hasMask":false,"ao":0,"ks":{"a":{"a":0,"k":[250,250,0]},"s":{"a":0,"k":[100,100,100]},"sk":{"a":0,"k":0},"p":{"a":0,"k":[250,250,0]},"r":{"a":0,"k":0},"sa":{"a":0,"k":0},"o":{"a":1,"k":[{"o":{"x":0.167,"y":0.167},"i":{"x":0.833,"y":0.833},"s":[0],"t":31},{"o":{"x":0.167,"y":0.167},"i":{"x":0.833,"y":0.833},"s":[100],"t":53},{"o":{"x":0.167,"y":0.167},"i":{"x":0.833,"y":0.833},"s":[100],"t":1421},{"o":{"x":0.167,"y":0.167},"i":{"x":0.833,"y":0.833},"s":[0],"t":1436}]}},"ef":[],"shapes":[{"ty":"gr","cl":"","ln":"","nm":"G","it":[{"ty":"sh","cl":"","ln":"","nm":"P","d":1,"ks":{"a":0,"k":{"c":true,"i":[[93.787,100.232],[-1.89,133.892],[-14.452,133.016],[-94.661,-86.41],[-93.786,-98.972],[-72.944,-106.352],[-71.065,-101.239],[-66.166,-96.218],[-14.568,-115.18],[-9.548,-120.079],[-12.647,-128.511],[2.857,-133.891],[15.419,-133.017],[94.661,87.67]],"o":[[87.84,102.417],[-7.837,136.077],[-16.638,127.07],[-96.846,-92.357],[-87.84,-101.157],[-72.944,-106.352],[-69.845,-97.921],[-62.848,-97.437],[-11.25,-116.4],[-10.768,-123.398],[-12.647,-128.511],[8.803,-136.076],[17.604,-127.071],[96.847,93.617]],"v":[[87.84,102.417],[-1.89,133.892],[-16.638,127.07],[-94.661,-86.41],[-87.84,-101.157],[-72.944,-106.352],[-71.065,-101.239],[-62.848,-97.437],[-14.568,-115.18],[-10.768,-123.398],[-12.647,-128.511],[2.857,-133.891],[17.604,-127.071],[94.661,87.67]]}}},{"ty":"sh","cl":"","ln":"","nm":"P","d":1,"ks":{"a":0,"k":{"c":true,"i":[[102.232,94.44],[22.082,-128.715],[9.627,-141.463],[-91.461,-104.744],[-102.232,-93.18],[-21.116,128.717],[-8.66,141.462],[89.486,106.895]],"o":[[99.139,86.025],[18.989,-137.131],[-0.765,-137.479],[-97.901,-102.542],[-99.139,-84.765],[-18.023,137.132],[-0.245,138.369],[97.901,103.802]],"v":[[99.139,86.025],[22.082,-128.715],[-0.765,-137.479],[-91.461,-104.744],[-99.139,-84.765],[-21.116,128.717],[-0.245,138.369],[89.486,106.895]]}}},{"ty":"mm","cl":"","ln":"","nm":"M","mm":1},{"ty":"fl","cl":"","ln":"","nm":"F","c":{"a":0,"k":[0.372,0.166,0.008,1]},"r":1,"o":{"a":0,"k":100}},{"ty":"tr","a":{"a":0,"k":[0,0]},"s":{"a":0,"k":[100,100]},"sk":{"a":0,"k":0},"p":{"a":0,"k":[181.513,213.496]},"r":{"a":0,"k":0},"sa":{"a":0,"k":0},"o":{"a":0,"k":100}}]},{"ty":"gr","cl":"","ln":"","nm":"G","it":[{"ty":"sh","cl":"","ln":"","nm":"P","d":1,"ks":{"a":0,"k":{"c":true,"i":[[33.014,-12.767],[31.697,-14.125],[-32.477,9.192],[-33.834,10.507],[-33.014,12.767],[-31.697,14.125],[32.477,-9.191],[33.834,-10.507]],"o":[[32.688,-13.663],[30.801,-13.8],[-33.373,9.517],[-33.508,11.403],[-32.688,13.663],[-30.801,13.799],[33.373,-9.517],[33.509,-11.403]],"v":[[33.014,-12.767],[30.801,-13.8],[-32.477,9.192],[-33.508,11.403],[-33.014,12.767],[-30.801,13.799],[32.477,-9.191],[33.509,-11.403]]}}},{"ty":"fl","cl":"","ln":"","nm":"F","c":{"a":0,"k":[0.372,0.166,0.008,1]},"r":1,"o":{"a":0,"k":100}},{"ty":"tr","a":{"a":0,"k":[0,0]},"s":{"a":0,"k":[100,100]},"sk":{"a":0,"k":0},"p":{"a":0,"k":[221.024,320.099]},"r":{"a":0,"k":0},"sa":{"a":0,"k":0},"o":{"a":0,"k":100}}]}],"ind":2,"parent":7},{"ty":4,"nm":"T","sr":1,"st":0,"op":1500,"ip":0,"cl":"","ln":"","hasMask":false,"ao":0,"ks":{"a":{"a":0,"k":[250,250,0]},"s":{"a":0,"k":[100,100,100]},"sk":{"a":0,"k":0},"p":{"a":0,"k":[250,250,0]},"r":{"a":0,"k":0},"sa":{"a":0,"k":0},"o":{"a":1,"k":[{"o":{"x":0.167,"y":0.167},"i":{"x":0.833,"y":0.833},"s":[0],"t":31},{"o":{"x":0.167,"y":0.167},"i":{"x":0.833,"y":0.833},"s":[100],"t":53},{"o":{"x":0.167,"y":0.167},"i":{"x":0.833,"y":0.833},"s":[100],"t":1421},{"o":{"x":0.167,"y":0.167},"i":{"x":0.833,"y":0.833},"s":[0],"t":1436}]}},"ef":[],"shapes":[{"ty":"gr","cl":"","ln":"","nm":"G","it":[{"ty":"sh","cl":"","ln":"","nm":"P","d":1,"ks":{"a":0,"k":{"c":true,"i":[[8.655,21.801],[6.49,14.952],[12.701,6.969],[5.2,-4.359],[-7.221,-4.31],[-9.982,-11.703],[1.507,-10.214],[2.351,-8.389],[3.963,-11.601],[-1.976,-16.267],[-6.42,-21.48],[-7.384,-22.615],[-9.382,-21.388],[-7.214,-15.119],[-7.367,-15.048],[-11.33,-6.246],[-10.986,-5.055],[-0.676,-0.377],[6.941,-2.407],[4.281,12.943],[-4.675,9.368],[-6.611,7.727],[-8.202,7.844],[-4.959,13.684],[3.75,15.958],[4.824,19.313],[6.982,22.437]],"o":[[7.797,19.151],[11.361,11.939],[9.513,-1.576],[-5.565,-1.965],[-8.378,-5.296],[0.168,-14.261],[1.507,-10.214],[5.255,-9.605],[1.621,-15.875],[-4.487,-15.893],[-6.659,-22.173],[-8.925,-22.239],[-9.114,-20.612],[-7.311,-15.076],[-12.701,-12.059],[-11.018,-5.144],[-7.703,2.182],[-0.676,-0.377],[10.371,10.845],[-2.041,15.13],[-5.127,7.387],[-6.611,7.727],[-6.792,11.92],[-0.848,17.317],[3.75,15.958],[5.966,22.615],[7.554,22.239]],"v":[[8.226,20.476],[6.49,14.952],[11.107,2.697],[-0.183,-3.162],[-7.221,-4.31],[-5.057,-12.944],[1.507,-10.214],[3.803,-8.997],[3.963,-11.601],[-4.487,-15.893],[-6.42,-21.48],[-8.102,-22.44],[-9.114,-20.612],[-7.214,-15.119],[-7.367,-15.048],[-11.044,-5.235],[-10.947,-4.969],[-0.676,-0.377],[8.681,4.316],[4.281,12.943],[-4.675,9.368],[-6.611,7.727],[-7.497,9.882],[-4.959,13.684],[3.75,15.958],[5.395,20.964],[7.268,22.338]]}}},{"ty":"fl","cl":"","ln":"","nm":"F","c":{"a":0,"k":[0.868,0.786,0.252,1]},"r":1,"o":{"a":0,"k":100}},{"ty":"tr","a":{"a":0,"k":[0,0]},"s":{"a":0,"k":[100,100]},"sk":{"a":0,"k":0},"p":{"a":0,"k":[151.521,222.879]},"r":{"a":0,"k":0},"sa":{"a":0,"k":0},"o":{"a":0,"k":100}}]}],"ind":3,"parent":2},{"ty":4,"nm":"T","sr":1,"st":0,"op":1500,"ip":0,"cl":"","ln":"","hasMask":false,"ao":0,"ks":{"a":{"a":0,"k":[250,250,0]},"s":{"a":0,"k":[100,100,100]},"sk":{"a":0,"k":0},"p":{"a":0,"k":[250,250,0]},"r":{"a":0,"k":0},"sa":{"a":0,"k":0},"o":{"a":1,"k":[{"o":{"x":0.167,"y":0.167},"i":{"x":0.833,"y":0.833},"s":[0],"t":31},{"o":{"x":0.167,"y":0.167},"i":{"x":0.833,"y":0.833},"s":[100],"t":53},{"o":{"x":0.167,"y":0.167},"i":{"x":0.833,"y":0.833},"s":[100],"t":1421},{"o":{"x":0.167,"y":0.167},"i":{"x":0.833,"y":0.833},"s":[0],"t":1436}]}},"ef":[],"shapes":[{"ty":"gr","cl":"","ln":"","nm":"G","it":[{"ty":"sh","cl":"","ln":"","nm":"P","d":1,"ks":{"a":0,"k":{"c":true,"i":[[12.701,6.969],[5.2,-4.36],[-7.221,-4.311],[-9.982,-11.704],[1.507,-10.214],[2.352,-8.39],[3.963,-11.602],[-1.976,-16.267],[-6.42,-21.481],[-7.383,-22.615],[-9.382,-21.388],[-7.213,-15.12],[-7.366,-15.049],[-11.33,-6.247],[-10.986,-5.056],[-0.676,-0.378],[6.941,-2.408],[4.281,12.943],[-4.675,9.368],[-6.611,7.726],[-8.202,7.843],[-4.959,13.683],[3.751,15.957],[4.824,19.312],[6.982,22.437],[8.655,21.8],[6.491,14.952]],"o":[[9.513,-1.577],[-5.565,-1.966],[-8.378,-5.297],[0.169,-14.262],[1.507,-10.214],[5.255,-9.605],[1.621,-15.876],[-4.487,-15.894],[-6.659,-22.173],[-8.925,-22.24],[-9.113,-20.613],[-7.311,-15.076],[-12.701,-12.059],[-11.018,-5.145],[-7.703,2.181],[-0.676,-0.378],[10.372,10.845],[-2.041,15.129],[-5.127,7.386],[-6.611,7.726],[-6.792,11.92],[-0.848,17.316],[3.751,15.957],[5.966,22.615],[7.554,22.239],[7.797,19.15],[11.362,11.938]],"v":[[11.107,2.696],[-0.182,-3.163],[-7.221,-4.311],[-5.056,-12.945],[1.507,-10.214],[3.803,-8.998],[3.963,-11.602],[-4.487,-15.894],[-6.42,-21.481],[-8.101,-22.441],[-9.113,-20.613],[-7.213,-15.12],[-7.366,-15.049],[-11.044,-5.236],[-10.947,-4.969],[-0.676,-0.378],[8.681,4.315],[4.281,12.943],[-4.675,9.368],[-6.611,7.726],[-7.497,9.882],[-4.959,13.683],[3.751,15.957],[5.395,20.963],[7.268,22.338],[8.226,20.475],[6.491,14.952]]}}},{"ty":"fl","cl":"","ln":"","nm":"F","c":{"a":0,"k":[0.868,0.786,0.252,1]},"r":1,"o":{"a":0,"k":100}},{"ty":"tr","a":{"a":0,"k":[0,0]},"s":{"a":0,"k":[100,100]},"sk":{"a":0,"k":0},"p":{"a":0,"k":[171.081,279.175]},"r":{"a":0,"k":0},"sa":{"a":0,"k":0},"o":{"a":0,"k":100}}]}],"ind":4,"parent":2},{"ty":4,"nm":"i","sr":1,"st":0,"op":1500,"ip":0,"cl":"","ln":"","hasMask":false,"ao":0,"ks":{"a":{"a":0,"k":[250,250,0]},"s":{"a":0,"k":[100,100,100]},"sk":{"a":0,"k":0},"p":{"a":0,"k":[250,250,0]},"r":{"a":0,"k":0},"sa":{"a":0,"k":0},"o":{"a":1,"k":[{"o":{"x":0.167,"y":0.167},"i":{"x":0.833,"y":0.833},"s":[0],"t":31},{"o":{"x":0.167,"y":0.167},"i":{"x":0.833,"y":0.833},"s":[100],"t":53},{"o":{"x":0.167,"y":0.167},"i":{"x":0.833,"y":0.833},"s":[100],"t":1421},{"o":{"x":0.167,"y":0.167},"i":{"x":0.833,"y":0.833},"s":[0],"t":1436}]}},"ef":[],"shapes":[{"ty":"gr","cl":"","ln":"","nm":"G","it":[{"ty":"sh","cl":"","ln":"","nm":"P","d":1,"ks":{"a":0,"k":{"c":true,"i":[[0.251,-1.642],[8.094,0.09],[10.179,7.115],[-8.102,13.908],[-9.538,9.39],[-9.877,5.301],[-6.009,0.143],[-0.975,-1.367]],"o":[[4.246,-2.24],[9.21,3.78],[10.179,7.115],[-8.102,13.908],[-10.123,7.409],[-7.776,1.546],[-3.867,-0.499],[-0.975,-1.367]],"v":[[0.251,-1.642],[9.21,3.78],[10.179,7.115],[-8.102,13.908],[-9.538,9.39],[-8.842,3.451],[-3.867,-0.499],[-0.975,-1.367]]}}},{"ty":"sh","cl":"","ln":"","nm":"P","d":1,"ks":{"a":0,"k":{"c":true,"i":[[-8.561,-13.792],[-1.001,-12.782],[-2.011,-5.221],[-9.57,-6.231]],"o":[[-3.41,-14.564],[-0.229,-7.631],[-7.162,-4.45],[-10.342,-11.383]],"v":[[-5.986,-14.178],[-0.615,-10.206],[-4.586,-4.836],[-9.956,-8.807]]}}},{"ty":"sh","cl":"","ln":"","nm":"P","d":1,"ks":{"a":0,"k":{"c":true,"i":[[13.242,2.586],[7.629,-5.359],[3.853,-9.39],[-1.656,-18.841],[-14.869,-13.21],[-12.089,-3.182],[-14.94,6.024],[-11.816,16.109],[-9.304,18.841],[12.453,10.757],[14.939,8.417]],"o":[[11.816,-2.167],[3.596,-7.51],[2.551,-15.739],[-11.276,-17.885],[-13.706,-5.443],[-13.352,1.214],[-13.558,10.628],[-11.248,17.893],[-7.549,18.189],[14.064,10.158],[14.458,6.768]],"v":[[13.242,2.586],[2.861,-5.869],[3.46,-11.308],[-6.156,-18.393],[-14.116,-8.184],[-9.887,-1.855],[-13.558,10.628],[-11.816,16.109],[-7.549,18.189],[12.453,10.757],[14.458,6.768]]}}},{"ty":"mm","cl":"","ln":"","nm":"M","mm":1},{"ty":"fl","cl":"","ln":"","nm":"F","c":{"a":0,"k":[0.372,0.166,0.008,1]},"r":1,"o":{"a":0,"k":100}},{"ty":"tr","a":{"a":0,"k":[0,0]},"s":{"a":0,"k":[100,100]},"sk":{"a":0,"k":0},"p":{"a":0,"k":[135.455,165.215]},"r":{"a":0,"k":0},"sa":{"a":0,"k":0},"o":{"a":0,"k":100}}]}],"ind":5,"parent":2},{"ty":4,"nm":"i","sr":1,"st":0,"op":1500,"ip":0,"cl":"","ln":"","hasMask":false,"ao":0,"ks":{"a":{"a":0,"k":[250,250,0]},"s":{"a":0,"k":[100,100,100]},"sk":{"a":0,"k":0},"p":{"a":0,"k":[250,250,0]},"r":{"a":0,"k":0},"sa":{"a":0,"k":0},"o":{"a":1,"k":[{"o":{"x":0.167,"y":0.167},"i":{"x":0.833,"y":0.833},"s":[0],"t":31},{"o":{"x":0.167,"y":0.167},"i":{"x":0.833,"y":0.833},"s":[100],"t":53},{"o":{"x":0.167,"y":0.167},"i":{"x":0.833,"y":0.833},"s":[100],"t":1421},{"o":{"x":0.167,"y":0.167},"i":{"x":0.833,"y":0.833},"s":[0],"t":1436}]}},"ef":[],"shapes":[{"ty":"gr","cl":"","ln":"","nm":"G","it":[{"ty":"sh","cl":"","ln":"","nm":"P","d":1,"ks":{"a":0,"k":{"c":true,"i":[[10.669,-11.995],[-9.198,11.995],[15.077,2.848]],"o":[[-15.077,-3.385],[-9.198,11.995],[15.077,2.848]],"v":[[-2.204,-7.69],[-9.198,11.995],[15.077,2.848]]}}},{"ty":"fl","cl":"","ln":"","nm":"F","c":{"a":0,"k":[0.996,0.961,0.741,1]},"r":1,"o":{"a":0,"k":100}},{"ty":"tr","a":{"a":0,"k":[0,0]},"s":{"a":0,"k":[100,100]},"sk":{"a":0,"k":0},"p":{"a":0,"k":[140.9,171.901]},"r":{"a":0,"k":0},"sa":{"a":0,"k":0},"o":{"a":0,"k":100}}]},{"ty":"gr","cl":"","ln":"","nm":"G","it":[{"ty":"sh","cl":"","ln":"","nm":"P","d":1,"ks":{"a":0,"k":{"c":true,"i":[[-3.681,6.664],[6.665,3.681],[3.681,-6.664],[-6.665,-3.681]],"o":[[3.681,6.664],[6.665,-3.681],[-3.681,-6.664],[-6.665,3.681]],"v":[[0,6.664],[6.665,0],[0,-6.664],[-6.665,0]]}}},{"ty":"fl","cl":"","ln":"","nm":"F","c":{"a":0,"k":[0.996,0.961,0.741,1]},"r":1,"o":{"a":0,"k":100}},{"ty":"tr","a":{"a":0,"k":[0,0]},"s":{"a":0,"k":[100,100]},"sk":{"a":0,"k":0},"p":{"a":0,"k":[136.398,157.954]},"r":{"a":0,"k":0},"sa":{"a":0,"k":0},"o":{"a":0,"k":100}}]}],"ind":6,"parent":5},{"ty":4,"nm":"*","sr":1,"st":0,"op":1500,"ip":0,"cl":"","ln":"","hasMask":false,"ao":0,"ks":{"a":{"a":0,"k":[102,416,0]},"s":{"a":1,"k":[{"o":{"x":0.333,"y":0},"i":{"x":0.833,"y":0.833},"s":[70,70,100],"t":30},{"o":{"x":0.167,"y":0},"i":{"x":0.667,"y":1},"s":[100,100,100],"t":48},{"o":{"x":0.333,"y":0},"i":{"x":0.833,"y":0.833},"s":[100,100,100],"t":1421},{"o":{"x":0.167,"y":0.167},"i":{"x":0.833,"y":0.833},"s":[70,70,100],"t":1436}]},"sk":{"a":0,"k":0},"p":{"a":1,"k":[{"o":{"x":0.333,"y":0},"i":{"x":0.833,"y":0.833},"s":[72,416,0],"t":31},{"o":{"x":0.167,"y":0.167},"i":{"x":0.635,"y":0.635},"s":[102,416,0],"t":48},{"o":{"x":0.253,"y":0},"i":{"x":0.599,"y":1},"s":[102,416,0],"t":91},{"o":{"x":0.301,"y":0},"i":{"x":0.643,"y":0.829},"s":[82,436,0],"t":360,"ti":[-3.191,3.191,0],"to":[0,0,0]},{"o":{"x":0.329,"y":0.109},"i":{"x":0.67,"y":0.913},"s":[87.647,410.353,0],"t":720,"ti":[-2.977,-2.583,0],"to":[3.346,-3.346,0]},{"o":{"x":0.352,"y":0.146},"i":{"x":0.694,"y":1},"s":[118.123,431.837,0],"t":1079,"ti":[0,0,0],"to":[2.285,1.983,0]},{"o":{"x":0.333,"y":0},"i":{"x":0.833,"y":0.833},"s":[102,416,0],"t":1421,"ti":[7.5,-7.833,0],"to":[-7.5,7.833,0]},{"o":{"x":0.167,"y":0.167},"i":{"x":0.833,"y":0.833},"s":[57,463,0],"t":1436}]},"r":{"a":1,"k":[{"o":{"x":0.333,"y":0},"i":{"x":0.667,"y":1},"s":[66],"t":30},{"o":{"x":0.167,"y":0.167},"i":{"x":0.833,"y":0.833},"s":[-10],"t":48},{"o":{"x":0.167,"y":0},"i":{"x":0.667,"y":1},"s":[0],"t":59},{"o":{"x":0.333,"y":0},"i":{"x":0.667,"y":1},"s":[0],"t":1406},{"o":{"x":0.333,"y":0},"i":{"x":0.833,"y":0.833},"s":[-10],"t":1421},{"o":{"x":0.167,"y":0.167},"i":{"x":0.833,"y":0.833},"s":[45],"t":1436}]},"sa":{"a":0,"k":0},"o":{"a":1,"k":[{"o":{"x":0.333,"y":0},"i":{"x":0.833,"y":0.833},"s":[0],"t":30},{"o":{"x":0.167,"y":0},"i":{"x":0.667,"y":1},"s":[100],"t":48},{"o":{"x":0.333,"y":0},"i":{"x":0.833,"y":0.833},"s":[100],"t":1421},{"o":{"x":0.167,"y":0.167},"i":{"x":0.833,"y":0.833},"s":[0],"t":1436}]}},"ef":[],"shapes":[{"ty":"gr","cl":"","ln":"","nm":"G","it":[{"ty":"sh","cl":"","ln":"","nm":"P","d":1,"ks":{"a":0,"k":{"c":true,"i":[[-37.123,-109.924],[-38.008,-109.062],[-41.49,-124.839],[-38.16,-114.749]],"o":[[-37.435,-109.458],[-43.459,-120.993],[-39.539,-122.055],[-37.197,-110.704]],"v":[[-37.288,-109.678],[-40.079,-108.629],[-40.271,-125.99],[-37.504,-111.995]]}}},{"ty":"sh","cl":"","ln":"","nm":"P","d":1,"ks":{"a":0,"k":{"c":true,"i":[[59.854,46.166],[42.421,47.442],[2.078,-59.857],[0.732,-63.526],[-1.572,-61.832],[-4.059,-60.603],[-4.44,-60.773],[-12.968,-89.049],[-21.035,-114.901],[-26.417,-122.65],[-37.713,-132.043],[-48.865,-122.637],[-38.93,-54.908],[-42.912,-24.39],[-40.202,31.181],[-44.503,51.721],[-64.166,103.361],[-60.413,105.477],[-45.88,74.079],[-34.924,36.705],[-34.668,35.959],[-34.818,35.347],[-42.123,5.057],[-38.222,-27.153],[-31.463,-79.02],[-35.037,-106.18],[-33.361,-111.074],[-35.697,-122.282],[-32.272,-123.827],[-29.188,-119.113],[-22.236,-109.103],[-17.482,-89.177],[-10.259,-64.652],[-6.983,-57.027],[-2.632,-56.373],[34.119,39.85],[47.488,53.734],[47.661,70.442],[15.101,129.601],[18.865,132.042],[27.631,102.076],[62.329,49.696],[64.309,44.49]],"o":[[49.324,50.13],[37.882,37.76],[1.717,-60.842],[0.732,-63.526],[-3.465,-60.44],[-4.068,-60.606],[-6.131,-65.848],[-18.253,-110.897],[-25.638,-121.529],[-31.205,-130.12],[-45.367,-128.508],[-35.732,-79.423],[-42.46,-27.852],[-46.269,3.567],[-40.122,38.664],[-49.938,72.626],[-64.309,103.67],[-59.821,104.2],[-40.062,51.704],[-34.873,36.555],[-34.668,35.959],[-34.891,35.048],[-38.651,-23.856],[-34.805,-53.34],[-36.692,-105.461],[-33.033,-109.176],[-34.398,-115.43],[-34.445,-125.536],[-29.989,-120.265],[-24.694,-112.642],[-17.51,-89.285],[-17.187,-88.178],[-8.179,-58.413],[-3.997,-56.079],[4.298,-41.341],[39.497,51.32],[53.972,57.882],[23.74,100.058],[14.74,130.85],[18.951,131.744],[55.404,67.69],[62.617,48.938],[64.309,44.49]],"v":[[59.854,46.166],[40.464,43.269],[1.717,-60.842],[0.732,-63.526],[-1.572,-61.832],[-4.064,-60.604],[-4.846,-61.99],[-13.347,-90.336],[-24.885,-120.445],[-27.268,-123.978],[-41.482,-130.301],[-43.463,-104.863],[-42.023,-31.199],[-43.314,-21.039],[-39.135,35.752],[-47.092,61.678],[-64.309,103.67],[-60.413,105.477],[-42.936,62.758],[-34.873,36.555],[-34.668,35.959],[-34.818,35.347],[-39.051,-20.528],[-37.767,-30.643],[-39.017,-104.951],[-34.117,-107.556],[-33.791,-112.879],[-36.441,-126.27],[-30.883,-121.66],[-28.413,-117.997],[-17.51,-89.285],[-17.482,-89.177],[-8.919,-60.632],[-5.363,-56.513],[-1.42,-56.922],[36.577,45.091],[56.831,51.566],[37.93,82.49],[14.74,130.85],[18.865,132.042],[41.271,85.188],[62.617,48.938],[64.309,44.49]]}}},{"ty":"mm","cl":"","ln":"","nm":"M","mm":1},{"ty":"fl","cl":"","ln":"","nm":"F","c":{"a":0,"k":[0.372,0.166,0.008,1]},"r":1,"o":{"a":0,"k":100}},{"ty":"tr","a":{"a":0,"k":[0,0]},"s":{"a":0,"k":[100,100]},"sk":{"a":0,"k":0},"p":{"a":0,"k":[124.824,300.075]},"r":{"a":0,"k":0},"sa":{"a":0,"k":0},"o":{"a":0,"k":100}}]}],"ind":7},{"ty":4,"nm":"M","sr":1,"st":0,"op":1500,"ip":0,"cl":"","ln":"","hasMask":false,"ao":0,"ks":{"a":{"a":0,"k":[250,250,0]},"s":{"a":0,"k":[100,100,100]},"sk":{"a":0,"k":0},"p":{"a":0,"k":[250,250,0]},"r":{"a":0,"k":0},"sa":{"a":0,"k":0},"o":{"a":1,"k":[{"o":{"x":0.167,"y":0.167},"i":{"x":0.833,"y":0.833},"s":[0],"t":31},{"o":{"x":0.167,"y":0.167},"i":{"x":0.833,"y":0.833},"s":[100],"t":53},{"o":{"x":0.167,"y":0.167},"i":{"x":0.833,"y":0.833},"s":[100],"t":1421},{"o":{"x":0.167,"y":0.167},"i":{"x":0.833,"y":0.833},"s":[0],"t":1436}]}},"ef":[],"shapes":[{"ty":"gr","cl":"","ln":"","nm":"G","it":[{"ty":"sh","cl":"","ln":"","nm":"P","d":1,"ks":{"a":0,"k":{"c":false,"i":[[-63.747,103.327],[-49.376,72.284],[-39.56,38.321],[-45.708,3.223],[-41.899,-28.195],[-35.169,-79.767],[-44.627,-128.887],[-31.597,-130.464],[-26.03,-121.872],[-18.645,-111.24],[-6.523,-66.191],[-4.46,-60.949],[-3.857,-59.828],[0.34,-62.915],[1.325,-61.185],[37.49,37.417],[48.846,50.157],[63.746,44.592],[62.225,48.595],[55.013,67.346],[18.559,131.4]],"o":[[-63.604,103.018],[-43.941,51.379],[-39.64,30.837],[-42.351,-24.734],[-38.369,-55.252],[-48.302,-122.981],[-37.536,-131.699],[-26.809,-122.994],[-21.427,-115.245],[-13.36,-89.392],[-4.832,-61.116],[-4.451,-60.946],[-1.964,-61.221],[0.34,-62.915],[1.686,-60.199],[42.029,47.099],[59.376,46.193],[63.746,44.592],[61.937,49.353],[27.24,101.733],[18.473,131.698]],"v":[[-63.747,103.327],[-46.53,61.335],[-38.573,35.408],[-42.753,-21.383],[-41.462,-31.543],[-42.9,-105.207],[-41.396,-130.168],[-27.66,-124.322],[-25.277,-120.789],[-13.739,-90.68],[-5.238,-62.333],[-4.456,-60.948],[-1.964,-61.221],[0.34,-62.915],[1.325,-61.185],[40.072,42.926],[59.376,46.193],[63.746,44.592],[62.225,48.595],[40.88,84.845],[18.473,131.698]]}}},{"ty":"fl","cl":"","ln":"","nm":"F","c":{"a":0,"k":[1,1,1,1]},"r":1,"o":{"a":0,"k":100}},{"ty":"tr","a":{"a":0,"k":[0,0]},"s":{"a":0,"k":[100,100]},"sk":{"a":0,"k":0},"p":{"a":0,"k":[124.694,300.419]},"r":{"a":0,"k":0},"sa":{"a":0,"k":0},"o":{"a":0,"k":100}}]}],"ind":8,"parent":7},{"ty":4,"nm":"T","sr":1,"st":0,"op":1500,"ip":0,"cl":"","ln":"","hasMask":false,"ao":0,"ks":{"a":{"a":0,"k":[250,250,0]},"s":{"a":0,"k":[100,100,100]},"sk":{"a":0,"k":0},"p":{"a":0,"k":[250,250,0]},"r":{"a":0,"k":0},"sa":{"a":0,"k":0},"o":{"a":1,"k":[{"o":{"x":0.167,"y":0.167},"i":{"x":0.833,"y":0.833},"s":[0],"t":31},{"o":{"x":0.167,"y":0.167},"i":{"x":0.833,"y":0.833},"s":[100],"t":53},{"o":{"x":0.167,"y":0.167},"i":{"x":0.833,"y":0.833},"s":[100],"t":1421},{"o":{"x":0.167,"y":0.167},"i":{"x":0.833,"y":0.833},"s":[0],"t":1436}]}},"ef":[],"shapes":[{"ty":"gr","cl":"","ln":"","nm":"G","it":[{"ty":"sh","cl":"","ln":"","nm":"P","d":1,"ks":{"a":0,"k":{"c":true,"i":[[12.585,-142.481],[-94.421,-103.726],[-105.191,-92.162],[-24.076,129.734],[-11.62,142.481],[92.445,105.877],[105.191,93.421],[25.041,-129.735]],"o":[[2.194,-138.497],[-100.861,-101.524],[-102.099,-83.746],[-20.983,138.15],[-3.205,139.388],[100.86,102.784],[102.098,85.006],[21.948,-138.15]],"v":[[2.194,-138.497],[-94.421,-103.726],[-102.099,-83.746],[-24.076,129.734],[-3.205,139.388],[92.445,105.877],[102.098,85.006],[25.041,-129.735]]}}},{"ty":"fl","cl":"","ln":"","nm":"F","c":{"a":0,"k":[1,1,1,1]},"r":1,"o":{"a":0,"k":100}},{"ty":"tr","a":{"a":0,"k":[0,0]},"s":{"a":0,"k":[100,100]},"sk":{"a":0,"k":0},"p":{"a":0,"k":[192.995,225.419]},"r":{"a":0,"k":0},"sa":{"a":0,"k":0},"o":{"a":0,"k":100}}]}],"ind":9,"parent":2},{"ty":4,"nm":"d","sr":1,"st":0,"op":1500,"ip":0,"cl":"","ln":"","hasMask":false,"ao":0,"ks":{"a":{"a":0,"k":[250,250,0]},"s":{"a":0,"k":[100,100,100]},"sk":{"a":0,"k":0},"p":{"a":0,"k":[250,250,0]},"r":{"a":0,"k":0},"sa":{"a":0,"k":0},"o":{"a":1,"k":[{"o":{"x":0.167,"y":0.167},"i":{"x":0.833,"y":0.833},"s":[0],"t":31},{"o":{"x":0.167,"y":0.167},"i":{"x":0.833,"y":0.833},"s":[100],"t":53},{"o":{"x":0.167,"y":0.167},"i":{"x":0.833,"y":0.833},"s":[100],"t":1421},{"o":{"x":0.167,"y":0.167},"i":{"x":0.833,"y":0.833},"s":[0],"t":1436}]}},"ef":[],"shapes":[{"ty":"gr","cl":"","ln":"","nm":"G","it":[{"ty":"sh","cl":"","ln":"","nm":"P","d":1,"ks":{"a":0,"k":{"c":true,"i":[[12.666,-12.763],[-0.375,-21.003],[-13.181,-5.206],[-13.77,-3.154],[-10.943,-1.924],[-7.161,-6.495],[4.342,-14.402],[9.667,-7.031],[-4.431,17.949],[-4.776,20.192],[-3.227,21.003],[-1.612,20.673],[8.764,3.309]],"o":[[5.145,-18.612],[-10.116,-8.909],[-13.883,-4.357],[-12.146,-1.808],[-10.241,-2.773],[1.186,-16.856],[8.898,-10.858],[5.414,1.475],[-5.071,19.02],[-3.564,20.916],[-2.244,21.003],[-0.846,19.392],[13.884,-6.931]],"v":[[7.874,-16.49],[-6.679,-13.175],[-13.211,-5.169],[-12.958,-2.481],[-10.271,-2.735],[-3.707,-10.782],[5.53,-13.477],[7.639,-2.977],[-4.53,18.115],[-3.871,20.732],[-2.894,21.003],[-1.254,20.075],[11.053,-1.27]]}}},{"ty":"fl","cl":"","ln":"","nm":"F","c":{"a":0,"k":[0.372,0.166,0.008,1]},"r":1,"o":{"a":0,"k":100}},{"ty":"tr","a":{"a":0,"k":[0,0]},"s":{"a":0,"k":[100,100]},"sk":{"a":0,"k":0},"p":{"a":0,"k":[270.811,220.255]},"r":{"a":0,"k":0},"sa":{"a":0,"k":0},"o":{"a":0,"k":100}}]},{"ty":"gr","cl":"","ln":"","nm":"G","it":[{"ty":"sh","cl":"","ln":"","nm":"P","d":1,"ks":{"a":0,"k":{"c":true,"i":[[11.923,-10.895],[-2.257,-17.125],[-12.473,-4.357],[-12.991,-2.3],[-10.129,-1.154],[-7.406,-4.65],[2.357,-13.501],[8.924,-5.163],[-3.127,15.162],[-3.544,17.344],[-1.976,18.24],[-0.387,17.938],[8.002,5.215]],"o":[[2.479,-18.241],[-10.401,-7.018],[-13.141,-3.499],[-11.328,-1.005],[-9.461,-2.012],[-0.064,-13.765],[8.155,-8.99],[4.69,3.304],[-3.786,16.161],[-2.34,18.139],[-0.995,18.24],[0.306,16.888],[13.141,-5.063]],"v":[[7.131,-14.622],[-6.945,-11.307],[-12.493,-4.33],[-12.16,-1.652],[-9.482,-1.986],[-3.973,-8.913],[4.788,-11.609],[6.897,-1.109],[-3.205,15.281],[-2.664,17.925],[-1.615,18.24],[-0.02,17.383],[10.311,0.598]]}}},{"ty":"fl","cl":"","ln":"","nm":"F","c":{"a":0,"k":[0.372,0.166,0.008,1]},"r":1,"o":{"a":0,"k":100}},{"ty":"tr","a":{"a":0,"k":[0,0]},"s":{"a":0,"k":[100,100]},"sk":{"a":0,"k":0},"p":{"a":0,"k":[243.618,152.813]},"r":{"a":0,"k":0},"sa":{"a":0,"k":0},"o":{"a":0,"k":100}}]},{"ty":"gr","cl":"","ln":"","nm":"G","it":[{"ty":"sh","cl":"","ln":"","nm":"P","d":1,"ks":{"a":0,"k":{"c":true,"i":[[13.325,-7.261],[8.342,-14.905],[-12.442,-5.834],[-13.045,-3.224],[-10.074,-2.398],[-2.753,-13.947],[7.73,-10.534],[8.5,-5.541],[-4.535,15.273],[-5.004,17.46],[-3.428,18.394],[-1.852,18.107],[7.612,4.364]],"o":[[10.741,-13.176],[-4.583,-18.394],[-13.325,-4.4],[-11.25,-2.119],[-9.456,-3.403],[6.174,-11.538],[8.953,-7.734],[4.339,2.387],[-5.222,16.27],[-3.805,18.286],[-2.448,18.394],[-1.112,17.033],[11.672,-3.37]],"v":[[11.798,-10.757],[4.668,-15.896],[-12.772,-5.298],[-12.147,-2.671],[-9.522,-3.296],[3.673,-12.212],[8.3,-9.229],[6.916,-2.523],[-4.624,15.403],[-4.136,18.058],[-3.054,18.394],[-1.482,17.57],[10.295,-0.748]]}}},{"ty":"fl","cl":"","ln":"","nm":"F","c":{"a":0,"k":[0.372,0.166,0.008,1]},"r":1,"o":{"a":0,"k":100}},{"ty":"tr","a":{"a":0,"k":[0,0]},"s":{"a":0,"k":[100,100]},"sk":{"a":0,"k":0},"p":{"a":0,"k":[257.539,188.714]},"r":{"a":0,"k":0},"sa":{"a":0,"k":0},"o":{"a":0,"k":100}}]}],"ind":10,"parent":7},{"ty":4,"nm":"d","sr":1,"st":0,"op":1500,"ip":0,"cl":"","ln":"","hasMask":false,"ao":0,"ks":{"a":{"a":0,"k":[250,250,0]},"s":{"a":0,"k":[100,100,100]},"sk":{"a":0,"k":0},"p":{"a":0,"k":[250,250,0]},"r":{"a":0,"k":0},"sa":{"a":0,"k":0},"o":{"a":1,"k":[{"o":{"x":0.167,"y":0.167},"i":{"x":0.833,"y":0.833},"s":[0],"t":31},{"o":{"x":0.167,"y":0.167},"i":{"x":0.833,"y":0.833},"s":[100],"t":53},{"o":{"x":0.167,"y":0.167},"i":{"x":0.833,"y":0.833},"s":[100],"t":1421},{"o":{"x":0.167,"y":0.167},"i":{"x":0.833,"y":0.833},"s":[0],"t":1436}]}},"ef":[],"shapes":[{"ty":"gr","cl":"","ln":"","nm":"G","it":[{"ty":"sh","cl":"","ln":"","nm":"P","d":1,"ks":{"a":0,"k":{"c":true,"i":[[11.085,-11.992],[-1.652,-16.679],[-11.685,-4.326],[-2.836,18.721],[7.119,2.072]],"o":[[2.431,-18.722],[-8.623,-8.025],[-11.685,-4.326],[-2.836,18.721],[11.686,-7.063]],"v":[[6.758,-15.357],[-5.137,-12.352],[-11.685,-4.326],[-2.836,18.721],[9.402,-2.495]]}}},{"ty":"fl","cl":"","ln":"","nm":"F","c":{"a":0,"k":[1,1,1,1]},"r":1,"o":{"a":0,"k":100}},{"ty":"tr","a":{"a":0,"k":[0,0]},"s":{"a":0,"k":[100,100]},"sk":{"a":0,"k":0},"p":{"a":0,"k":[270.755,220.628]},"r":{"a":0,"k":0},"sa":{"a":0,"k":0},"o":{"a":0,"k":100}}]},{"ty":"gr","cl":"","ln":"","nm":"G","it":[{"ty":"sh","cl":"","ln":"","nm":"P","d":1,"ks":{"a":0,"k":{"c":true,"i":[[10.337,-9.676],[-1.924,-14.363],[-10.938,-3.085],[-1.562,16.406],[6.371,4.387]],"o":[[1.683,-16.406],[-8.895,-5.709],[-10.938,-3.085],[-1.562,16.406],[10.938,-4.748]],"v":[[6.01,-13.041],[-5.409,-10.036],[-10.938,-3.085],[-1.562,16.406],[8.654,-0.18]]}}},{"ty":"fl","cl":"","ln":"","nm":"F","c":{"a":0,"k":[1,1,1,1]},"r":1,"o":{"a":0,"k":100}},{"ty":"tr","a":{"a":0,"k":[0,0]},"s":{"a":0,"k":[100,100]},"sk":{"a":0,"k":0},"p":{"a":0,"k":[243.568,152.739]},"r":{"a":0,"k":0},"sa":{"a":0,"k":0},"o":{"a":0,"k":100}}]},{"ty":"gr","cl":"","ln":"","nm":"G","it":[{"ty":"sh","cl":"","ln":"","nm":"P","d":1,"ks":{"a":0,"k":{"c":true,"i":[[11.651,-12.039],[-11.65,-4.435],[-3.557,16.347],[5.441,3.295]],"o":[[-4.317,-16.347],[-11.65,-4.435],[-3.557,16.347],[10.764,-6.843]],"v":[[3.667,-14.193],[-11.65,-4.435],[-3.557,16.347],[8.102,-1.774]]}}},{"ty":"fl","cl":"","ln":"","nm":"F","c":{"a":0,"k":[1,1,1,1]},"r":1,"o":{"a":0,"k":100}},{"ty":"tr","a":{"a":0,"k":[0,0]},"s":{"a":0,"k":[100,100]},"sk":{"a":0,"k":0},"p":{"a":0,"k":[258.043,188.852]},"r":{"a":0,"k":0},"sa":{"a":0,"k":0},"o":{"a":0,"k":100}}]}],"ind":11,"parent":10},{"ty":4,"nm":"S","sr":1,"st":0,"op":1500,"ip":0,"cl":"","ln":"","hasMask":false,"ao":0,"ks":{"a":{"a":0,"k":[250,250,0]},"s":{"a":0,"k":[100,100,100]},"sk":{"a":0,"k":0},"p":{"a":0,"k":[250,250,0]},"r":{"a":0,"k":0},"sa":{"a":0,"k":0},"o":{"a":1,"k":[{"o":{"x":0.167,"y":0.167},"i":{"x":0.833,"y":0.833},"s":[0],"t":105},{"o":{"x":0.167,"y":0.167},"i":{"x":0.833,"y":0.833},"s":[100],"t":117},{"o":{"x":0.167,"y":0.167},"i":{"x":0.833,"y":0.833},"s":[100],"t":192},{"o":{"x":0.167,"y":0.167},"i":{"x":0.833,"y":0.833},"s":[0],"t":209},{"o":{"x":0.167,"y":0.167},"i":{"x":0.833,"y":0.833},"s":[0],"t":384},{"o":{"x":0.167,"y":0.167},"i":{"x":0.833,"y":0.833},"s":[100],"t":396},{"o":{"x":0.167,"y":0.167},"i":{"x":0.833,"y":0.833},"s":[100],"t":471},{"o":{"x":0.167,"y":0.167},"i":{"x":0.833,"y":0.833},"s":[0],"t":488},{"o":{"x":0.167,"y":0.167},"i":{"x":0.833,"y":0.833},"s":[0],"t":655},{"o":{"x":0.167,"y":0.167},"i":{"x":0.833,"y":0.833},"s":[100],"t":667},{"o":{"x":0.167,"y":0.167},"i":{"x":0.833,"y":0.833},"s":[100],"t":742},{"o":{"x":0.167,"y":0.167},"i":{"x":0.833,"y":0.833},"s":[0],"t":759},{"o":{"x":0.167,"y":0.167},"i":{"x":0.833,"y":0.833},"s":[0],"t":924},{"o":{"x":0.167,"y":0.167},"i":{"x":0.833,"y":0.833},"s":[100],"t":936},{"o":{"x":0.167,"y":0.167},"i":{"x":0.833,"y":0.833},"s":[100],"t":1011},{"o":{"x":0.167,"y":0.167},"i":{"x":0.833,"y":0.833},"s":[0],"t":1028},{"o":{"x":0.167,"y":0.167},"i":{"x":0.833,"y":0.833},"s":[0],"t":1195},{"o":{"x":0.167,"y":0.167},"i":{"x":0.833,"y":0.833},"s":[100],"t":1207},{"o":{"x":0.167,"y":0.167},"i":{"x":0.833,"y":0.833},"s":[100],"t":1282},{"o":{"x":0.167,"y":0.167},"i":{"x":0.833,"y":0.833},"s":[0],"t":1299}]}},"ef":[],"shapes":[{"ty":"gr","cl":"","ln":"","nm":"G","it":[{"ty":"sh","cl":"","ln":"","nm":"P","d":1,"ks":{"a":0,"k":{"c":true,"i":[[15.791,17.637],[10.704,-3.36],[-7.762,-9.969],[-7.913,-22.522],[8.346,-14.111],[8.626,-10.924],[12.733,-14.866],[6.408,-25.047],[2.595,-35.243],[1.769,-37.459],[-1.852,-36.698],[-1.98,-26.146],[-2.245,-26.123],[-12.829,-15.078],[-12.954,-13.109],[-0.145,-0.559],[12.245,0.5],[0.101,22.049],[-11.285,11.879],[-13.284,8.38],[-15.708,7.699],[-14.011,18.187],[-2.296,26.278],[-2.494,31.877],[-0.958,37.717],[1.866,37.664],[2.309,26.247]],"o":[[15.619,3.129],[-6.556,-5.568],[-8.953,-12.068],[8.52,-20.89],[8.346,-14.111],[13.585,-11.182],[11.539,-22.525],[2.48,-25.839],[2.609,-36.408],[-0.719,-37.727],[-1.868,-35.393],[-2.148,-26.134],[-11.761,-24.518],[-12.954,-13.26],[-11.943,-0.509],[-0.145,-0.559],[10.263,22.186],[-10.451,21.921],[-10.899,8.67],[-13.284,8.38],[-15.791,14.561],[-9.847,25.839],[-2.296,26.278],[-2.561,37.436],[-0.002,37.728],[2.007,33.236],[11.148,24.356]],"v":[[15.705,10.383],[2.074,-4.464],[-7.762,-9.969],[0.061,-21.73],[8.346,-14.111],[11.106,-11.053],[12.733,-14.866],[2.48,-25.839],[2.595,-35.243],[0.61,-37.584],[-1.868,-35.393],[-1.98,-26.146],[-2.245,-26.123],[-12.944,-13.41],[-12.942,-12.96],[-0.145,-0.559],[11.239,11.501],[0.101,22.049],[-11.285,11.879],[-13.284,8.38],[-15.749,11.13],[-14.011,18.187],[-2.296,26.278],[-2.528,34.656],[-0.48,37.723],[1.936,35.45],[2.309,26.247]]}}},{"ty":"fl","cl":"","ln":"","nm":"F","c":{"a":0,"k":[1,0.557,0.228,1]},"r":1,"o":{"a":0,"k":100}},{"ty":"tr","a":{"a":0,"k":[0,0]},"s":{"a":0,"k":[100,100]},"sk":{"a":0,"k":0},"p":{"a":0,"k":[391.869,299.102]},"r":{"a":0,"k":0},"sa":{"a":0,"k":0},"o":{"a":0,"k":100}}]}],"ind":12,"parent":14},{"ty":4,"nm":"S","sr":1,"st":0,"op":1500,"ip":0,"cl":"","ln":"","hasMask":false,"ao":0,"ks":{"a":{"a":0,"k":[250,250,0]},"s":{"a":0,"k":[100,100,100]},"sk":{"a":0,"k":0},"p":{"a":0,"k":[250,250,0]},"r":{"a":0,"k":0},"sa":{"a":0,"k":0},"o":{"a":1,"k":[{"o":{"x":0.167,"y":0.167},"i":{"x":0.833,"y":0.833},"s":[0],"t":105},{"o":{"x":0.167,"y":0.167},"i":{"x":0.833,"y":0.833},"s":[100],"t":117},{"o":{"x":0.167,"y":0.167},"i":{"x":0.833,"y":0.833},"s":[100],"t":192},{"o":{"x":0.167,"y":0.167},"i":{"x":0.833,"y":0.833},"s":[0],"t":209},{"o":{"x":0.167,"y":0.167},"i":{"x":0.833,"y":0.833},"s":[0],"t":384},{"o":{"x":0.167,"y":0.167},"i":{"x":0.833,"y":0.833},"s":[100],"t":396},{"o":{"x":0.167,"y":0.167},"i":{"x":0.833,"y":0.833},"s":[100],"t":471},{"o":{"x":0.167,"y":0.167},"i":{"x":0.833,"y":0.833},"s":[0],"t":488},{"o":{"x":0.167,"y":0.167},"i":{"x":0.833,"y":0.833},"s":[0],"t":655},{"o":{"x":0.167,"y":0.167},"i":{"x":0.833,"y":0.833},"s":[100],"t":667},{"o":{"x":0.167,"y":0.167},"i":{"x":0.833,"y":0.833},"s":[100],"t":742},{"o":{"x":0.167,"y":0.167},"i":{"x":0.833,"y":0.833},"s":[0],"t":759},{"o":{"x":0.167,"y":0.167},"i":{"x":0.833,"y":0.833},"s":[0],"t":924},{"o":{"x":0.167,"y":0.167},"i":{"x":0.833,"y":0.833},"s":[100],"t":936},{"o":{"x":0.167,"y":0.167},"i":{"x":0.833,"y":0.833},"s":[100],"t":1011},{"o":{"x":0.167,"y":0.167},"i":{"x":0.833,"y":0.833},"s":[0],"t":1028},{"o":{"x":0.167,"y":0.167},"i":{"x":0.833,"y":0.833},"s":[0],"t":1195},{"o":{"x":0.167,"y":0.167},"i":{"x":0.833,"y":0.833},"s":[100],"t":1207},{"o":{"x":0.167,"y":0.167},"i":{"x":0.833,"y":0.833},"s":[100],"t":1282},{"o":{"x":0.167,"y":0.167},"i":{"x":0.833,"y":0.833},"s":[0],"t":1299}]}},"ef":[],"shapes":[{"ty":"gr","cl":"","ln":"","nm":"G","it":[{"ty":"sh","cl":"","ln":"","nm":"P","d":1,"ks":{"a":0,"k":{"c":true,"i":[[-22.911,0.691],[-3.778,20.108],[-1.83,20.867],[-0.32,18.18],[-16.096,2.168],[21.004,2.168],[22.911,1.313],[22.058,-1.649],[-16.796,-1.649],[-1.059,-17.62],[-0.329,-19.579],[-1.935,-20.868],[-3.404,-20.678],[-21.959,-1.848]],"o":[[-21.959,1.656],[-3.038,20.859],[-0.329,19.388],[-1.059,17.429],[-16.096,2.168],[22.058,2.168],[22.911,-0.794],[21.004,-1.649],[-16.796,-1.649],[-0.32,-18.371],[-1.451,-20.685],[-2.912,-20.868],[-3.778,-20.299],[-22.911,-0.881]],"v":[[-21.959,1.656],[-3.778,20.108],[-1.079,20.128],[-1.059,17.429],[-16.096,2.168],[21.004,2.168],[22.911,0.259],[21.004,-1.649],[-16.796,-1.649],[-1.059,-17.62],[-1.079,-20.319],[-2.419,-20.868],[-3.778,-20.299],[-21.959,-1.848]]}}},{"ty":"fl","cl":"","ln":"","nm":"F","c":{"a":0,"k":[1,0.557,0.228,1]},"r":1,"o":{"a":0,"k":100}},{"ty":"tr","a":{"a":0,"k":[0,0]},"s":{"a":0,"k":[100,100]},"sk":{"a":0,"k":0},"p":{"a":0,"k":[342.535,299.615]},"r":{"a":0,"k":0},"sa":{"a":0,"k":0},"o":{"a":0,"k":100}}]}],"ind":13,"parent":14},{"ty":4,"nm":"*","sr":1,"st":0,"op":1500,"ip":0,"cl":"","ln":"","hasMask":false,"ao":0,"ks":{"a":{"a":0,"k":[372,300,0]},"s":{"a":1,"k":[{"o":{"x":0.333,"y":0},"i":{"x":0.667,"y":1},"s":[10,10,100],"t":104},{"o":{"x":0.167,"y":0.167},"i":{"x":0.833,"y":0.833},"s":[115,115,100],"t":117},{"o":{"x":0.333,"y":0},"i":{"x":0.833,"y":0.833},"s":[90,90,100],"t":129},{"o":{"x":0.167,"y":0},"i":{"x":0.667,"y":1},"s":[100,100,100],"t":138},{"o":{"x":0.333,"y":0},"i":{"x":0.833,"y":0.833},"s":[100,100,100],"t":192},{"o":{"x":0.167,"y":0.167},"i":{"x":0.833,"y":0.833},"s":[30,30,100],"t":209},{"o":{"x":0.333,"y":0},"i":{"x":0.667,"y":1},"s":[10,10,100],"t":384},{"o":{"x":0.167,"y":0.167},"i":{"x":0.833,"y":0.833},"s":[115,115,100],"t":397},{"o":{"x":0.333,"y":0},"i":{"x":0.833,"y":0.833},"s":[90,90,100],"t":409},{"o":{"x":0.167,"y":0},"i":{"x":0.667,"y":1},"s":[100,100,100],"t":418},{"o":{"x":0.333,"y":0},"i":{"x":0.833,"y":0.833},"s":[100,100,100],"t":472},{"o":{"x":0.167,"y":0.167},"i":{"x":0.833,"y":0.833},"s":[30,30,100],"t":489},{"o":{"x":0.333,"y":0},"i":{"x":0.667,"y":1},"s":[10,10,100],"t":655},{"o":{"x":0.167,"y":0.167},"i":{"x":0.833,"y":0.833},"s":[115,115,100],"t":668},{"o":{"x":0.333,"y":0},"i":{"x":0.833,"y":0.833},"s":[90,90,100],"t":680},{"o":{"x":0.167,"y":0},"i":{"x":0.667,"y":1},"s":[100,100,100],"t":689},{"o":{"x":0.333,"y":0},"i":{"x":0.833,"y":0.833},"s":[100,100,100],"t":743},{"o":{"x":0.167,"y":0.167},"i":{"x":0.833,"y":0.833},"s":[30,30,100],"t":760},{"o":{"x":0.333,"y":0},"i":{"x":0.667,"y":1},"s":[10,10,100],"t":924},{"o":{"x":0.167,"y":0.167},"i":{"x":0.833,"y":0.833},"s":[115,115,100],"t":937},{"o":{"x":0.333,"y":0},"i":{"x":0.833,"y":0.833},"s":[90,90,100],"t":949},{"o":{"x":0.167,"y":0},"i":{"x":0.667,"y":1},"s":[100,100,100],"t":958},{"o":{"x":0.333,"y":0},"i":{"x":0.833,"y":0.833},"s":[100,100,100],"t":1012},{"o":{"x":0.167,"y":0.167},"i":{"x":0.833,"y":0.833},"s":[30,30,100],"t":1029},{"o":{"x":0.333,"y":0},"i":{"x":0.667,"y":1},"s":[10,10,100],"t":1195},{"o":{"x":0.167,"y":0.167},"i":{"x":0.833,"y":0.833},"s":[115,115,100],"t":1208},{"o":{"x":0.333,"y":0},"i":{"x":0.833,"y":0.833},"s":[90,90,100],"t":1220},{"o":{"x":0.167,"y":0},"i":{"x":0.667,"y":1},"s":[100,100,100],"t":1229},{"o":{"x":0.333,"y":0},"i":{"x":0.833,"y":0.833},"s":[100,100,100],"t":1283},{"o":{"x":0.167,"y":0.167},"i":{"x":0.833,"y":0.833},"s":[30,30,100],"t":1300}]},"sk":{"a":0,"k":0},"p":{"a":1,"k":[{"o":{"x":0.333,"y":0},"i":{"x":0.833,"y":0.833},"s":[457,300,0],"t":104},{"o":{"x":0.167,"y":0.167},"i":{"x":0.667,"y":0.667},"s":[372,300,0],"t":117},{"o":{"x":0.333,"y":0},"i":{"x":0.667,"y":1},"s":[372,300,0],"t":180,"ti":[13,4.167,0],"to":[2.833,0,0]},{"o":{"x":0.333,"y":0},"i":{"x":0.833,"y":0.833},"s":[389,300,0],"t":192,"ti":[-11.333,0,0],"to":[-13,-4.167,0]},{"o":{"x":0.167,"y":0.167},"i":{"x":0.833,"y":0.833},"s":[294,275,0],"t":209,"ti":[-13,-4.167,0],"to":[11.333,0,0]},{"o":{"x":0.333,"y":0},"i":{"x":0.833,"y":0.833},"s":[457,300,0],"t":384,"ti":[14.167,0,0],"to":[13,4.167,0]},{"o":{"x":0.167,"y":0.167},"i":{"x":0.667,"y":0.667},"s":[372,300,0],"t":397},{"o":{"x":0.333,"y":0},"i":{"x":0.667,"y":1},"s":[372,300,0],"t":460,"ti":[13,4.167,0],"to":[2.833,0,0]},{"o":{"x":0.333,"y":0},"i":{"x":0.833,"y":0.833},"s":[389,300,0],"t":472,"ti":[-11.333,0,0],"to":[-13,-4.167,0]},{"o":{"x":0.167,"y":0.167},"i":{"x":0.833,"y":0.833},"s":[294,275,0],"t":489,"ti":[-13,-4.167,0],"to":[11.333,0,0]},{"o":{"x":0.333,"y":0},"i":{"x":0.833,"y":0.833},"s":[457,300,0],"t":655,"ti":[14.167,0,0],"to":[13,4.167,0]},{"o":{"x":0.167,"y":0.167},"i":{"x":0.667,"y":0.667},"s":[372,300,0],"t":668},{"o":{"x":0.333,"y":0},"i":{"x":0.667,"y":1},"s":[372,300,0],"t":731,"ti":[13,4.167,0],"to":[2.833,0,0]},{"o":{"x":0.333,"y":0},"i":{"x":0.833,"y":0.833},"s":[389,300,0],"t":743,"ti":[-11.333,0,0],"to":[-13,-4.167,0]},{"o":{"x":0.167,"y":0.167},"i":{"x":0.833,"y":0.833},"s":[294,275,0],"t":760,"ti":[-13,-4.167,0],"to":[11.333,0,0]},{"o":{"x":0.333,"y":0},"i":{"x":0.833,"y":0.833},"s":[457,300,0],"t":924,"ti":[14.167,0,0],"to":[13,4.167,0]},{"o":{"x":0.167,"y":0.167},"i":{"x":0.667,"y":0.667},"s":[372,300,0],"t":937},{"o":{"x":0.333,"y":0},"i":{"x":0.667,"y":1},"s":[372,300,0],"t":1000,"ti":[13,4.167,0],"to":[2.833,0,0]},{"o":{"x":0.333,"y":0},"i":{"x":0.833,"y":0.833},"s":[389,300,0],"t":1012,"ti":[-11.333,0,0],"to":[-13,-4.167,0]},{"o":{"x":0.167,"y":0.167},"i":{"x":0.833,"y":0.833},"s":[294,275,0],"t":1029,"ti":[-13,-4.167,0],"to":[11.333,0,0]},{"o":{"x":0.333,"y":0},"i":{"x":0.833,"y":0.833},"s":[457,300,0],"t":1195,"ti":[14.167,0,0],"to":[13,4.167,0]},{"o":{"x":0.167,"y":0.167},"i":{"x":0.667,"y":0.667},"s":[372,300,0],"t":1208},{"o":{"x":0.333,"y":0},"i":{"x":0.667,"y":1},"s":[372,300,0],"t":1271,"ti":[13,4.167,0],"to":[2.833,0,0]},{"o":{"x":0.333,"y":0},"i":{"x":0.833,"y":0.833},"s":[389,300,0],"t":1283,"ti":[15.833,4.167,0],"to":[-13,-4.167,0]},{"o":{"x":0.167,"y":0.167},"i":{"x":0.833,"y":0.833},"s":[294,275,0],"t":1300}]},"r":{"a":0,"k":0},"sa":{"a":0,"k":0},"o":{"a":1,"k":[{"o":{"x":0.333,"y":0},"i":{"x":0.833,"y":0.833},"s":[0],"t":105},{"o":{"x":0.167,"y":0},"i":{"x":0.667,"y":1},"s":[100],"t":117},{"o":{"x":0.333,"y":0},"i":{"x":0.833,"y":0.833},"s":[100],"t":192},{"o":{"x":0.167,"y":0.167},"i":{"x":0.833,"y":0.833},"s":[0],"t":209},{"o":{"x":0.333,"y":0},"i":{"x":0.833,"y":0.833},"s":[0],"t":385},{"o":{"x":0.167,"y":0},"i":{"x":0.667,"y":1},"s":[100],"t":397},{"o":{"x":0.333,"y":0},"i":{"x":0.833,"y":0.833},"s":[100],"t":472},{"o":{"x":0.167,"y":0.167},"i":{"x":0.833,"y":0.833},"s":[0],"t":489},{"o":{"x":0.333,"y":0},"i":{"x":0.833,"y":0.833},"s":[0],"t":656},{"o":{"x":0.167,"y":0},"i":{"x":0.667,"y":1},"s":[100],"t":668},{"o":{"x":0.333,"y":0},"i":{"x":0.833,"y":0.833},"s":[100],"t":743},{"o":{"x":0.167,"y":0.167},"i":{"x":0.833,"y":0.833},"s":[0],"t":760},{"o":{"x":0.333,"y":0},"i":{"x":0.833,"y":0.833},"s":[0],"t":925},{"o":{"x":0.167,"y":0},"i":{"x":0.667,"y":1},"s":[100],"t":937},{"o":{"x":0.333,"y":0},"i":{"x":0.833,"y":0.833},"s":[100],"t":1012},{"o":{"x":0.167,"y":0.167},"i":{"x":0.833,"y":0.833},"s":[0],"t":1029},{"o":{"x":0.333,"y":0},"i":{"x":0.833,"y":0.833},"s":[0],"t":1196},{"o":{"x":0.167,"y":0},"i":{"x":0.667,"y":1},"s":[100],"t":1208},{"o":{"x":0.333,"y":0},"i":{"x":0.833,"y":0.833},"s":[100],"t":1283},{"o":{"x":0.167,"y":0.167},"i":{"x":0.833,"y":0.833},"s":[0],"t":1300}]}},"ef":[],"shapes":[{"ty":"gr","cl":"","ln":"","nm":"G","it":[{"ty":"sh","cl":"","ln":"","nm":"P","d":1,"ks":{"a":0,"k":{"c":true,"i":[[38.238,-69.236],[-69.236,-38.238],[-38.238,69.237],[69.236,38.238]],"o":[[-38.238,-69.236],[-69.236,38.238],[38.238,69.237],[69.236,-38.238]],"v":[[0,-69.236],[-69.236,0],[0,69.237],[69.236,0]]}}},{"ty":"sh","cl":"","ln":"","nm":"P","d":1,"ks":{"a":0,"k":{"c":true,"i":[[-35.502,-64.385],[64.385,-35.502],[35.502,64.385],[-64.385,35.502]],"o":[[35.502,-64.385],[64.385,35.502],[-35.502,64.385],[-64.385,-35.502]],"v":[[0,-64.385],[64.385,0],[0,64.385],[-64.385,0]]}}},{"ty":"mm","cl":"","ln":"","nm":"M","mm":1},{"ty":"fl","cl":"","ln":"","nm":"F","c":{"a":0,"k":[0.372,0.166,0.008,1]},"r":1,"o":{"a":0,"k":100}},{"ty":"tr","a":{"a":0,"k":[0,0]},"s":{"a":0,"k":[100,100]},"sk":{"a":0,"k":0},"p":{"a":0,"k":[371.334,300.338]},"r":{"a":0,"k":0},"sa":{"a":0,"k":0},"o":{"a":0,"k":100}}]}],"ind":14},{"ty":4,"nm":"S","sr":1,"st":0,"op":1500,"ip":0,"cl":"","ln":"","hasMask":false,"ao":0,"ks":{"a":{"a":0,"k":[250,250,0]},"s":{"a":0,"k":[100,100,100]},"sk":{"a":0,"k":0},"p":{"a":0,"k":[250,250,0]},"r":{"a":0,"k":0},"sa":{"a":0,"k":0},"o":{"a":1,"k":[{"o":{"x":0.167,"y":0.167},"i":{"x":0.833,"y":0.833},"s":[0],"t":105},{"o":{"x":0.167,"y":0.167},"i":{"x":0.833,"y":0.833},"s":[100],"t":117},{"o":{"x":0.167,"y":0.167},"i":{"x":0.833,"y":0.833},"s":[100],"t":192},{"o":{"x":0.167,"y":0.167},"i":{"x":0.833,"y":0.833},"s":[0],"t":209},{"o":{"x":0.167,"y":0.167},"i":{"x":0.833,"y":0.833},"s":[0],"t":385},{"o":{"x":0.167,"y":0.167},"i":{"x":0.833,"y":0.833},"s":[100],"t":397},{"o":{"x":0.167,"y":0.167},"i":{"x":0.833,"y":0.833},"s":[100],"t":472},{"o":{"x":0.167,"y":0.167},"i":{"x":0.833,"y":0.833},"s":[0],"t":489},{"o":{"x":0.167,"y":0.167},"i":{"x":0.833,"y":0.833},"s":[0],"t":656},{"o":{"x":0.167,"y":0.167},"i":{"x":0.833,"y":0.833},"s":[100],"t":668},{"o":{"x":0.167,"y":0.167},"i":{"x":0.833,"y":0.833},"s":[100],"t":743},{"o":{"x":0.167,"y":0.167},"i":{"x":0.833,"y":0.833},"s":[0],"t":760},{"o":{"x":0.167,"y":0.167},"i":{"x":0.833,"y":0.833},"s":[0],"t":925},{"o":{"x":0.167,"y":0.167},"i":{"x":0.833,"y":0.833},"s":[100],"t":937},{"o":{"x":0.167,"y":0.167},"i":{"x":0.833,"y":0.833},"s":[100],"t":1012},{"o":{"x":0.167,"y":0.167},"i":{"x":0.833,"y":0.833},"s":[0],"t":1029},{"o":{"x":0.167,"y":0.167},"i":{"x":0.833,"y":0.833},"s":[0],"t":1195},{"o":{"x":0.167,"y":0.167},"i":{"x":0.833,"y":0.833},"s":[100],"t":1207},{"o":{"x":0.167,"y":0.167},"i":{"x":0.833,"y":0.833},"s":[100],"t":1282},{"o":{"x":0.167,"y":0.167},"i":{"x":0.833,"y":0.833},"s":[0],"t":1299}]}},"ef":[],"shapes":[{"ty":"gr","cl":"","ln":"","nm":"G","it":[{"ty":"sh","cl":"","ln":"","nm":"P","d":1,"ks":{"a":0,"k":{"c":true,"i":[[36.327,-65.776],[-65.776,-36.327],[-36.327,65.775],[65.776,36.327]],"o":[[-36.327,-65.776],[-65.776,36.327],[36.327,65.775],[65.776,-36.327]],"v":[[0,-65.776],[-65.776,0],[0,65.775],[65.776,0]]}}},{"ty":"fl","cl":"","ln":"","nm":"F","c":{"a":0,"k":[1,1,1,1]},"r":1,"o":{"a":0,"k":100}},{"ty":"tr","a":{"a":0,"k":[0,0]},"s":{"a":0,"k":[100,100]},"sk":{"a":0,"k":0},"p":{"a":0,"k":[365.528,308.67]},"r":{"a":0,"k":0},"sa":{"a":0,"k":0},"o":{"a":0,"k":100}}]}],"ind":15,"parent":14},{"ty":4,"nm":"S","sr":1,"st":0,"op":1500,"ip":0,"cl":"","ln":"","hasMask":false,"ao":0,"ks":{"a":{"a":0,"k":[250,250,0]},"s":{"a":0,"k":[100,100,100]},"sk":{"a":0,"k":0},"p":{"a":0,"k":[250,250,0]},"r":{"a":0,"k":0},"sa":{"a":0,"k":0},"o":{"a":1,"k":[{"o":{"x":0.167,"y":0.167},"i":{"x":0.833,"y":0.833},"s":[0],"t":81},{"o":{"x":0.167,"y":0.167},"i":{"x":0.833,"y":0.833},"s":[100],"t":93},{"o":{"x":0.167,"y":0.167},"i":{"x":0.833,"y":0.833},"s":[100],"t":221},{"o":{"x":0.167,"y":0.167},"i":{"x":0.833,"y":0.833},"s":[0],"t":238},{"o":{"x":0.167,"y":0.167},"i":{"x":0.833,"y":0.833},"s":[0],"t":361},{"o":{"x":0.167,"y":0.167},"i":{"x":0.833,"y":0.833},"s":[100],"t":373},{"o":{"x":0.167,"y":0.167},"i":{"x":0.833,"y":0.833},"s":[100],"t":501},{"o":{"x":0.167,"y":0.167},"i":{"x":0.833,"y":0.833},"s":[0],"t":518},{"o":{"x":0.167,"y":0.167},"i":{"x":0.833,"y":0.833},"s":[0],"t":632},{"o":{"x":0.167,"y":0.167},"i":{"x":0.833,"y":0.833},"s":[100],"t":644},{"o":{"x":0.167,"y":0.167},"i":{"x":0.833,"y":0.833},"s":[100],"t":772},{"o":{"x":0.167,"y":0.167},"i":{"x":0.833,"y":0.833},"s":[0],"t":789},{"o":{"x":0.167,"y":0.167},"i":{"x":0.833,"y":0.833},"s":[0],"t":901},{"o":{"x":0.167,"y":0.167},"i":{"x":0.833,"y":0.833},"s":[100],"t":913},{"o":{"x":0.167,"y":0.167},"i":{"x":0.833,"y":0.833},"s":[100],"t":1041},{"o":{"x":0.167,"y":0.167},"i":{"x":0.833,"y":0.833},"s":[0],"t":1058},{"o":{"x":0.167,"y":0.167},"i":{"x":0.833,"y":0.833},"s":[0],"t":1172},{"o":{"x":0.167,"y":0.167},"i":{"x":0.833,"y":0.833},"s":[100],"t":1184},{"o":{"x":0.167,"y":0.167},"i":{"x":0.833,"y":0.833},"s":[100],"t":1312},{"o":{"x":0.167,"y":0.167},"i":{"x":0.833,"y":0.833},"s":[0],"t":1329}]}},"ef":[],"shapes":[{"ty":"gr","cl":"","ln":"","nm":"G","it":[{"ty":"sh","cl":"","ln":"","nm":"P","d":1,"ks":{"a":0,"k":{"c":true,"i":[[15.797,17.562],[10.613,-3.411],[-7.883,-9.934],[-8.093,-22.487],[8.206,-14.151],[8.5,-10.966],[12.589,-14.927],[6.217,-25.078],[2.356,-35.256],[1.521,-37.469],[-2.097,-36.691],[-2.176,-26.139],[-2.441,-26.115],[-12.973,-15.021],[-13.089,-13.052],[-0.223,-0.561],[12.172,0.441],[0.128,22.048],[-11.305,11.929],[-13.32,8.44],[-15.747,7.77],[-14.002,18.25],[-2.249,26.286],[-2.421,31.887],[-0.858,37.719],[1.965,37.653],[2.355,26.234]],"o":[[15.559,3.054],[-6.657,-5.538],[-9.083,-12.028],[8.349,-20.932],[8.206,-14.151],[13.459,-11.247],[11.359,-22.58],[2.286,-25.851],[2.365,-36.422],[-0.969,-37.726],[-2.107,-35.386],[-2.343,-26.126],[-11.949,-24.465],[-13.09,-13.202],[-12.02,-0.456],[-0.223,-0.561],[10.29,22.136],[-10.425,21.968],[-10.933,8.718],[-13.32,8.44],[-15.798,14.631],[-9.803,25.882],[-2.249,26.286],[-2.463,37.446],[0.097,37.726],[2.086,33.224],[11.186,24.302]],"v":[[15.678,10.308],[1.978,-4.475],[-7.883,-9.934],[-0.115,-21.732],[8.206,-14.151],[10.98,-11.107],[12.589,-14.927],[2.286,-25.851],[2.356,-35.256],[0.361,-37.589],[-2.107,-35.386],[-2.176,-26.139],[-2.441,-26.115],[-13.08,-13.352],[-13.077,-12.902],[-0.223,-0.561],[11.218,11.447],[0.128,22.048],[-11.305,11.929],[-13.32,8.44],[-15.773,11.201],[-14.002,18.25],[-2.249,26.286],[-2.442,34.667],[-0.38,37.722],[2.025,35.439],[2.355,26.234]]}}},{"ty":"fl","cl":"","ln":"","nm":"F","c":{"a":0,"k":[1,0.557,0.228,1]},"r":1,"o":{"a":0,"k":100}},{"ty":"tr","a":{"a":0,"k":[0,0]},"s":{"a":0,"k":[100,100]},"sk":{"a":0,"k":0},"p":{"a":0,"k":[360.238,140.007]},"r":{"a":0,"k":0},"sa":{"a":0,"k":0},"o":{"a":0,"k":100}}]}],"ind":16,"parent":18},{"ty":4,"nm":"S","sr":1,"st":0,"op":1500,"ip":0,"cl":"","ln":"","hasMask":false,"ao":0,"ks":{"a":{"a":0,"k":[250,250,0]},"s":{"a":0,"k":[100,100,100]},"sk":{"a":0,"k":0},"p":{"a":0,"k":[250,250,0]},"r":{"a":0,"k":0},"sa":{"a":0,"k":0},"o":{"a":1,"k":[{"o":{"x":0.167,"y":0.167},"i":{"x":0.833,"y":0.833},"s":[3],"t":81},{"o":{"x":0.167,"y":0.167},"i":{"x":0.833,"y":0.833},"s":[100],"t":93},{"o":{"x":0.167,"y":0.167},"i":{"x":0.833,"y":0.833},"s":[100],"t":221},{"o":{"x":0.167,"y":0.167},"i":{"x":0.833,"y":0.833},"s":[0],"t":238},{"o":{"x":0.167,"y":0.167},"i":{"x":0.833,"y":0.833},"s":[3],"t":361},{"o":{"x":0.167,"y":0.167},"i":{"x":0.833,"y":0.833},"s":[100],"t":373},{"o":{"x":0.167,"y":0.167},"i":{"x":0.833,"y":0.833},"s":[100],"t":501},{"o":{"x":0.167,"y":0.167},"i":{"x":0.833,"y":0.833},"s":[0],"t":518},{"o":{"x":0.167,"y":0.167},"i":{"x":0.833,"y":0.833},"s":[3],"t":632},{"o":{"x":0.167,"y":0.167},"i":{"x":0.833,"y":0.833},"s":[100],"t":644},{"o":{"x":0.167,"y":0.167},"i":{"x":0.833,"y":0.833},"s":[100],"t":772},{"o":{"x":0.167,"y":0.167},"i":{"x":0.833,"y":0.833},"s":[0],"t":789},{"o":{"x":0.167,"y":0.167},"i":{"x":0.833,"y":0.833},"s":[3],"t":901},{"o":{"x":0.167,"y":0.167},"i":{"x":0.833,"y":0.833},"s":[100],"t":913},{"o":{"x":0.167,"y":0.167},"i":{"x":0.833,"y":0.833},"s":[100],"t":1041},{"o":{"x":0.167,"y":0.167},"i":{"x":0.833,"y":0.833},"s":[0],"t":1058},{"o":{"x":0.167,"y":0.167},"i":{"x":0.833,"y":0.833},"s":[3],"t":1172},{"o":{"x":0.167,"y":0.167},"i":{"x":0.833,"y":0.833},"s":[100],"t":1184},{"o":{"x":0.167,"y":0.167},"i":{"x":0.833,"y":0.833},"s":[100],"t":1312},{"o":{"x":0.167,"y":0.167},"i":{"x":0.833,"y":0.833},"s":[0],"t":1329}]}},"ef":[],"shapes":[{"ty":"gr","cl":"","ln":"","nm":"G","it":[{"ty":"sh","cl":"","ln":"","nm":"P","d":1,"ks":{"a":0,"k":{"c":true,"i":[[22.912,-0.692],[3.779,-20.109],[1.83,-20.867],[0.32,-18.18],[16.096,-2.169],[-21.004,-2.169],[-22.911,-1.314],[-22.058,1.649],[16.796,1.649],[1.059,17.619],[0.329,19.578],[1.935,20.868],[3.406,20.678],[21.96,1.848]],"o":[[21.96,-1.657],[3.039,-20.86],[0.329,-19.388],[1.059,-17.429],[16.096,-2.169],[-22.058,-2.169],[-22.911,0.793],[-21.004,1.649],[16.796,1.649],[0.32,18.37],[1.451,20.684],[2.912,20.868],[3.779,20.299],[22.912,0.881]],"v":[[21.96,-1.657],[3.779,-20.109],[1.079,-20.128],[1.059,-17.429],[16.096,-2.169],[-21.004,-2.169],[-22.911,-0.26],[-21.004,1.649],[16.796,1.649],[1.059,17.619],[1.079,20.318],[2.419,20.868],[3.779,20.299],[21.96,1.848]]}}},{"ty":"fl","cl":"","ln":"","nm":"F","c":{"a":0,"k":[1,0.557,0.228,1]},"r":1,"o":{"a":0,"k":100}},{"ty":"tr","a":{"a":0,"k":[0,0]},"s":{"a":0,"k":[100,100]},"sk":{"a":0,"k":0},"p":{"a":0,"k":[310.592,140.328]},"r":{"a":0,"k":0},"sa":{"a":0,"k":0},"o":{"a":0,"k":100}}]}],"ind":17,"parent":18},{"ty":4,"nm":"*","sr":1,"st":0,"op":1500,"ip":0,"cl":"","ln":"","hasMask":false,"ao":0,"ks":{"a":{"a":0,"k":[344,146,0]},"s":{"a":1,"k":[{"o":{"x":0.333,"y":0},"i":{"x":0.667,"y":1},"s":[10,10,100],"t":82},{"o":{"x":0.167,"y":0.167},"i":{"x":0.833,"y":0.833},"s":[115,115,100],"t":93},{"o":{"x":0.333,"y":0},"i":{"x":0.833,"y":0.833},"s":[90,90,100],"t":105},{"o":{"x":0.167,"y":0.167},"i":{"x":0.833,"y":0.833},"s":[100,100,100],"t":114},{"o":{"x":0.333,"y":0},"i":{"x":0.833,"y":0.833},"s":[100,100,100],"t":221},{"o":{"x":0.167,"y":0.167},"i":{"x":0.833,"y":0.833},"s":[30,30,100],"t":238},{"o":{"x":0.333,"y":0},"i":{"x":0.667,"y":1},"s":[10,10,100],"t":361},{"o":{"x":0.167,"y":0.167},"i":{"x":0.833,"y":0.833},"s":[115,115,100],"t":372},{"o":{"x":0.333,"y":0},"i":{"x":0.833,"y":0.833},"s":[90,90,100],"t":384},{"o":{"x":0.167,"y":0.167},"i":{"x":0.833,"y":0.833},"s":[100,100,100],"t":393},{"o":{"x":0.333,"y":0},"i":{"x":0.833,"y":0.833},"s":[100,100,100],"t":500},{"o":{"x":0.167,"y":0.167},"i":{"x":0.833,"y":0.833},"s":[30,30,100],"t":517},{"o":{"x":0.333,"y":0},"i":{"x":0.667,"y":1},"s":[10,10,100],"t":632},{"o":{"x":0.167,"y":0.167},"i":{"x":0.833,"y":0.833},"s":[115,115,100],"t":643},{"o":{"x":0.333,"y":0},"i":{"x":0.833,"y":0.833},"s":[90,90,100],"t":655},{"o":{"x":0.167,"y":0.167},"i":{"x":0.833,"y":0.833},"s":[100,100,100],"t":664},{"o":{"x":0.333,"y":0},"i":{"x":0.833,"y":0.833},"s":[100,100,100],"t":771},{"o":{"x":0.167,"y":0.167},"i":{"x":0.833,"y":0.833},"s":[30,30,100],"t":788},{"o":{"x":0.333,"y":0},"i":{"x":0.667,"y":1},"s":[10,10,100],"t":901},{"o":{"x":0.167,"y":0.167},"i":{"x":0.833,"y":0.833},"s":[115,115,100],"t":912},{"o":{"x":0.333,"y":0},"i":{"x":0.833,"y":0.833},"s":[90,90,100],"t":924},{"o":{"x":0.167,"y":0.167},"i":{"x":0.833,"y":0.833},"s":[100,100,100],"t":933},{"o":{"x":0.333,"y":0},"i":{"x":0.833,"y":0.833},"s":[100,100,100],"t":1040},{"o":{"x":0.167,"y":0.167},"i":{"x":0.833,"y":0.833},"s":[30,30,100],"t":1057},{"o":{"x":0.333,"y":0},"i":{"x":0.667,"y":1},"s":[10,10,100],"t":1172},{"o":{"x":0.167,"y":0.167},"i":{"x":0.833,"y":0.833},"s":[115,115,100],"t":1183},{"o":{"x":0.333,"y":0},"i":{"x":0.833,"y":0.833},"s":[90,90,100],"t":1195},{"o":{"x":0.167,"y":0.167},"i":{"x":0.833,"y":0.833},"s":[100,100,100],"t":1204},{"o":{"x":0.333,"y":0},"i":{"x":0.833,"y":0.833},"s":[100,100,100],"t":1311},{"o":{"x":0.167,"y":0.167},"i":{"x":0.833,"y":0.833},"s":[30,30,100],"t":1328}]},"sk":{"a":0,"k":0},"p":{"a":1,"k":[{"o":{"x":0.333,"y":0},"i":{"x":0.833,"y":0.833},"s":[279,146,0],"t":82},{"o":{"x":0.167,"y":0.167},"i":{"x":0.667,"y":0.667},"s":[344,146,0],"t":94},{"o":{"x":0.167,"y":0.167},"i":{"x":0.833,"y":0.833},"s":[344,146,0],"t":209,"ti":[-12.667,4,0],"to":[-4.667,0,0]},{"o":{"x":0.333,"y":0},"i":{"x":0.833,"y":0.833},"s":[316,146,0],"t":221,"ti":[6.167,0,0],"to":[12.667,-4,0]},{"o":{"x":0.167,"y":0.167},"i":{"x":0.833,"y":0.833},"s":[420,122,0],"t":238,"ti":[12.667,-4,0],"to":[-6.167,0,0]},{"o":{"x":0.333,"y":0},"i":{"x":0.833,"y":0.833},"s":[279,146,0],"t":361,"ti":[-10.833,0,0],"to":[-12.667,4,0]},{"o":{"x":0.167,"y":0.167},"i":{"x":0.667,"y":0.667},"s":[344,146,0],"t":373},{"o":{"x":0.167,"y":0.167},"i":{"x":0.833,"y":0.833},"s":[344,146,0],"t":488,"ti":[-12.667,4,0],"to":[-4.667,0,0]},{"o":{"x":0.333,"y":0},"i":{"x":0.833,"y":0.833},"s":[316,146,0],"t":500,"ti":[6.167,0,0],"to":[12.667,-4,0]},{"o":{"x":0.167,"y":0.167},"i":{"x":0.833,"y":0.833},"s":[420,122,0],"t":517,"ti":[12.667,-4,0],"to":[-6.167,0,0]},{"o":{"x":0.333,"y":0},"i":{"x":0.833,"y":0.833},"s":[279,146,0],"t":632,"ti":[-10.833,0,0],"to":[-12.667,4,0]},{"o":{"x":0.167,"y":0.167},"i":{"x":0.667,"y":0.667},"s":[344,146,0],"t":644},{"o":{"x":0.167,"y":0.167},"i":{"x":0.833,"y":0.833},"s":[344,146,0],"t":759,"ti":[-12.667,4,0],"to":[-4.667,0,0]},{"o":{"x":0.333,"y":0},"i":{"x":0.833,"y":0.833},"s":[316,146,0],"t":771,"ti":[6.167,0,0],"to":[12.667,-4,0]},{"o":{"x":0.167,"y":0.167},"i":{"x":0.833,"y":0.833},"s":[420,122,0],"t":788,"ti":[12.667,-4,0],"to":[-6.167,0,0]},{"o":{"x":0.333,"y":0},"i":{"x":0.833,"y":0.833},"s":[279,146,0],"t":901,"ti":[-10.833,0,0],"to":[-12.667,4,0]},{"o":{"x":0.167,"y":0.167},"i":{"x":0.667,"y":0.667},"s":[344,146,0],"t":913},{"o":{"x":0.167,"y":0.167},"i":{"x":0.833,"y":0.833},"s":[344,146,0],"t":1028,"ti":[-12.667,4,0],"to":[-4.667,0,0]},{"o":{"x":0.333,"y":0},"i":{"x":0.833,"y":0.833},"s":[316,146,0],"t":1040,"ti":[6.167,0,0],"to":[12.667,-4,0]},{"o":{"x":0.167,"y":0.167},"i":{"x":0.833,"y":0.833},"s":[420,122,0],"t":1057,"ti":[12.667,-4,0],"to":[-6.167,0,0]},{"o":{"x":0.333,"y":0},"i":{"x":0.833,"y":0.833},"s":[279,146,0],"t":1172,"ti":[-10.833,0,0],"to":[-12.667,4,0]},{"o":{"x":0.167,"y":0.167},"i":{"x":0.667,"y":0.667},"s":[344,146,0],"t":1184},{"o":{"x":0.167,"y":0.167},"i":{"x":0.833,"y":0.833},"s":[344,146,0],"t":1299,"ti":[-12.667,4,0],"to":[-4.667,0,0]},{"o":{"x":0.333,"y":0},"i":{"x":0.833,"y":0.833},"s":[316,146,0],"t":1311,"ti":[-17.333,4,0],"to":[12.667,-4,0]},{"o":{"x":0.167,"y":0.167},"i":{"x":0.833,"y":0.833},"s":[420,122,0],"t":1328}]},"r":{"a":0,"k":0},"sa":{"a":0,"k":0},"o":{"a":1,"k":[{"o":{"x":0.167,"y":0.167},"i":{"x":0.833,"y":0.833},"s":[0],"t":81},{"o":{"x":0.167,"y":0.167},"i":{"x":0.833,"y":0.833},"s":[100],"t":93},{"o":{"x":0.333,"y":0},"i":{"x":0.833,"y":0.833},"s":[100],"t":221},{"o":{"x":0.167,"y":0.167},"i":{"x":0.833,"y":0.833},"s":[0],"t":238},{"o":{"x":0.167,"y":0.167},"i":{"x":0.833,"y":0.833},"s":[0],"t":360},{"o":{"x":0.167,"y":0.167},"i":{"x":0.833,"y":0.833},"s":[100],"t":372},{"o":{"x":0.333,"y":0},"i":{"x":0.833,"y":0.833},"s":[100],"t":500},{"o":{"x":0.167,"y":0.167},"i":{"x":0.833,"y":0.833},"s":[0],"t":517},{"o":{"x":0.167,"y":0.167},"i":{"x":0.833,"y":0.833},"s":[0],"t":631},{"o":{"x":0.167,"y":0.167},"i":{"x":0.833,"y":0.833},"s":[100],"t":643},{"o":{"x":0.333,"y":0},"i":{"x":0.833,"y":0.833},"s":[100],"t":771},{"o":{"x":0.167,"y":0.167},"i":{"x":0.833,"y":0.833},"s":[0],"t":788},{"o":{"x":0.167,"y":0.167},"i":{"x":0.833,"y":0.833},"s":[0],"t":900},{"o":{"x":0.167,"y":0.167},"i":{"x":0.833,"y":0.833},"s":[100],"t":912},{"o":{"x":0.333,"y":0},"i":{"x":0.833,"y":0.833},"s":[100],"t":1040},{"o":{"x":0.167,"y":0.167},"i":{"x":0.833,"y":0.833},"s":[0],"t":1057},{"o":{"x":0.167,"y":0.167},"i":{"x":0.833,"y":0.833},"s":[0],"t":1171},{"o":{"x":0.167,"y":0.167},"i":{"x":0.833,"y":0.833},"s":[100],"t":1183},{"o":{"x":0.333,"y":0},"i":{"x":0.833,"y":0.833},"s":[100],"t":1311},{"o":{"x":0.167,"y":0.167},"i":{"x":0.833,"y":0.833},"s":[0],"t":1328}]}},"ef":[],"shapes":[{"ty":"gr","cl":"","ln":"","nm":"G","it":[{"ty":"sh","cl":"","ln":"","nm":"P","d":1,"ks":{"a":0,"k":{"c":true,"i":[[38.238,-69.237],[-69.236,-38.238],[-38.238,69.237],[69.236,38.238]],"o":[[-38.238,-69.237],[-69.236,38.238],[38.238,69.237],[69.236,-38.238]],"v":[[0,-69.237],[-69.236,0],[0,69.237],[69.236,0]]}}},{"ty":"sh","cl":"","ln":"","nm":"P","d":1,"ks":{"a":0,"k":{"c":true,"i":[[-35.502,-64.385],[64.385,-35.502],[35.502,64.385],[-64.385,35.502]],"o":[[35.502,-64.385],[64.385,35.502],[-35.502,64.385],[-64.385,-35.502]],"v":[[0,-64.385],[64.385,0],[0,64.385],[-64.385,0]]}}},{"ty":"mm","cl":"","ln":"","nm":"M","mm":1},{"ty":"fl","cl":"","ln":"","nm":"F","c":{"a":0,"k":[0.372,0.166,0.008,1]},"r":1,"o":{"a":0,"k":100}},{"ty":"tr","a":{"a":0,"k":[0,0]},"s":{"a":0,"k":[100,100]},"sk":{"a":0,"k":0},"p":{"a":0,"k":[339.774,141.719]},"r":{"a":0,"k":0},"sa":{"a":0,"k":0},"o":{"a":0,"k":100}}]}],"ind":18},{"ty":4,"nm":"S","sr":1,"st":0,"op":1500,"ip":0,"cl":"","ln":"","hasMask":false,"ao":0,"ks":{"a":{"a":0,"k":[250,250,0]},"s":{"a":0,"k":[100,100,100]},"sk":{"a":0,"k":0},"p":{"a":0,"k":[250,250,0]},"r":{"a":0,"k":0},"sa":{"a":0,"k":0},"o":{"a":1,"k":[{"o":{"x":0.167,"y":0.167},"i":{"x":0.833,"y":0.833},"s":[0],"t":81},{"o":{"x":0.167,"y":0.167},"i":{"x":0.833,"y":0.833},"s":[100],"t":93},{"o":{"x":0.167,"y":0.167},"i":{"x":0.833,"y":0.833},"s":[100],"t":221},{"o":{"x":0.167,"y":0.167},"i":{"x":0.833,"y":0.833},"s":[0],"t":238},{"o":{"x":0.167,"y":0.167},"i":{"x":0.833,"y":0.833},"s":[0],"t":361},{"o":{"x":0.167,"y":0.167},"i":{"x":0.833,"y":0.833},"s":[100],"t":373},{"o":{"x":0.167,"y":0.167},"i":{"x":0.833,"y":0.833},"s":[100],"t":501},{"o":{"x":0.167,"y":0.167},"i":{"x":0.833,"y":0.833},"s":[0],"t":518},{"o":{"x":0.167,"y":0.167},"i":{"x":0.833,"y":0.833},"s":[0],"t":632},{"o":{"x":0.167,"y":0.167},"i":{"x":0.833,"y":0.833},"s":[100],"t":644},{"o":{"x":0.167,"y":0.167},"i":{"x":0.833,"y":0.833},"s":[100],"t":772},{"o":{"x":0.167,"y":0.167},"i":{"x":0.833,"y":0.833},"s":[0],"t":789},{"o":{"x":0.167,"y":0.167},"i":{"x":0.833,"y":0.833},"s":[0],"t":901},{"o":{"x":0.167,"y":0.167},"i":{"x":0.833,"y":0.833},"s":[100],"t":913},{"o":{"x":0.167,"y":0.167},"i":{"x":0.833,"y":0.833},"s":[100],"t":1041},{"o":{"x":0.167,"y":0.167},"i":{"x":0.833,"y":0.833},"s":[0],"t":1058},{"o":{"x":0.167,"y":0.167},"i":{"x":0.833,"y":0.833},"s":[0],"t":1172},{"o":{"x":0.167,"y":0.167},"i":{"x":0.833,"y":0.833},"s":[100],"t":1184},{"o":{"x":0.167,"y":0.167},"i":{"x":0.833,"y":0.833},"s":[100],"t":1312},{"o":{"x":0.167,"y":0.167},"i":{"x":0.833,"y":0.833},"s":[0],"t":1329}]}},"ef":[],"shapes":[{"ty":"gr","cl":"","ln":"","nm":"G","it":[{"ty":"sh","cl":"","ln":"","nm":"P","d":1,"ks":{"a":0,"k":{"c":true,"i":[[36.809,-66.649],[-66.649,-36.809],[-36.809,66.649],[66.649,36.809]],"o":[[-36.809,-66.649],[-66.649,36.809],[36.809,66.649],[66.649,-36.809]],"v":[[0,-66.649],[-66.649,0],[0,66.649],[66.649,0]]}}},{"ty":"fl","cl":"","ln":"","nm":"F","c":{"a":0,"k":[0.893,0.823,0.367,1]},"r":1,"o":{"a":0,"k":100}},{"ty":"tr","a":{"a":0,"k":[0,0]},"s":{"a":0,"k":[100,100]},"sk":{"a":0,"k":0},"p":{"a":0,"k":[346.254,149.654]},"r":{"a":0,"k":0},"sa":{"a":0,"k":0},"o":{"a":0,"k":100}}]}],"ind":19,"parent":18},{"ty":4,"nm":"b","sr":1,"st":0,"op":1500,"ip":0,"cl":"","ln":"","hasMask":false,"ao":0,"ks":{"a":{"a":0,"k":[250,250,0]},"s":{"a":1,"k":[{"o":{"x":0.333,"y":0},"i":{"x":0.667,"y":1},"s":[10,10,100],"t":0},{"o":{"x":0.333,"y":0},"i":{"x":0.667,"y":1},"s":[115,115,100],"t":24},{"o":{"x":0.333,"y":0},"i":{"x":0.833,"y":0.833},"s":[90,90,100],"t":42},{"o":{"x":0.167,"y":0},"i":{"x":0.667,"y":1},"s":[100,100,100],"t":49},{"o":{"x":0.333,"y":0},"i":{"x":0.667,"y":1},"s":[100,100,100],"t":1442},{"o":{"x":0.333,"y":0},"i":{"x":0.833,"y":0.833},"s":[115,115,100],"t":1458},{"o":{"x":0.167,"y":0.167},"i":{"x":0.833,"y":0.833},"s":[10,10,100],"t":1484}]},"sk":{"a":0,"k":0},"p":{"a":0,"k":[250,250,0]},"r":{"a":1,"k":[{"o":{"x":0.167,"y":0.167},"i":{"x":0.833,"y":0.833},"s":[0],"t":91},{"o":{"x":0.167,"y":0.167},"i":{"x":0.833,"y":0.833},"s":[15],"t":360},{"o":{"x":0.167,"y":0.167},"i":{"x":0.833,"y":0.833},"s":[0],"t":720},{"o":{"x":0.167,"y":0.167},"i":{"x":0.833,"y":0.833},"s":[-15],"t":1082},{"o":{"x":0.167,"y":0.167},"i":{"x":0.833,"y":0.833},"s":[0],"t":1434}]},"sa":{"a":0,"k":0},"o":{"a":1,"k":[{"o":{"x":0.167,"y":0.167},"i":{"x":0.833,"y":0.833},"s":[0],"t":0},{"o":{"x":0.167,"y":0.167},"i":{"x":0.833,"y":0.833},"s":[100],"t":24},{"o":{"x":0.167,"y":0.167},"i":{"x":0.833,"y":0.833},"s":[100],"t":1458},{"o":{"x":0.167,"y":0.167},"i":{"x":0.833,"y":0.833},"s":[0],"t":1484}]}},"ef":[],"shapes":[{"ty":"gr","cl":"","ln":"","nm":"G","it":[{"ty":"sh","cl":"","ln":"","nm":"P","d":1,"ks":{"a":0,"k":{"c":true,"i":[[167.872,139.491],[67.575,-209.024],[-24.486,-62.251],[-167.872,33.324]],"o":[[155.578,-163.046],[-34.854,-169.411],[-71.156,10.757],[-159.812,209.024]],"v":[[159.042,-77.804],[16.361,-189.217],[-47.821,-25.747],[-163.842,121.174]]}}},{"ty":"fl","cl":"","ln":"","nm":"F","c":{"a":0,"k":[0.996,0.961,0.741,1]},"r":1,"o":{"a":0,"k":100}},{"ty":"tr","a":{"a":0,"k":[0,0]},"s":{"a":0,"k":[100,100]},"sk":{"a":0,"k":0},"p":{"a":0,"k":[248.582,261.7]},"r":{"a":0,"k":0},"sa":{"a":0,"k":0},"o":{"a":0,"k":100}}]}],"ind":20}],"h":500,"w":500,"meta":{"a":"","k":"","d":"","g":"@lottiefiles/toolkit-js 0.22.1","tc":"#000000"},"v":"5.7.4","fr":60,"op":1500,"ip":0,"assets":[]}