{"nm":"E","h":1000,"w":1000,"meta":{"g":"@lottiefiles/toolkit-js 0.33.2"},"layers":[{"ty":4,"nm":"A","sr":1,"st":0,"op":121,"ip":0,"hasMask":false,"td":1,"ao":0,"ks":{"a":{"a":0,"k":[44,-127,0]},"s":{"a":0,"k":[100,100,100]},"sk":{"a":0,"k":0},"p":{"a":0,"k":[503,441,0]},"r":{"a":0,"k":0},"sa":{"a":0,"k":0},"o":{"a":0,"k":100}},"ef":[],"shapes":[{"ty":"gr","nm":"E","it":[{"ty":"el","nm":"E","d":1,"p":{"a":0,"k":[0,0]},"s":{"a":0,"k":[500,500]}},{"ty":"el","nm":"E","d":1,"p":{"a":0,"k":[-26,-275]},"s":{"a":0,"k":[200,200]}},{"ty":"fl","nm":"F","c":{"a":0,"k":[0.004,0.126,0.177]},"r":1,"o":{"a":0,"k":100}},{"ty":"tr","a":{"a":0,"k":[0,0]},"s":{"a":1,"k":[{"o":{"x":0.333,"y":0},"i":{"x":0,"y":1},"s":[0,0],"t":0},{"o":{"x":0.297,"y":0},"i":{"x":0.667,"y":1},"s":[100,100],"t":30},{"o":{"x":1,"y":0},"i":{"x":0.667,"y":1},"s":[100,100],"t":90},{"s":[0,0],"t":120}]},"sk":{"a":0,"k":0},"p":{"a":0,"k":[44,-65]},"r":{"a":0,"k":0},"sa":{"a":0,"k":0},"o":{"a":0,"k":100}}]}],"ind":1},{"ty":4,"nm":"M","sr":1,"st":0,"op":121,"ip":0,"tt":1,"hasMask":false,"ao":0,"ks":{"a":{"a":0,"k":[271.428,309.786,0]},"s":{"a":0,"k":[100,100,100]},"sk":{"a":0,"k":0},"p":{"a":0,"k":[508,470,0]},"r":{"a":0,"k":0},"sa":{"a":0,"k":0},"o":{"a":0,"k":100}},"ef":[],"shapes":[{"ty":"gr","nm":"A","it":[{"ty":"gr","nm":"G","it":[{"ty":"sh","nm":"P","d":1,"ks":{"a":1,"k":[{"o":{"x":0.333,"y":0},"i":{"x":0,"y":1},"s":[{"c":false,"i":[[0,0],[0,0]],"o":[[0,0],[0,0]],"v":[[-73.412,265.876],[-75.588,113.124]]}],"t":0},{"o":{"x":0.333,"y":0},"i":{"x":0.667,"y":1},"s":[{"c":false,"i":[[0,0],[0,0]],"o":[[0,0],[0,0]],"v":[[188.588,68.876],[-75.588,108.124]]}],"t":30},{"o":{"x":1,"y":0},"i":{"x":0.667,"y":1},"s":[{"c":false,"i":[[0,0],[0,0]],"o":[[0,0],[0,0]],"v":[[188.588,68.876],[-75.588,108.124]]}],"t":90},{"s":[{"c":false,"i":[[0,0],[0,0]],"o":[[0,0],[0,0]],"v":[[-73.412,265.876],[-75.588,113.124]]}],"t":120}]}},{"ty":"st","nm":"S","lc":2,"lj":2,"ml":1,"o":{"a":0,"k":100},"w":{"a":0,"k":68.627},"c":{"a":0,"k":[0.886,0.659,0.09]}},{"ty":"tr","a":{"a":0,"k":[0,0]},"s":{"a":0,"k":[100,100]},"sk":{"a":0,"k":0},"p":{"a":0,"k":[192.005,463.863]},"r":{"a":0,"k":0},"sa":{"a":0,"k":0},"o":{"a":0,"k":100}}]},{"ty":"gr","nm":"G","it":[{"ty":"gr","nm":"G","it":[{"ty":"sh","nm":"P","d":1,"ks":{"a":1,"k":[{"o":{"x":0.333,"y":0},"i":{"x":0.667,"y":1},"s":[{"c":false,"i":[[0,0],[0,0]],"o":[[0,0],[0,0]],"v":[[-18.972,25.789],[18.972,-25.79]]}],"t":15},{"o":{"x":0.167,"y":0},"i":{"x":0.833,"y":1},"s":[{"c":false,"i":[[0,0],[0,0]],"o":[[0,0],[0,0]],"v":[[-17.404,28.636],[-4.533,2.912]]}],"t":30},{"o":{"x":0.333,"y":0},"i":{"x":0.667,"y":1},"s":[{"c":false,"i":[[0,0],[0,0]],"o":[[0,0],[0,0]],"v":[[-17.404,28.636],[-4.533,2.912]]}],"t":90},{"s":[{"c":false,"i":[[0,0],[0,0]],"o":[[0,0],[0,0]],"v":[[-18.972,25.789],[18.972,-25.79]]}],"t":105}]}},{"ty":"st","nm":"S","lc":2,"lj":2,"ml":1,"o":{"a":0,"k":100},"w":{"a":0,"k":16.669},"c":{"a":0,"k":[1,0.592,0.514]}},{"ty":"tr","a":{"a":0,"k":[0,0]},"s":{"a":0,"k":[100,100]},"sk":{"a":0,"k":0},"p":{"a":0,"k":[323.799,263.405]},"r":{"a":0,"k":0},"sa":{"a":0,"k":0},"o":{"a":0,"k":100}}]},{"ty":"gr","nm":"G","it":[{"ty":"sh","nm":"P","d":1,"ks":{"a":1,"k":[{"o":{"x":0.333,"y":0},"i":{"x":0.667,"y":1},"s":[{"c":false,"i":[[0,0],[0,0]],"o":[[0,0],[0,0]],"v":[[-12.279,18.544],[12.279,-18.544]]}],"t":15},{"o":{"x":0.167,"y":0},"i":{"x":0.833,"y":1},"s":[{"c":false,"i":[[0,0],[0,0]],"o":[[0,0],[0,0]],"v":[[-10.756,20.274],[-1.074,-0.617]]}],"t":30},{"o":{"x":0.333,"y":0},"i":{"x":0.667,"y":1},"s":[{"c":false,"i":[[0,0],[0,0]],"o":[[0,0],[0,0]],"v":[[-10.756,20.274],[-1.074,-0.617]]}],"t":90},{"s":[{"c":false,"i":[[0,0],[0,0]],"o":[[0,0],[0,0]],"v":[[-12.279,18.544],[12.279,-18.544]]}],"t":105}]}},{"ty":"st","nm":"S","lc":2,"lj":2,"ml":1,"o":{"a":0,"k":100},"w":{"a":0,"k":16.669},"c":{"a":0,"k":[1,0.592,0.514]}},{"ty":"tr","a":{"a":0,"k":[0,0]},"s":{"a":0,"k":[100,100]},"sk":{"a":0,"k":0},"p":{"a":0,"k":[333.532,279.525]},"r":{"a":0,"k":0},"sa":{"a":0,"k":0},"o":{"a":0,"k":100}}]},{"ty":"gr","nm":"G","it":[{"ty":"sh","nm":"P","d":1,"ks":{"a":1,"k":[{"o":{"x":0.333,"y":0},"i":{"x":0.667,"y":1},"s":[{"c":false,"i":[[0,0],[0,0]],"o":[[0,0],[0,0]],"v":[[-23.06,30.364],[23.06,-30.364]]}],"t":15},{"o":{"x":0.167,"y":0},"i":{"x":0.833,"y":1},"s":[{"c":false,"i":[[0,0],[0,0]],"o":[[0,0],[0,0]],"v":[[-19.378,32.903],[-4.344,3.897]]}],"t":30},{"o":{"x":0.333,"y":0},"i":{"x":0.667,"y":1},"s":[{"c":false,"i":[[0,0],[0,0]],"o":[[0,0],[0,0]],"v":[[-19.378,32.903],[-4.344,3.897]]}],"t":90},{"s":[{"c":false,"i":[[0,0],[0,0]],"o":[[0,0],[0,0]],"v":[[-23.06,30.364],[23.06,-30.364]]}],"t":105}]}},{"ty":"st","nm":"S","lc":2,"lj":2,"ml":1,"o":{"a":0,"k":100},"w":{"a":0,"k":16.669},"c":{"a":0,"k":[1,0.592,0.514]}},{"ty":"tr","a":{"a":0,"k":[0,0]},"s":{"a":0,"k":[100,100]},"sk":{"a":0,"k":0},"p":{"a":0,"k":[311.788,250.616]},"r":{"a":0,"k":0},"sa":{"a":0,"k":0},"o":{"a":0,"k":100}}]},{"ty":"gr","nm":"G","it":[{"ty":"sh","nm":"P","d":1,"ks":{"a":1,"k":[{"o":{"x":0.333,"y":0},"i":{"x":0.667,"y":1},"s":[{"c":false,"i":[[0,0],[0,0]],"o":[[0,0],[0,0]],"v":[[-23.285,29.16],[23.285,-29.16]]}],"t":15},{"o":{"x":0.333,"y":0},"i":{"x":0.667,"y":1},"s":[{"c":false,"i":[[0,0],[0,0]],"o":[[0,0],[0,0]],"v":[[-21.082,31.086],[-1.515,-1.927]]}],"t":30},{"o":{"x":0.333,"y":0},"i":{"x":0.667,"y":1},"s":[{"c":false,"i":[[0,0],[0,0]],"o":[[0,0],[0,0]],"v":[[-21.082,31.086],[-1.515,-1.927]]}],"t":90},{"s":[{"c":false,"i":[[0,0],[0,0]],"o":[[0,0],[0,0]],"v":[[-23.285,29.16],[23.285,-29.16]]}],"t":105}]}},{"ty":"st","nm":"S","lc":2,"lj":2,"ml":1,"o":{"a":0,"k":100},"w":{"a":0,"k":16.669},"c":{"a":0,"k":[1,0.592,0.514]}},{"ty":"tr","a":{"a":0,"k":[0,0]},"s":{"a":0,"k":[100,100]},"sk":{"a":0,"k":0},"p":{"a":0,"k":[295.587,243.818]},"r":{"a":0,"k":0},"sa":{"a":0,"k":0},"o":{"a":0,"k":100}}]},{"ty":"gr","nm":"G","it":[{"ty":"sh","nm":"P","d":1,"ks":{"a":0,"k":{"c":true,"i":[[1.353,-0.796],[0,0],[10.305,5.604],[0,0],[-5.604,10.305],[1.545,8.223],[0.617,1.755],[0.871,1.948],[0.371,1.232],[-5.66,6.028],[-6.215,6.619],[-20.26,-11.718],[5.38,-3.448],[11.82,-6.973]],"o":[[0,0],[-5.604,10.305],[0,0],[-10.305,-5.604],[4.314,-3.901],[-0.348,-1.848],[-1.947,-5.533],[-0.426,-0.953],[-2.386,-7.916],[6.216,-6.619],[20.26,11.718],[-2.71,24.445],[-1.119,0.717],[-2.524,1.489]],"v":[[7.303,26.699],[-2.913,45.484],[-31.839,54.031],[-32.887,53.461],[-41.434,24.535],[-30.062,3.634],[-32.138,-3.128],[-36.738,-13.969],[-37.952,-17.238],[-32.388,-39.777],[-13.741,-59.635],[47.038,-24.482],[32.101,12.018],[13.252,23.194]]}}},{"ty":"fl","nm":"F","c":{"a":0,"k":[1,0.592,0.514]},"r":1,"o":{"a":0,"k":100}},{"ty":"tr","a":{"a":0,"k":[0,0]},"s":{"a":0,"k":[100,100]},"sk":{"a":0,"k":0},"p":{"a":0,"k":[286.042,320.247]},"r":{"a":0,"k":0},"sa":{"a":0,"k":0},"o":{"a":0,"k":100}}]},{"ty":"gr","nm":"G","it":[{"ty":"sh","nm":"P","d":1,"ks":{"a":1,"k":[{"o":{"x":0.333,"y":0},"i":{"x":0.667,"y":1},"s":[{"c":false,"i":[[0,0],[6.823,10.516],[4.414,4.5]],"o":[[-2.376,-7.698],[-4.707,-7.253],[0,0]],"v":[[11.106,22.873],[2.973,-5.315],[-11.106,-22.873]]}],"t":15},{"o":{"x":0.333,"y":0},"i":{"x":0.667,"y":1},"s":[{"c":false,"i":[[0,0],[-8.008,9.644],[-2.137,3.672]],"o":[[-2.376,-7.698],[5.662,-6.818],[0,0]],"v":[[11.106,22.873],[12.674,5.039],[22.257,-8.432]]}],"t":30},{"o":{"x":0.333,"y":0},"i":{"x":0.667,"y":1},"s":[{"c":false,"i":[[0,0],[-8.008,9.644],[-2.137,3.672]],"o":[[-2.376,-7.698],[5.662,-6.818],[0,0]],"v":[[11.106,22.873],[12.674,5.039],[22.257,-8.432]]}],"t":90},{"s":[{"c":false,"i":[[0,0],[6.823,10.516],[4.414,4.5]],"o":[[-2.376,-7.698],[-4.707,-7.253],[0,0]],"v":[[11.106,22.873],[2.973,-5.315],[-11.106,-22.873]]}],"t":105}]}},{"ty":"st","nm":"S","lc":2,"lj":2,"ml":1,"o":{"a":0,"k":100},"w":{"a":0,"k":15.891},"c":{"a":0,"k":[1,0.592,0.514]}},{"ty":"tr","a":{"a":0,"k":[0,0]},"s":{"a":0,"k":[100,100]},"sk":{"a":0,"k":0},"p":{"a":0,"k":[242.031,268.706]},"r":{"a":0,"k":0},"sa":{"a":0,"k":0},"o":{"a":0,"k":100}}]},{"ty":"tr","a":{"a":0,"k":[251.369,371.756]},"s":{"a":0,"k":[100,100]},"sk":{"a":0,"k":0},"p":{"a":1,"k":[{"o":{"x":0.333,"y":0},"i":{"x":0,"y":1},"s":[118.369,711.756],"t":0,"ti":[0,0],"to":[42,-30.417]},{"o":{"x":0.562,"y":0},"i":{"x":0.567,"y":1},"s":[370.369,529.256],"t":30,"ti":[0,0],"to":[0,0]},{"o":{"x":1,"y":0},"i":{"x":0.667,"y":1},"s":[370.369,529.256],"t":90,"ti":[42,-30.417],"to":[0,0]},{"s":[118.369,711.756],"t":120}]},"r":{"a":1,"k":[{"o":{"x":0.333,"y":0},"i":{"x":0,"y":1},"s":[148.102],"t":0},{"o":{"x":0.27,"y":0},"i":{"x":0.703,"y":1},"s":[28.856],"t":30},{"o":{"x":1,"y":0},"i":{"x":0.667,"y":1},"s":[28.856],"t":90},{"s":[148.102],"t":120}]},"sa":{"a":0,"k":0},"o":{"a":0,"k":100}}]},{"ty":"gr","nm":"G","it":[{"ty":"sh","nm":"P","d":1,"ks":{"a":1,"k":[{"o":{"x":0.333,"y":0},"i":{"x":0,"y":1},"s":[{"c":false,"i":[[0,0],[0,0]],"o":[[0,0],[0,0]],"v":[[152.767,12.046],[152.233,168.954]]}],"t":0},{"o":{"x":0.333,"y":0},"i":{"x":0.667,"y":1},"s":[{"c":false,"i":[[0,0],[0,0]],"o":[[0,0],[0,0]],"v":[[154.767,47.046],[-113.767,-20.546]]}],"t":30},{"o":{"x":1,"y":0},"i":{"x":0.667,"y":1},"s":[{"c":false,"i":[[0,0],[0,0]],"o":[[0,0],[0,0]],"v":[[154.767,47.046],[-113.767,-20.546]]}],"t":90},{"s":[{"c":false,"i":[[0,0],[0,0]],"o":[[0,0],[0,0]],"v":[[152.767,12.046],[152.233,168.954]]}],"t":120}]}},{"ty":"st","nm":"S","lc":2,"lj":2,"ml":1,"o":{"a":0,"k":100},"w":{"a":0,"k":68.627},"c":{"a":0,"k":[0.886,0.659,0.09]}},{"ty":"tr","a":{"a":0,"k":[0,0]},"s":{"a":0,"k":[100,100]},"sk":{"a":0,"k":0},"p":{"a":0,"k":[309.754,538.44]},"r":{"a":0,"k":0},"sa":{"a":0,"k":0},"o":{"a":0,"k":100}}]},{"ty":"gr","nm":"G","it":[{"ty":"gr","nm":"G","it":[{"ty":"sh","nm":"P","d":1,"ks":{"a":1,"k":[{"o":{"x":0.333,"y":0},"i":{"x":0.667,"y":1},"s":[{"c":false,"i":[[0,0],[0,0]],"o":[[0,0],[0,0]],"v":[[31.402,6.244],[-31.402,-6.244]]}],"t":15},{"o":{"x":0.333,"y":0},"i":{"x":0.667,"y":1},"s":[{"c":false,"i":[[0,0],[0,0]],"o":[[0,0],[0,0]],"v":[[31.402,6.244],[1.598,-1.244]]}],"t":30},{"o":{"x":0.333,"y":0},"i":{"x":0.667,"y":1},"s":[{"c":false,"i":[[0,0],[0,0]],"o":[[0,0],[0,0]],"v":[[31.402,6.244],[1.598,-1.244]]}],"t":90},{"s":[{"c":false,"i":[[0,0],[0,0]],"o":[[0,0],[0,0]],"v":[[31.402,6.244],[-31.402,-6.244]]}],"t":105}]}},{"ty":"st","nm":"S","lc":2,"lj":2,"ml":1,"o":{"a":0,"k":100},"w":{"a":0,"k":16.669},"c":{"a":0,"k":[1,0.592,0.514]}},{"ty":"tr","a":{"a":0,"k":[0,0]},"s":{"a":0,"k":[100,100]},"sk":{"a":0,"k":0},"p":{"a":0,"k":[45.597,499.66]},"r":{"a":0,"k":0},"sa":{"a":0,"k":0},"o":{"a":0,"k":100}}]},{"ty":"gr","nm":"G","it":[{"ty":"sh","nm":"P","d":1,"ks":{"a":1,"k":[{"o":{"x":0.333,"y":0},"i":{"x":0.667,"y":1},"s":[{"c":false,"i":[[0,0],[0,0]],"o":[[0,0],[0,0]],"v":[[21.574,5.409],[-21.574,-5.409]]}],"t":15},{"o":{"x":0.333,"y":0},"i":{"x":0.667,"y":1},"s":[{"c":false,"i":[[0,0],[0,0]],"o":[[0,0],[0,0]],"v":[[21.574,5.409],[-3.574,-4.409]]}],"t":30},{"o":{"x":0.333,"y":0},"i":{"x":0.667,"y":1},"s":[{"c":false,"i":[[0,0],[0,0]],"o":[[0,0],[0,0]],"v":[[21.574,5.409],[-3.574,-4.409]]}],"t":90},{"s":[{"c":false,"i":[[0,0],[0,0]],"o":[[0,0],[0,0]],"v":[[21.574,5.409],[-21.574,-5.409]]}],"t":105}]}},{"ty":"st","nm":"S","lc":2,"lj":2,"ml":1,"o":{"a":0,"k":100},"w":{"a":0,"k":16.669},"c":{"a":0,"k":[1,0.592,0.514]}},{"ty":"tr","a":{"a":0,"k":[0,0]},"s":{"a":0,"k":[100,100]},"sk":{"a":0,"k":0},"p":{"a":0,"k":[49.283,518.127]},"r":{"a":0,"k":0},"sa":{"a":0,"k":0},"o":{"a":0,"k":100}}]},{"ty":"gr","nm":"G","it":[{"ty":"sh","nm":"P","d":1,"ks":{"a":1,"k":[{"o":{"x":0.333,"y":0},"i":{"x":0.667,"y":1},"s":[{"c":false,"i":[[0,0],[0,0]],"o":[[0,0],[0,0]],"v":[[37.505,6.865],[-37.505,-6.865]]}],"t":15},{"o":{"x":0.333,"y":0},"i":{"x":0.667,"y":1},"s":[{"c":false,"i":[[0,0],[0,0]],"o":[[0,0],[0,0]],"v":[[37.505,6.865],[1.995,-0.865]]}],"t":30},{"o":{"x":0.333,"y":0},"i":{"x":0.667,"y":1},"s":[{"c":false,"i":[[0,0],[0,0]],"o":[[0,0],[0,0]],"v":[[37.505,6.865],[1.995,-0.865]]}],"t":90},{"s":[{"c":false,"i":[[0,0],[0,0]],"o":[[0,0],[0,0]],"v":[[37.505,6.865],[-37.505,-6.865]]}],"t":105}]}},{"ty":"st","nm":"S","lc":2,"lj":2,"ml":1,"o":{"a":0,"k":100},"w":{"a":0,"k":16.669},"c":{"a":0,"k":[1,0.592,0.514]}},{"ty":"tr","a":{"a":0,"k":[0,0]},"s":{"a":0,"k":[100,100]},"sk":{"a":0,"k":0},"p":{"a":0,"k":[45.839,482.117]},"r":{"a":0,"k":0},"sa":{"a":0,"k":0},"o":{"a":0,"k":100}}]},{"ty":"gr","nm":"G","it":[{"ty":"sh","nm":"P","d":1,"ks":{"a":1,"k":[{"o":{"x":0.333,"y":0},"i":{"x":0.667,"y":1},"s":[{"c":false,"i":[[0,0],[0,0]],"o":[[0,0],[0,0]],"v":[[36.86,5.823],[-36.86,-5.823]]}],"t":15},{"o":{"x":0.333,"y":0},"i":{"x":0.667,"y":1},"s":[{"c":false,"i":[[0,0],[0,0]],"o":[[0,0],[0,0]],"v":[[36.86,5.823],[-3.86,-2.323]]}],"t":30},{"o":{"x":0.333,"y":0},"i":{"x":0.667,"y":1},"s":[{"c":false,"i":[[0,0],[0,0]],"o":[[0,0],[0,0]],"v":[[36.86,5.823],[-3.86,-2.323]]}],"t":90},{"s":[{"c":false,"i":[[0,0],[0,0]],"o":[[0,0],[0,0]],"v":[[36.86,5.823],[-36.86,-5.823]]}],"t":105}]}},{"ty":"st","nm":"S","lc":2,"lj":2,"ml":1,"o":{"a":0,"k":100},"w":{"a":0,"k":16.669},"c":{"a":0,"k":[1,0.592,0.514]}},{"ty":"tr","a":{"a":0,"k":[0,0]},"s":{"a":0,"k":[100,100]},"sk":{"a":0,"k":0},"p":{"a":0,"k":[53.215,466.171]},"r":{"a":0,"k":0},"sa":{"a":0,"k":0},"o":{"a":0,"k":100}}]},{"ty":"gr","nm":"G","it":[{"ty":"sh","nm":"P","d":1,"ks":{"a":0,"k":{"c":true,"i":[[-1.536,0.325],[0,0],[-3.828,11.088],[0,0],[11.088,3.828],[4.406,7.114],[0.727,1.711],[0.672,2.026],[0.556,1.159],[8.245,0.632],[9.054,0.695],[7.054,-22.316],[-6.298,1.083],[-13.429,2.824]],"o":[[0,0],[11.088,3.828],[0,0],[3.828,-11.088],[-5.816,0.03],[-0.99,-1.598],[-2.295,-5.398],[-0.328,-0.99],[-3.578,-7.455],[-9.053,-0.695],[-7.054,22.316],[18.488,16.22],[1.309,-0.225],[2.868,-0.603]],"v":[[6.153,33.563],[26.365,40.542],[53.485,27.343],[53.876,26.214],[40.675,-0.906],[18.183,-8.667],[15.156,-15.06],[11.239,-26.167],[9.93,-29.398],[-9.38,-42.286],[-36.541,-44.37],[-57.704,22.576],[-22.058,39.45],[-0.605,34.989]]}}},{"ty":"fl","nm":"F","c":{"a":0,"k":[1,0.592,0.514]},"r":1,"o":{"a":0,"k":100}},{"ty":"tr","a":{"a":0,"k":[0,0]},"s":{"a":0,"k":[100,100]},"sk":{"a":0,"k":0},"p":{"a":0,"k":[118.275,507.235]},"r":{"a":0,"k":0},"sa":{"a":0,"k":0},"o":{"a":0,"k":100}}]},{"ty":"gr","nm":"G","it":[{"ty":"sh","nm":"P","d":1,"ks":{"a":1,"k":[{"o":{"x":0.333,"y":0},"i":{"x":0.667,"y":1},"s":[{"c":false,"i":[[0,0],[2.055,12.366],[-0.223,6.299]],"o":[[-3.438,-7.286],[-1.417,-8.53],[0,0]],"v":[[7.34,24.378],[-5.668,-1.919],[-7.117,-24.378]]}],"t":15},{"o":{"x":0.333,"y":0},"i":{"x":0.667,"y":1},"s":[{"c":false,"i":[[0,0],[12.466,1.323],[10.529,-0.76]],"o":[[-3.438,-7.286],[-4.42,-0.469],[0,0]],"v":[[7.34,24.378],[-11.668,12.331],[-31.617,11.372]]}],"t":30},{"o":{"x":0.333,"y":0},"i":{"x":0.667,"y":1},"s":[{"c":false,"i":[[0,0],[12.466,1.323],[10.529,-0.76]],"o":[[-3.438,-7.286],[-4.42,-0.469],[0,0]],"v":[[7.34,24.378],[-11.668,12.331],[-31.617,11.372]]}],"t":90},{"s":[{"c":false,"i":[[0,0],[2.055,12.366],[-0.223,6.299]],"o":[[-3.438,-7.286],[-1.417,-8.53],[0,0]],"v":[[7.34,24.378],[-5.668,-1.919],[-7.117,-24.378]]}],"t":105}]}},{"ty":"st","nm":"S","lc":2,"lj":2,"ml":1,"o":{"a":0,"k":100},"w":{"a":0,"k":15.891},"c":{"a":0,"k":[1,0.592,0.514]}},{"ty":"tr","a":{"a":0,"k":[0,0]},"s":{"a":0,"k":[100,100]},"sk":{"a":0,"k":0},"p":{"a":0,"k":[109.43,448.424]},"r":{"a":0,"k":0},"sa":{"a":0,"k":0},"o":{"a":0,"k":100}}]},{"ty":"tr","a":{"a":0,"k":[170.824,526.493]},"s":{"a":0,"k":[100,100]},"sk":{"a":0,"k":0},"p":{"a":1,"k":[{"o":{"x":0.333,"y":0},"i":{"x":0,"y":1},"s":[458.824,699.493],"t":0,"ti":[0,0],"to":[-41.667,-31.583]},{"o":{"x":0.562,"y":0},"i":{"x":0.567,"y":1},"s":[208.824,509.993],"t":30,"ti":[0,0],"to":[0,0]},{"o":{"x":1,"y":0},"i":{"x":0.667,"y":1},"s":[208.824,509.993],"t":90,"ti":[-41.667,-31.583],"to":[0,0]},{"s":[458.824,699.493],"t":120}]},"r":{"a":1,"k":[{"o":{"x":0.333,"y":0},"i":{"x":0,"y":1},"s":[-103.111],"t":0},{"o":{"x":0.27,"y":0},"i":{"x":0.703,"y":1},"s":[0],"t":30},{"o":{"x":1,"y":0},"i":{"x":0.667,"y":1},"s":[0],"t":90},{"s":[-103.111],"t":120}]},"sa":{"a":0,"k":0},"o":{"a":0,"k":100}}]},{"ty":"gr","nm":"G","it":[{"ty":"sh","nm":"P","d":1,"ks":{"a":0,"k":{"c":true,"i":[[9.415,14.183],[19.001,-7.759],[1.089,-9.447],[-14.32,-17.651],[-3.886,-46.881],[0,0],[-12.332,-12.287],[-67.496,2.854],[-21.39,20.546],[-2.506,6.075],[-22.798,77.856],[14.832,19.815],[12.901,6.176],[35.97,11.821],[6.704,2.598],[20.165,-2.365]],"o":[[-30.398,17.835],[-18.304,7.473],[-1.285,11.152],[10.306,12.705],[5.227,63.055],[-2.356,69.964],[14.796,14.741],[57.186,-2.418],[6.634,-6.372],[29.946,-72.592],[11.381,-38.867],[-3.397,-4.538],[-28.021,-13.414],[-13.166,-4.327],[-1.341,2.159],[-16.236,1.904]],"v":[[-56.536,-193.079],[-131.834,-155.677],[-165.126,-133.775],[-134.024,-99.608],[-115.439,-25.848],[-111.733,82.353],[-109.056,178.987],[-10.935,179.863],[94.195,171.102],[106.461,151.828],[137.124,-53.395],[151.579,-140.784],[128.762,-154.679],[47.763,-182.836],[17.305,-193.728],[-14.658,-172.98]]}}},{"ty":"fl","nm":"F","c":{"a":0,"k":[0.98,0.741,0.078]},"r":1,"o":{"a":0,"k":100}},{"ty":"tr","a":{"a":0,"k":[0,0]},"s":{"a":0,"k":[100,100]},"sk":{"a":0,"k":0},"p":{"a":0,"k":[282.032,445.09]},"r":{"a":0,"k":0},"sa":{"a":0,"k":0},"o":{"a":0,"k":100}}]},{"ty":"gr","nm":"G","it":[{"ty":"sh","nm":"P","d":1,"ks":{"a":1,"k":[{"o":{"x":0.333,"y":0},"i":{"x":0,"y":1},"s":[{"c":false,"i":[[0,0],[0,0]],"o":[[0,0],[0,0]],"v":[[-11.743,121.557],[11.743,-121.557]]}],"t":0},{"o":{"x":0.333,"y":0},"i":{"x":0.667,"y":1},"s":[{"c":false,"i":[[0,0],[0,0]],"o":[[0,0],[0,0]],"v":[[-11.743,116.557],[11.743,-121.557]]}],"t":30},{"o":{"x":1,"y":0},"i":{"x":0.667,"y":1},"s":[{"c":false,"i":[[0,0],[0,0]],"o":[[0,0],[0,0]],"v":[[-11.743,116.557],[11.743,-121.557]]}],"t":90},{"s":[{"c":false,"i":[[0,0],[0,0]],"o":[[0,0],[0,0]],"v":[[-11.743,121.557],[11.743,-121.557]]}],"t":120}]}},{"ty":"st","nm":"S","lc":2,"lj":2,"ml":1,"o":{"a":0,"k":100},"w":{"a":0,"k":68.627},"c":{"a":0,"k":[0.886,0.659,0.09]}},{"ty":"tr","a":{"a":0,"k":[0,0]},"s":{"a":0,"k":[100,100]},"sk":{"a":0,"k":0},"p":{"a":0,"k":[128.16,455.431]},"r":{"a":0,"k":0},"sa":{"a":0,"k":0},"o":{"a":0,"k":100}}]},{"ty":"gr","nm":"G","it":[{"ty":"sh","nm":"P","d":1,"ks":{"a":1,"k":[{"o":{"x":0.333,"y":0},"i":{"x":0,"y":1},"s":[{"c":false,"i":[[0,0],[0,0]],"o":[[0,0],[0,0]],"v":[[-27.596,-112.139],[27.596,112.139]]}],"t":0},{"o":{"x":0.333,"y":0},"i":{"x":0.667,"y":1},"s":[{"c":false,"i":[[0,0],[0,0]],"o":[[0,0],[0,0]],"v":[[-27.596,-112.139],[29.596,147.139]]}],"t":30},{"o":{"x":1,"y":0},"i":{"x":0.667,"y":1},"s":[{"c":false,"i":[[0,0],[0,0]],"o":[[0,0],[0,0]],"v":[[-27.596,-112.139],[29.596,147.139]]}],"t":90},{"s":[{"c":false,"i":[[0,0],[0,0]],"o":[[0,0],[0,0]],"v":[[-27.596,-112.139],[27.596,112.139]]}],"t":120}]}},{"ty":"st","nm":"S","lc":2,"lj":2,"ml":1,"o":{"a":0,"k":100},"w":{"a":0,"k":68.627},"c":{"a":0,"k":[0.886,0.659,0.09]}},{"ty":"tr","a":{"a":0,"k":[0,0]},"s":{"a":0,"k":[100,100]},"sk":{"a":0,"k":0},"p":{"a":0,"k":[434.924,438.348]},"r":{"a":0,"k":0},"sa":{"a":0,"k":0},"o":{"a":0,"k":100}}]},{"ty":"gr","nm":"G","it":[{"ty":"gr","nm":"G","it":[{"ty":"sh","nm":"P","d":1,"ks":{"a":0,"k":{"c":false,"i":[[0,0],[0,0]],"o":[[0,0],[0,0]],"v":[[332.772,164.541],[329.073,160.291]]}}},{"ty":"st","nm":"S","lc":1,"lj":1,"ml":10,"o":{"a":0,"k":100},"w":{"a":0,"k":1.981},"c":{"a":0,"k":[0.102,0.102,0.102]}},{"ty":"tr","a":{"a":0,"k":[0,0]},"s":{"a":0,"k":[100,100]},"sk":{"a":0,"k":0},"p":{"a":0,"k":[0,0]},"r":{"a":0,"k":0},"sa":{"a":0,"k":0},"o":{"a":0,"k":100}}]},{"ty":"gr","nm":"G","it":[{"ty":"sh","nm":"P","d":1,"ks":{"a":0,"k":{"c":false,"i":[[0,0],[0,0]],"o":[[0,0],[0,0]],"v":[[195.492,160.291],[191.294,166.041]]}}},{"ty":"st","nm":"S","lc":1,"lj":1,"ml":10,"o":{"a":0,"k":100},"w":{"a":0,"k":1.981},"c":{"a":0,"k":[0.102,0.102,0.102]}},{"ty":"tr","a":{"a":0,"k":[0,0]},"s":{"a":0,"k":[100,100]},"sk":{"a":0,"k":0},"p":{"a":0,"k":[0,0]},"r":{"a":0,"k":0},"sa":{"a":0,"k":0},"o":{"a":0,"k":100}}]},{"ty":"gr","nm":"G","it":[{"ty":"sh","nm":"P","d":1,"ks":{"a":0,"k":{"c":false,"i":[[0,0],[-6.543,-6.58]],"o":[[0,0],[0,0]],"v":[[-6.797,3.29],[6.797,3.29]]}}},{"ty":"st","nm":"S","lc":2,"lj":2,"ml":1,"o":{"a":0,"k":100},"w":{"a":0,"k":1.981},"c":{"a":0,"k":[0.102,0.102,0.102]}},{"ty":"tr","a":{"a":0,"k":[0,0]},"s":{"a":0,"k":[100,100]},"sk":{"a":0,"k":0},"p":{"a":0,"k":[261.831,157.001]},"r":{"a":0,"k":0},"sa":{"a":0,"k":0},"o":{"a":0,"k":100}}]},{"ty":"gr","nm":"G","it":[{"ty":"sh","nm":"P","d":1,"ks":{"a":0,"k":{"c":true,"i":[[0,-16.442],[16.442,0],[0,16.442],[-16.442,0]],"o":[[0,16.442],[-16.442,0],[0,-16.442],[16.442,0]],"v":[[29.771,0],[0,29.771],[-29.771,0],[0,-29.771]]}}},{"ty":"st","nm":"S","lc":1,"lj":1,"ml":4,"o":{"a":0,"k":100},"w":{"a":0,"k":2},"c":{"a":0,"k":[0.11,0.106,0.106]}},{"ty":"fl","nm":"F","c":{"a":0,"k":[1,1,1]},"r":1,"o":{"a":0,"k":50}},{"ty":"tr","a":{"a":0,"k":[0,0]},"s":{"a":0,"k":[100,100]},"sk":{"a":0,"k":0},"p":{"a":0,"k":[225.263,160.291]},"r":{"a":0,"k":0},"sa":{"a":0,"k":0},"o":{"a":0,"k":100}}]},{"ty":"gr","nm":"G","it":[{"ty":"sh","nm":"P","d":1,"ks":{"a":0,"k":{"c":true,"i":[[0,-16.442],[16.443,0],[0,16.442],[-16.442,0]],"o":[[0,16.442],[-16.442,0],[0,-16.442],[16.443,0]],"v":[[29.771,0],[0,29.771],[-29.77,0],[0,-29.771]]}}},{"ty":"st","nm":"S","lc":1,"lj":1,"ml":4,"o":{"a":0,"k":100},"w":{"a":0,"k":2},"c":{"a":0,"k":[0.11,0.106,0.106]}},{"ty":"fl","nm":"F","c":{"a":0,"k":[1,1,1]},"r":1,"o":{"a":0,"k":50}},{"ty":"tr","a":{"a":0,"k":[0,0]},"s":{"a":0,"k":[100,100]},"sk":{"a":0,"k":0},"p":{"a":0,"k":[298.399,160.291]},"r":{"a":0,"k":0},"sa":{"a":0,"k":0},"o":{"a":0,"k":100}}]},{"ty":"tr","a":{"a":0,"k":[262.283,160.291]},"s":{"a":0,"k":[100,100]},"sk":{"a":0,"k":0},"p":{"a":0,"k":[262.283,150.791]},"r":{"a":0,"k":0},"sa":{"a":0,"k":0},"o":{"a":0,"k":100}}]},{"ty":"gr","nm":"G","it":[{"ty":"sh","nm":"P","d":1,"ks":{"a":0,"k":{"c":true,"i":[[3.649,8.673],[11.459,-2.27],[-16.135,-38.336],[-5.322,-3.396],[-14.219,-29.613],[-1.628,27.263],[-9.142,5.045],[-2.263,-0.994],[-5.734,0.244],[-2.08,-1.806],[-3.14,-1.983],[-3.082,-1.27],[-0.305,-2.903],[-1.591,-11.666],[0,0],[5.274,16.007]],"o":[[-8.127,-19.319],[-69.071,-57.038],[3.189,7.577],[-4.345,15.21],[0,0],[21.602,2.206],[2.165,-1.194],[6.89,3.027],[2.752,-0.116],[2.258,1.962],[3.593,2.267],[2.699,1.113],[1.181,11.237],[1.499,10.991],[12.835,-33.324],[4.339,-7.708]],"v":[[84.009,-12.459],[46.708,-29.673],[-72.612,3.535],[-59.58,19.694],[-50.041,86.71],[-43.857,24.887],[12.497,9.291],[19.503,9.035],[38.57,12.753],[46.065,15.4],[54.149,21.41],[64.271,26.639],[69.103,33.194],[73.243,67.556],[75.912,86.072],[81.465,12.467]]}}},{"ty":"fl","nm":"F","c":{"a":0,"k":[0.114,0.012,0]},"r":1,"o":{"a":0,"k":100}},{"ty":"tr","a":{"a":0,"k":[0,0]},"s":{"a":0,"k":[100,100]},"sk":{"a":0,"k":0},"p":{"a":0,"k":[251.369,86.961]},"r":{"a":0,"k":0},"sa":{"a":0,"k":0},"o":{"a":0,"k":100}}]},{"ty":"gr","nm":"G","it":[{"ty":"sh","nm":"P","d":1,"ks":{"a":0,"k":{"c":true,"i":[[0,0],[0,0],[17.243,0]],"o":[[0,0],[0,0],[-17.244,0]],"v":[[-18.429,-5.646],[18.429,-5.646],[-0.546,5.646]]}}},{"ty":"fl","nm":"F","c":{"a":0,"k":[1,1,1]},"r":1,"o":{"a":0,"k":100}},{"ty":"tr","a":{"a":0,"k":[0,0]},"s":{"a":0,"k":[100,100]},"sk":{"a":0,"k":0},"p":{"a":0,"k":[262.46,202.639]},"r":{"a":0,"k":0},"sa":{"a":0,"k":0},"o":{"a":0,"k":100}}]},{"ty":"gr","nm":"G","it":[{"ty":"sh","nm":"P","d":1,"ks":{"a":0,"k":{"c":true,"i":[[0,0],[0,0],[-15.106,-1.571]],"o":[[0,0],[0,0],[15.457,1.606]],"v":[[18.682,6.525],[-18.682,3.157],[-0.229,-4.954]]}}},{"ty":"fl","nm":"F","c":{"a":0,"k":[0,0,0]},"r":1,"o":{"a":0,"k":100}},{"ty":"tr","a":{"a":0,"k":[0,0]},"s":{"a":0,"k":[100,100]},"sk":{"a":0,"k":0},"p":{"a":0,"k":[290.273,129.114]},"r":{"a":0,"k":0},"sa":{"a":0,"k":0},"o":{"a":0,"k":100}}]},{"ty":"gr","nm":"G","it":[{"ty":"sh","nm":"P","d":1,"ks":{"a":0,"k":{"c":true,"i":[[0,0],[0,0],[15.106,-1.571]],"o":[[0,0],[0,0],[-15.458,1.606]],"v":[[-18.681,6.525],[18.681,3.157],[0.231,-4.954]]}}},{"ty":"fl","nm":"F","c":{"a":0,"k":[0,0,0]},"r":1,"o":{"a":0,"k":100}},{"ty":"tr","a":{"a":0,"k":[0,0]},"s":{"a":0,"k":[100,100]},"sk":{"a":0,"k":0},"p":{"a":0,"k":[231.328,129.114]},"r":{"a":0,"k":0},"sa":{"a":0,"k":0},"o":{"a":0,"k":100}}]},{"ty":"gr","nm":"G","it":[{"ty":"sh","nm":"P","d":1,"ks":{"a":0,"k":{"c":false,"i":[[0,0],[0,0],[-5.627,0]],"o":[[0,0],[0,5.627],[0,0]],"v":[[-5.094,-7.887],[-5.094,-2.302],[5.094,7.887]]}}},{"ty":"st","nm":"S","lc":2,"lj":2,"ml":1,"o":{"a":0,"k":100},"w":{"a":0,"k":2.914},"c":{"a":0,"k":[0.749,0.318,0.235]}},{"ty":"tr","a":{"a":0,"k":[0,0]},"s":{"a":0,"k":[100,100]},"sk":{"a":0,"k":0},"p":{"a":0,"k":[261.913,164.295]},"r":{"a":0,"k":0},"sa":{"a":0,"k":0},"o":{"a":0,"k":100}}]},{"ty":"gr","nm":"G","it":[{"ty":"sh","nm":"P","d":1,"ks":{"a":0,"k":{"c":true,"i":[[0,0],[4.643,-7.426],[0,0],[11.615,5.968],[3.793,-0.566],[8.972,-4.612],[0,0],[4.643,7.426],[0,0],[-10.39,-22.992],[-8.326,-0.412],[-10.39,22.992]],"o":[[0,0],[-4.643,7.426],[0,0],[-10.607,-5.452],[-5.883,-1.022],[-11.615,5.968],[0,0],[-4.642,-7.426],[0,0],[9.125,20.193],[0,0],[10.39,-22.992]],"v":[[63.115,-44.969],[57.146,-38.246],[48.745,-10.923],[32.725,-26.177],[-3.949,-28.048],[-32.724,-26.177],[-48.745,-10.923],[-57.146,-38.246],[-63.115,-44.969],[-55.156,16.711],[-2.705,45.672],[55.156,16.711]]}}},{"ty":"fl","nm":"F","c":{"a":0,"k":[0.114,0.012,0]},"r":1,"o":{"a":0,"k":100}},{"ty":"tr","a":{"a":0,"k":[0,0]},"s":{"a":0,"k":[100,100]},"sk":{"a":0,"k":0},"p":{"a":0,"k":[264.041,207.942]},"r":{"a":0,"k":0},"sa":{"a":0,"k":0},"o":{"a":0,"k":100}}]},{"ty":"gr","nm":"G","it":[{"ty":"sh","nm":"P","d":1,"ks":{"a":0,"k":{"c":true,"i":[[-0.425,-2.238],[4.03,0.764],[0.424,2.238],[-4.029,-0.762]],"o":[[0.765,4.029],[-2.238,-0.424],[-0.763,-4.029],[2.238,0.424]],"v":[[5.612,-1.122],[-1.121,5.612],[-5.613,1.119],[1.118,-5.614]]}}},{"ty":"fl","nm":"F","c":{"a":0,"k":[0.114,0.012,0]},"r":1,"o":{"a":0,"k":100}},{"ty":"tr","a":{"a":0,"k":[0,0]},"s":{"a":1,"k":[{"o":{"x":0.333,"y":0},"i":{"x":0.667,"y":1},"s":[100,100],"t":21},{"o":{"x":0.333,"y":0},"i":{"x":0.667,"y":1},"s":[100,0],"t":24},{"o":{"x":0.333,"y":0},"i":{"x":0.667,"y":1},"s":[100,100],"t":27},{"o":{"x":0.333,"y":0},"i":{"x":0.667,"y":1},"s":[100,100],"t":30},{"o":{"x":0.333,"y":0},"i":{"x":0.667,"y":1},"s":[100,0],"t":33},{"o":{"x":0.167,"y":0},"i":{"x":0.833,"y":1},"s":[100,100],"t":36},{"o":{"x":0.333,"y":0},"i":{"x":0.667,"y":1},"s":[100,100],"t":75},{"o":{"x":0.333,"y":0},"i":{"x":0.667,"y":1},"s":[100,0],"t":78},{"o":{"x":0.333,"y":0},"i":{"x":0.667,"y":1},"s":[100,100],"t":81},{"o":{"x":0.333,"y":0},"i":{"x":0.667,"y":1},"s":[100,100],"t":84},{"o":{"x":0.333,"y":0},"i":{"x":0.667,"y":1},"s":[100,0],"t":87},{"s":[100,100],"t":90}]},"sk":{"a":0,"k":0},"p":{"a":0,"k":[290.061,151.56]},"r":{"a":0,"k":0},"sa":{"a":0,"k":0},"o":{"a":0,"k":100}}]},{"ty":"gr","nm":"G","it":[{"ty":"sh","nm":"P","d":1,"ks":{"a":0,"k":{"c":true,"i":[[-0.425,-2.238],[4.03,0.764],[0.424,2.238],[-4.029,-0.762]],"o":[[0.765,4.029],[-2.238,-0.424],[-0.763,-4.029],[2.238,0.424]],"v":[[5.612,-1.122],[-1.121,5.612],[-5.613,1.119],[1.117,-5.614]]}}},{"ty":"fl","nm":"F","c":{"a":0,"k":[0.114,0.012,0]},"r":1,"o":{"a":0,"k":100}},{"ty":"tr","a":{"a":0,"k":[0,0]},"s":{"a":1,"k":[{"o":{"x":0.333,"y":0},"i":{"x":0.667,"y":1},"s":[100,100],"t":21},{"o":{"x":0.333,"y":0},"i":{"x":0.667,"y":1},"s":[100,0],"t":24},{"o":{"x":0.333,"y":0},"i":{"x":0.667,"y":1},"s":[100,100],"t":27},{"o":{"x":0.333,"y":0},"i":{"x":0.667,"y":1},"s":[100,100],"t":30},{"o":{"x":0.333,"y":0},"i":{"x":0.667,"y":1},"s":[100,0],"t":33},{"o":{"x":0.167,"y":0},"i":{"x":0.833,"y":1},"s":[100,100],"t":36},{"o":{"x":0.333,"y":0},"i":{"x":0.667,"y":1},"s":[100,100],"t":75},{"o":{"x":0.333,"y":0},"i":{"x":0.667,"y":1},"s":[100,0],"t":78},{"o":{"x":0.333,"y":0},"i":{"x":0.667,"y":1},"s":[100,100],"t":81},{"o":{"x":0.333,"y":0},"i":{"x":0.667,"y":1},"s":[100,100],"t":84},{"o":{"x":0.333,"y":0},"i":{"x":0.667,"y":1},"s":[100,0],"t":87},{"s":[100,100],"t":90}]},"sk":{"a":0,"k":0},"p":{"a":0,"k":[233.952,151.56]},"r":{"a":0,"k":0},"sa":{"a":0,"k":0},"o":{"a":0,"k":100}}]},{"ty":"gr","nm":"G","it":[{"ty":"sh","nm":"P","d":1,"ks":{"a":0,"k":{"c":true,"i":[[0,0],[3.784,-16.631],[15.012,-9.226],[0,0],[16.224,9.247],[3.603,17.434],[0,0],[-70.667,-0.972]],"o":[[0.137,27.123],[-3.705,16.283],[0,0],[-15.883,9.761],[-16.362,-9.325],[-6.555,-31.711],[0,0],[70.666,0.973]],"v":[[69.568,-21.588],[62.165,45.593],[32.852,82.521],[30.117,84.2],[-22.573,85.044],[-54.024,45.938],[-61.455,-20.924],[0,-93.318]]}}},{"ty":"fl","nm":"F","c":{"a":0,"k":[0.859,0.494,0.408]},"r":1,"o":{"a":0,"k":100}},{"ty":"tr","a":{"a":0,"k":[0,0]},"s":{"a":0,"k":[100,100]},"sk":{"a":0,"k":0},"p":{"a":0,"k":[260.379,159.877]},"r":{"a":0,"k":0},"sa":{"a":0,"k":0},"o":{"a":0,"k":100}}]},{"ty":"gr","nm":"G","it":[{"ty":"sh","nm":"P","d":1,"ks":{"a":0,"k":{"c":false,"i":[[0,0],[8.621,-16.827]],"o":[[0,0],[0,0]],"v":[[9.145,-4.038],[-9.145,8.414]]}}},{"ty":"st","nm":"S","lc":2,"lj":2,"ml":1,"o":{"a":0,"k":100},"w":{"a":0,"k":2.914},"c":{"a":0,"k":[0.749,0.318,0.235]}},{"ty":"tr","a":{"a":0,"k":[0,0]},"s":{"a":0,"k":[100,100]},"sk":{"a":0,"k":0},"p":{"a":0,"k":[337.326,180.343]},"r":{"a":0,"k":0},"sa":{"a":0,"k":0},"o":{"a":0,"k":100}}]},{"ty":"gr","nm":"G","it":[{"ty":"sh","nm":"P","d":1,"ks":{"a":0,"k":{"c":true,"i":[[0,-13.252],[-13.252,0],[0,13.252],[13.253,0]],"o":[[0,13.252],[13.253,0],[0,-13.252],[-13.252,0]],"v":[[-23.995,0],[0,23.995],[23.995,0],[0,-23.995]]}}},{"ty":"fl","nm":"F","c":{"a":0,"k":[0.859,0.494,0.408]},"r":1,"o":{"a":0,"k":100}},{"ty":"tr","a":{"a":0,"k":[0,0]},"s":{"a":0,"k":[100,100]},"sk":{"a":0,"k":0},"p":{"a":0,"k":[332.95,180.061]},"r":{"a":0,"k":0},"sa":{"a":0,"k":0},"o":{"a":0,"k":100}}]},{"ty":"gr","nm":"G","it":[{"ty":"sh","nm":"P","d":1,"ks":{"a":0,"k":{"c":false,"i":[[0,0],[-9.093,-16.577]],"o":[[0,0],[0,0]],"v":[[-9.317,-3.641],[9.317,8.288]]}}},{"ty":"st","nm":"S","lc":2,"lj":2,"ml":1,"o":{"a":0,"k":100},"w":{"a":0,"k":2.914},"c":{"a":0,"k":[0.749,0.318,0.235]}},{"ty":"tr","a":{"a":0,"k":[0,0]},"s":{"a":0,"k":[100,100]},"sk":{"a":0,"k":0},"p":{"a":0,"k":[193.055,180.329]},"r":{"a":0,"k":0},"sa":{"a":0,"k":0},"o":{"a":0,"k":100}}]},{"ty":"gr","nm":"G","it":[{"ty":"sh","nm":"P","d":1,"ks":{"a":0,"k":{"c":true,"i":[[-0.375,-13.247],[13.247,-0.375],[0.375,13.247],[-13.247,0.375]],"o":[[0.374,13.247],[-13.247,0.374],[-0.374,-13.247],[13.247,-0.374]],"v":[[23.986,-0.678],[0.678,23.986],[-23.986,0.678],[-0.678,-23.986]]}}},{"ty":"fl","nm":"F","c":{"a":0,"k":[0.859,0.494,0.408]},"r":1,"o":{"a":0,"k":100}},{"ty":"tr","a":{"a":0,"k":[0,0]},"s":{"a":0,"k":[100,100]},"sk":{"a":0,"k":0},"p":{"a":0,"k":[197.361,180.061]},"r":{"a":0,"k":0},"sa":{"a":0,"k":0},"o":{"a":0,"k":100}}]},{"ty":"gr","nm":"G","it":[{"ty":"sh","nm":"P","d":1,"ks":{"a":0,"k":{"c":true,"i":[[0,0],[0,0],[11.843,-2.263],[0.147,0.083],[0,0],[0,0],[0,0],[-59.109,1.891],[0,0]],"o":[[0,0],[0,0],[-11.844,2.263],[-0.146,-0.083],[0,0],[0,0],[0,0],[60.606,-1.939],[0,0]],"v":[[36.4,4.176],[30.403,-69.842],[5.56,-58.406],[-17.945,-63.101],[-31.777,-71.057],[-37.441,4.825],[-56.889,35.218],[-0.748,69.165],[46.927,31.932]]}}},{"ty":"fl","nm":"F","c":{"a":0,"k":[0.859,0.494,0.408]},"r":1,"o":{"a":0,"k":100}},{"ty":"tr","a":{"a":0,"k":[0,0]},"s":{"a":0,"k":[100,100]},"sk":{"a":0,"k":0},"p":{"a":0,"k":[264.789,262.428]},"r":{"a":0,"k":0},"sa":{"a":0,"k":0},"o":{"a":0,"k":100}}]},{"ty":"tr","a":{"a":0,"k":[284.955,633.786]},"s":{"a":1,"k":[{"o":{"x":0.333,"y":0},"i":{"x":0,"y":1},"s":[0,0],"t":0},{"o":{"x":0.297,"y":0},"i":{"x":0.667,"y":1},"s":[100,100],"t":30},{"o":{"x":1,"y":0},"i":{"x":0.667,"y":1},"s":[100,100],"t":90},{"s":[0,0],"t":120}]},"sk":{"a":0,"k":0},"p":{"a":1,"k":[{"o":{"x":0.333,"y":0},"i":{"x":0,"y":1},"s":[271.428,672.786],"t":0,"ti":[0,0],"to":[0,-10.167]},{"o":{"x":0.167,"y":0.167},"i":{"x":0.833,"y":0.833},"s":[271.428,611.786],"t":30,"ti":[0,0],"to":[0,0]},{"h":1,"o":{"x":0.167,"y":0.167},"i":{"x":0.833,"y":0.833},"s":[271.428,611.786],"t":31},{"h":1,"o":{"x":0.167,"y":0.167},"i":{"x":0.833,"y":0.833},"s":[271.428,611.786],"t":89},{"o":{"x":1,"y":0},"i":{"x":0.667,"y":1},"s":[271.428,611.786],"t":90,"ti":[0,-10.167],"to":[0,10.167]},{"s":[271.428,672.786],"t":120}]},"r":{"a":0,"k":0},"sa":{"a":0,"k":0},"o":{"a":0,"k":100}}]}],"ind":2},{"ty":4,"nm":"T","sr":1,"st":10,"op":121,"ip":0,"hasMask":false,"ao":0,"ks":{"a":{"a":0,"k":[660.503,60.801,0]},"s":{"a":0,"k":[100,100,100]},"sk":{"a":0,"k":0},"p":{"a":0,"k":[697.52,300.064,0]},"r":{"a":0,"k":0},"sa":{"a":0,"k":0},"o":{"a":0,"k":100}},"ef":[],"shapes":[{"ty":"gr","nm":"G","it":[{"ty":"gr","nm":"?","it":[{"ty":"gr","nm":"E","it":[{"ty":"el","nm":"E","d":1,"p":{"a":0,"k":[0,0]},"s":{"a":0,"k":[19,19]}},{"ty":"fl","nm":"F","c":{"a":0,"k":[0.98,0.741,0.078]},"r":1,"o":{"a":0,"k":100}},{"ty":"tr","a":{"a":0,"k":[0,0]},"s":{"a":1,"k":[{"o":{"x":1,"y":0},"i":{"x":0.667,"y":1},"s":[0,0],"t":30},{"o":{"x":0.333,"y":0},"i":{"x":0.667,"y":1},"s":[164.56,164.56],"t":60},{"o":{"x":1,"y":0},"i":{"x":0.667,"y":1},"s":[164.56,164.56],"t":105},{"s":[0,0],"t":120}]},"sk":{"a":0,"k":0},"p":{"a":0,"k":[46,15.75]},"r":{"a":0,"k":0},"sa":{"a":0,"k":0},"o":{"a":0,"k":100}}]},{"ty":"gr","nm":"?","it":[{"ty":"sh","nm":"?","d":1,"ks":{"a":0,"k":{"c":false,"i":[[0,0],[-0.201,0.403],[0,0],[0,12.085],[23.163,0],[0,-23.767]],"o":[[0,-23.364],[0,0],[7.654,-7.855],[0,-23.767],[-23.163,0],[0,0]],"v":[[45.117,-23.364],[55.792,-54.181],[71.503,-69.891],[83.789,-100.708],[41.895,-144.012],[0,-100.708]]}}},{"ty":"st","nm":"S","lc":2,"lj":2,"ml":1,"o":{"a":0,"k":100},"w":{"a":0,"k":30},"c":{"a":0,"k":[0.98,0.741,0.078]}},{"ty":"tm","nm":"T","e":{"a":1,"k":[{"o":{"x":0.333,"y":0},"i":{"x":0,"y":1},"s":[0],"t":30},{"s":[100],"t":60}]},"o":{"a":0,"k":0},"s":{"a":1,"k":[{"o":{"x":0.333,"y":0},"i":{"x":0,"y":1},"s":[0],"t":90},{"s":[100],"t":120}]},"m":1},{"ty":"tr","a":{"a":0,"k":[43.456,-24.026]},"s":{"a":1,"k":[{"o":{"x":0.333,"y":0},"i":{"x":0,"y":1},"s":[100,100],"t":105},{"s":[0,0],"t":115}]},"sk":{"a":0,"k":0},"p":{"a":0,"k":[43.456,-24.026]},"r":{"a":0,"k":0},"sa":{"a":0,"k":0},"o":{"a":0,"k":100}}]},{"ty":"tr","a":{"a":0,"k":[46.895,-87.315]},"s":{"a":0,"k":[50.698,50.698]},"sk":{"a":0,"k":0},"p":{"a":0,"k":[629.635,-6.646]},"r":{"a":0,"k":0},"sa":{"a":0,"k":0},"o":{"a":0,"k":100}}]},{"ty":"gr","nm":"G","it":[{"ty":"sh","nm":"P","d":1,"ks":{"a":0,"k":{"c":true,"i":[[1.805,-3.094],[0,0],[-3.622,0],[0,0],[1.846,3.128],[0,0]],"o":[[0,0],[-1.825,3.128],[0,0],[3.632,0],[0,0],[-1.821,-3.085]],"v":[[-4.182,-20.524],[-25.827,16.572],[-21.774,23.629],[21.766,23.629],[25.806,16.552],[3.911,-20.544]]}}},{"ty":"tm","nm":"T","e":{"a":1,"k":[{"o":{"x":0.333,"y":0},"i":{"x":0,"y":1},"s":[0],"t":20},{"s":[100],"t":40}]},"o":{"a":1,"k":[{"o":{"x":0.333,"y":0},"i":{"x":0,"y":1},"s":[0],"t":20},{"s":[342],"t":40}]},"s":{"a":1,"k":[{"o":{"x":1,"y":0},"i":{"x":0.667,"y":1},"s":[0],"t":20},{"s":[100],"t":40}]},"m":1},{"ty":"st","nm":"S","lc":2,"lj":2,"ml":1,"o":{"a":0,"k":100},"w":{"a":0,"k":6},"c":{"a":0,"k":[0.98,0.741,0.078]}},{"ty":"tr","a":{"a":0,"k":[0,0]},"s":{"a":0,"k":[201.732,201.732]},"sk":{"a":0,"k":0},"p":{"a":0,"k":[630.001,4.431]},"r":{"a":0,"k":0},"sa":{"a":0,"k":0},"o":{"a":0,"k":100}}]},{"ty":"gr","nm":"G","it":[{"ty":"sh","nm":"P","d":1,"ks":{"a":0,"k":{"c":true,"i":[[0,0],[0,0],[0,15.1],[44.559,0],[0,-44.559],[-44.559,0],[-13.738,10.843]],"o":[[0,0],[7.22,-12.086],[0,-44.559],[-44.559,0],[0,44.558],[18.86,0],[0,0]],"v":[[85.532,82.382],[64.451,39.61],[75.83,-1.701],[-4.851,-82.382],[-85.532,-1.701],[-4.851,78.979],[45.081,61.647]]}}},{"ty":"fl","nm":"F","c":{"a":0,"k":[0.145,0.012,0.075]},"r":1,"o":{"a":0,"k":100}},{"ty":"tr","a":{"a":0,"k":[0,0]},"s":{"a":0,"k":[100,100]},"sk":{"a":0,"k":0},"p":{"a":0,"k":[627.098,16.196]},"r":{"a":0,"k":86.33},"sa":{"a":0,"k":0},"o":{"a":0,"k":100}}]},{"ty":"tr","a":{"a":0,"k":[552.503,134.301]},"s":{"a":1,"k":[{"o":{"x":0.333,"y":0},"i":{"x":0,"y":1},"s":[0,0],"t":10},{"o":{"x":0.167,"y":0},"i":{"x":0,"y":1},"s":[100,100],"t":45},{"o":{"x":0.333,"y":0},"i":{"x":0,"y":1},"s":[100,100],"t":90},{"s":[0,0],"t":120}]},"sk":{"a":0,"k":0},"p":{"a":1,"k":[{"o":{"x":0.333,"y":0},"i":{"x":0,"y":1},"s":[497.858,137.891],"t":10,"ti":[0,0],"to":[9.833,0]},{"o":{"x":0.167,"y":0.167},"i":{"x":0.833,"y":0.833},"s":[556.858,137.891],"t":45,"ti":[0,0],"to":[0,0]},{"h":1,"o":{"x":0.167,"y":0.167},"i":{"x":0.833,"y":0.833},"s":[556.858,137.891],"t":46},{"h":1,"o":{"x":0.167,"y":0.167},"i":{"x":0.833,"y":0.833},"s":[556.858,137.891],"t":89},{"o":{"x":0.333,"y":0},"i":{"x":0,"y":1},"s":[556.858,137.891],"t":90,"ti":[9.833,0],"to":[-9.833,0]},{"s":[463.858,293.891],"t":120}]},"r":{"a":0,"k":0},"sa":{"a":0,"k":0},"o":{"a":0,"k":100}}]}],"ind":3},{"ty":4,"nm":"B","sr":1,"st":0,"op":121,"ip":0,"hasMask":false,"ao":0,"ks":{"a":{"a":0,"k":[44,-65,0]},"s":{"a":0,"k":[100,100,100]},"sk":{"a":0,"k":0},"p":{"a":0,"k":[503,504,0]},"r":{"a":0,"k":0},"sa":{"a":0,"k":0},"o":{"a":0,"k":100}},"ef":[],"shapes":[{"ty":"gr","nm":"E","it":[{"ty":"el","nm":"E","d":1,"p":{"a":0,"k":[0,0]},"s":{"a":1,"k":[{"o":{"x":0.333,"y":0},"i":{"x":0,"y":1},"s":[0,0],"t":0},{"o":{"x":0.297,"y":0},"i":{"x":0.667,"y":1},"s":[500,500],"t":30},{"o":{"x":1,"y":0},"i":{"x":0.667,"y":1},"s":[500,500],"t":90},{"s":[0,0],"t":120}]}},{"ty":"fl","nm":"F","c":{"a":0,"k":[0,0,0]},"r":1,"o":{"a":0,"k":100}},{"ty":"tr","a":{"a":0,"k":[0,0]},"s":{"a":0,"k":[100,100]},"sk":{"a":0,"k":0},"p":{"a":0,"k":[44,-65]},"r":{"a":0,"k":0},"sa":{"a":0,"k":0},"o":{"a":0,"k":100}}]}],"ind":4}],"v":"4.8.0","fr":30,"op":121,"ip":0,"assets":[]}